district,market,commodity,modal_price,arrivals,arrival_date
Bangalore,"Binny Mill (F&V), Bangalore APMC",Tomato,4300,36.3,2026-01-01
Bangalore,Doddaballa Pur APMC,Tomato,4000,2,2026-01-01
Bangalore,Ramanagara APMC,Tomato,4800,4.8,2026-01-01
Chamrajnagar,Chamaraj Nagar APMC,Tomato,3750,5.5,2026-01-01
Chamrajnagar,Gundlupet APMC,Tomato,4200,2.2,2026-01-01
Davangere,Davangere APMC,Tomato,2100,4.5,2026-01-01
Haveri,Ranebennur APMC,Tomato,2300,0.5,2026-01-01
Kalburgi,Kalburgi APMC,Tomato,750,8,2026-01-01
Kolar,Bangarpet APMC,Tomato,1500,2.1,2026-01-01
Kolar,Chintamani APMC,Tomato,2000,62.7,2026-01-01
Kolar,Gowribidanoor APMC,Tomato,4500,0.8,2026-01-01
Kolar,Srinivasapur APMC,Tomato,3000,59.6,2026-01-01
Mysore,Mysore (Bandipalya) APMC,Tomato,3900,7.5,2026-01-01
Mysore,Nanjangud APMC,Tomato,3333,4,2026-01-01
Bangalore,Bangalore APMC,Onion,500,761.6,2026-01-01
Bangalore,Bangalore APMC,Onion,1200,507.7,2026-01-01
Bangalore,Bangalore APMC,Onion,1700,761.7,2026-01-01
Bangalore,Bangalore APMC,Onion,1400,507.7,2026-01-01
Bangalore,Doddaballa Pur APMC,Onion,2400,2,2026-01-01
Bijapur,Bijapur APMC,Onion,1600,443.2,2026-01-01
Davangere,Davangere APMC,Onion,1700,460,2026-01-01
Dharwad,Hubli (Amaragol) APMC,Onion,1200,40,2026-01-01
Dharwad,Hubli (Amaragol) APMC,Onion,1600,270,2026-01-01
Kolar,Bangarpet APMC,Onion,2300,0.7,2026-01-01
Kolar,Gowribidanoor APMC,Onion,2500,0.3,2026-01-01
Raichur,Raichur APMC,Onion,1275,43.8,2026-01-01
Bangalore,Bangalore APMC,Potato,2200,205.7,2026-01-01
Bangalore,Bangalore APMC,Potato,1800,617,2026-01-01
Bangalore,Doddaballa Pur APMC,Potato,2200,2,2026-01-01
Davangere,Davangere APMC,Potato,2100,4.5,2026-01-01
Dharwad,Hubli (Amaragol) APMC,Potato,1100,120,2026-01-01
Kalburgi,Kalburgi APMC,Potato,1200,25,2026-01-01
Kolar,Bangarpet APMC,Potato,2000,0.4,2026-01-01
Kolar,Gowribidanoor APMC,Potato,2500,0.4,2026-01-01
Bangalore,"Binny Mill (F&V), Bangalore APMC",Tomato,4700,32.2,2026-01-02
Bangalore,Ramanagara APMC,Tomato,4600,6.4,2026-01-02
Chamrajnagar,Chamaraj Nagar APMC,Tomato,3300,5,2026-01-02
Chamrajnagar,Gundlupet APMC,Tomato,4000,3.7,2026-01-02
Chikmagalur,Chikkamagalore APMC,Tomato,3691,7,2026-01-02
Davangere,Davangere APMC,Tomato,2500,4,2026-01-02
Haveri,Ranebennur APMC,Tomato,2200,0.5,2026-01-02
Kalburgi,Kalburgi APMC,Tomato,750,7,2026-01-02
Kolar,Bhagepalli APMC,Tomato,5000,1.6,2026-01-02
Kolar,Kolar APMC,Tomato,2330,836,2026-01-02
Kolar,Srinivasapur APMC,Tomato,2000,35.9,2026-01-02
Tumkur,Tumkur APMC,Tomato,3800,6,2026-01-02
Bangalore,Bangalore APMC,Onion,500,772.4,2026-01-02
Bangalore,Bangalore APMC,Onion,1200,515,2026-01-02
Bangalore,Bangalore APMC,Onion,1700,772.5,2026-01-02
Bangalore,Bangalore APMC,Onion,1400,515,2026-01-02
Bijapur,Bijapur APMC,Onion,1178,96.2,2026-01-02
Chikmagalur,Chikkamagalore APMC,Onion,2537,4.6,2026-01-02
Davangere,Davangere APMC,Onion,1800,420,2026-01-02
Dharwad,Hubli (Amaragol) APMC,Onion,1500,35,2026-01-02
Dharwad,Hubli (Amaragol) APMC,Onion,1800,260,2026-01-02
Kolar,Bangarpet APMC,Onion,2000,0.5,2026-01-02
Raichur,Raichur APMC,Onion,1300,19.6,2026-01-02
Tumkur,Tumkur APMC,Onion,3100,4,2026-01-02
Bangalore,Bangalore APMC,Potato,2200,189.7,2026-01-02
Bangalore,Bangalore APMC,Potato,1800,569.1,2026-01-02
Chikmagalur,Chikkamagalore APMC,Potato,1833,8.8,2026-01-02
Davangere,Davangere APMC,Potato,2000,4,2026-01-02
Dharwad,Hubli (Amaragol) APMC,Potato,1100,260,2026-01-02
Kalburgi,Kalburgi APMC,Potato,1200,25,2026-01-02
Kolar,Bangarpet APMC,Potato,2300,0.5,2026-01-02
Bangalore,Doddaballa Pur APMC,Tomato,4000,1,2026-01-03
Bangalore,Ramanagara APMC,Tomato,4500,7.2,2026-01-03
Bellary,Hospet APMC,Tomato,1800,13,2026-01-03
Chamrajnagar,Chamaraj Nagar APMC,Tomato,2750,4,2026-01-03
Chamrajnagar,Gundlupet APMC,Tomato,4000,5.4,2026-01-03
Chikmagalur,Chikkamagalore APMC,Tomato,3820,4.8,2026-01-03
Davangere,Davangere APMC,Tomato,2700,4,2026-01-03
Haveri,Ranebennur APMC,Tomato,2500,0.5,2026-01-03
Kalburgi,Kalburgi APMC,Tomato,750,6,2026-01-03
Kolar,Bangarpet APMC,Tomato,1500,2,2026-01-03
Kolar,Bhagepalli APMC,Tomato,4769,1.3,2026-01-03
Kolar,Gowribidanoor APMC,Tomato,4500,0.8,2026-01-03
Kolar,Kolar APMC,Tomato,2000,915.4,2026-01-03
Bagalkot,Bagalakot APMC,Onion,1300,136.9,2026-01-03
Bangalore,Bangalore APMC,Onion,500,748.4,2026-01-03
Bangalore,Bangalore APMC,Onion,1200,498.9,2026-01-03
Bangalore,Bangalore APMC,Onion,1700,748.4,2026-01-03
Bangalore,Bangalore APMC,Onion,1400,499,2026-01-03
Bangalore,Doddaballa Pur APMC,Onion,2500,1.8,2026-01-03
Belgaum,Belgaum APMC,Onion,2000,810.5,2026-01-03
Bellary,Hospet APMC,Onion,1600,12.5,2026-01-03
Chikmagalur,Chikkamagalore APMC,Onion,2564,3.9,2026-01-03
Davangere,Davangere APMC,Onion,1700,345,2026-01-03
Dharwad,Hubli (Amaragol) APMC,Onion,1400,60,2026-01-03
Dharwad,Hubli (Amaragol) APMC,Onion,1700,225,2026-01-03
Kalburgi,Kalburgi APMC,Onion,1000,152.5,2026-01-03
Kolar,Bangarpet APMC,Onion,2000,0.4,2026-01-03
Kolar,Gowribidanoor APMC,Onion,2500,0.3,2026-01-03
Raichur,Raichur APMC,Onion,1560,10.9,2026-01-03
Bangalore,Bangalore APMC,Potato,2200,310.1,2026-01-03
Bangalore,Bangalore APMC,Potato,1800,930.3,2026-01-03
Bangalore,Doddaballa Pur APMC,Potato,2200,1,2026-01-03
Belgaum,Belgaum APMC,Potato,1200,307.8,2026-01-03
Bellary,Hospet APMC,Potato,1400,8.5,2026-01-03
Chikmagalur,Chikkamagalore APMC,Potato,2000,7.5,2026-01-03
Davangere,Davangere APMC,Potato,1900,4,2026-01-03
Dharwad,Hubli (Amaragol) APMC,Potato,1200,175,2026-01-03
Hassan,Arasikere APMC,Potato,1500,8.1,2026-01-03
Kalburgi,Kalburgi APMC,Potato,1200,25,2026-01-03
Kolar,Bangarpet APMC,Potato,2000,0.7,2026-01-03
Kolar,Gowribidanoor APMC,Potato,2500,0.3,2026-01-03
Mysore,Nanjangud APMC,Potato,2777,6.1,2026-01-03
Bangalore,Ramanagara APMC,Tomato,3500,8,2026-01-04
Bellary,Hospet APMC,Tomato,2000,4.7,2026-01-04
Haveri,Ranebennur APMC,Tomato,2600,0.5,2026-01-04
Bellary,Hospet APMC,Onion,2000,3.5,2026-01-04
Bellary,Hospet APMC,Potato,1200,19,2026-01-04
Bangalore,Doddaballa Pur APMC,Tomato,3500,2,2026-01-05
Bangalore,Ramanagara APMC,Tomato,3000,7.4,2026-01-05
Bellary,Hospet APMC,Tomato,2000,5.6,2026-01-05
Chamrajnagar,Chamaraj Nagar APMC,Tomato,2300,4,2026-01-05
Chamrajnagar,Gundlupet APMC,Tomato,3600,4.6,2026-01-05
Haveri,Ranebennur APMC,Tomato,2500,0.4,2026-01-05
Kalburgi,Kalburgi APMC,Tomato,1100,5,2026-01-05
Kolar,Bangarpet APMC,Tomato,1500,3,2026-01-05
Kolar,Chintamani APMC,Tomato,2000,61.7,2026-01-05
Kolar,Gowribidanoor APMC,Tomato,4500,0.6,2026-01-05
Kolar,Mulabagilu APMC,Tomato,1666,159,2026-01-05
Bangalore,Bangalore APMC,Onion,500,805.2,2026-01-05
Bangalore,Bangalore APMC,Onion,1200,536.8,2026-01-05
Bangalore,Bangalore APMC,Onion,1700,805.2,2026-01-05
Bangalore,Bangalore APMC,Onion,1400,536.8,2026-01-05
Bangalore,Doddaballa Pur APMC,Onion,2200,2,2026-01-05
Bellary,Hospet APMC,Onion,1600,7.4,2026-01-05
Bijapur,Bijapur APMC,Onion,1300,296.3,2026-01-05
Davangere,Davangere APMC,Onion,1700,435,2026-01-05
Dharwad,Hubli (Amaragol) APMC,Onion,1000,50,2026-01-05
Dharwad,Hubli (Amaragol) APMC,Onion,1400,222.4,2026-01-05
Kolar,Bangarpet APMC,Onion,2000,0.8,2026-01-05
Raichur,Raichur APMC,Onion,1550,58.4,2026-01-05
Bangalore,Bangalore APMC,Potato,2200,337.7,2026-01-05
Bangalore,Bangalore APMC,Potato,1800,1050.9,2026-01-05
Bangalore,Doddaballa Pur APMC,Potato,2300,2,2026-01-05
Bellary,Hospet APMC,Potato,1300,7.3,2026-01-05
Dharwad,Hubli (Amaragol) APMC,Potato,1250,166,2026-01-05
Kalburgi,Kalburgi APMC,Potato,1150,20,2026-01-05
Kolar,Bangarpet APMC,Potato,2500,0.4,2026-01-05
Bangalore,"Binny Mill (F&V), Bangalore APMC",Tomato,4700,48,2026-01-06
Bangalore,Doddaballa Pur APMC,Tomato,3000,1.8,2026-01-06
Bangalore,Ramanagara APMC,Tomato,3000,6.8,2026-01-06
Chamrajnagar,Chamaraj Nagar APMC,Tomato,2750,4.5,2026-01-06
Chamrajnagar,Gundlupet APMC,Tomato,3400,7.8,2026-01-06
Chikmagalur,Chikkamagalore APMC,Tomato,2604,6.4,2026-01-06
Davangere,Davangere APMC,Tomato,2300,4.5,2026-01-06
Hassan,Arasikere APMC,Tomato,4233,15,2026-01-06
Haveri,Ranebennur APMC,Tomato,2200,0.3,2026-01-06
Kalburgi,Kalburgi APMC,Tomato,750,8,2026-01-06
Kolar,Bangarpet APMC,Tomato,1500,2.7,2026-01-06
Kolar,Bhagepalli APMC,Tomato,4307,1,2026-01-06
Kolar,Mulabagilu APMC,Tomato,1666,168.6,2026-01-06
Bagalkot,Bagalakot APMC,Onion,1400,114.3,2026-01-06
Bangalore,Bangalore APMC,Onion,500,1032.6,2026-01-06
Bangalore,Bangalore APMC,Onion,1200,688.4,2026-01-06
Bangalore,Bangalore APMC,Onion,1700,1032.6,2026-01-06
Bangalore,Bangalore APMC,Onion,1400,688.5,2026-01-06
Bangalore,Doddaballa Pur APMC,Onion,2300,2,2026-01-06
Bellary,Hospet APMC,Onion,1400,0.5,2026-01-06
Bijapur,Bijapur APMC,Onion,1108,123.3,2026-01-06
Chikmagalur,Chikkamagalore APMC,Onion,2565,1.3,2026-01-06
Dharwad,Hubli (Amaragol) APMC,Onion,1200,59.6,2026-01-06
Dharwad,Hubli (Amaragol) APMC,Onion,1600,241.3,2026-01-06
Kolar,Bangarpet APMC,Onion,1500,0.8,2026-01-06
Raichur,Raichur APMC,Onion,1570,42.3,2026-01-06
Tumkur,Tumkur APMC,Onion,2800,15,2026-01-06
Bangalore,Bangalore APMC,Potato,2200,212.6,2026-01-06
Bangalore,Bangalore APMC,Potato,1800,637.7,2026-01-06
Bangalore,Doddaballa Pur APMC,Potato,1900,2,2026-01-06
Bellary,Hospet APMC,Potato,1400,4.6,2026-01-06
Chikmagalur,Chikkamagalore APMC,Potato,1852,4.5,2026-01-06
Davangere,Davangere APMC,Potato,2000,4.5,2026-01-06
Dharwad,Hubli (Amaragol) APMC,Potato,1300,183.7,2026-01-06
Kalburgi,Kalburgi APMC,Potato,1200,25,2026-01-06
Kolar,Bangarpet APMC,Potato,1500,0.8,2026-01-06
Bangalore,"Binny Mill (F&V), Bangalore APMC",Tomato,3800,44.2,2026-01-07
Bangalore,Doddaballa Pur APMC,Tomato,3000,2,2026-01-07
Bangalore,Ramanagara APMC,Tomato,3000,6.8,2026-01-07
Chamrajnagar,Chamaraj Nagar APMC,Tomato,3300,5,2026-01-07
Chamrajnagar,Gundlupet APMC,Tomato,3400,7.9,2026-01-07
Davangere,Davangere APMC,Tomato,1400,4,2026-01-07
Haveri,Ranebennur APMC,Tomato,2300,0.4,2026-01-07
Kalburgi,Kalburgi APMC,Tomato,750,8,2026-01-07
Kolar,Bangarpet APMC,Tomato,1500,1.5,2026-01-07
Kolar,Bhagepalli APMC,Tomato,4307,1.1,2026-01-07
Kolar,Chintamani APMC,Tomato,2000,53.2,2026-01-07
Kolar,Gowribidanoor APMC,Tomato,4000,0.9,2026-01-07
Kolar,Mulabagilu APMC,Tomato,1666,138.7,2026-01-07
Mysore,Mysore (Bandipalya) APMC,Tomato,3100,8.2,2026-01-07
Mysore,Nanjangud APMC,Tomato,3333,4.5,2026-01-07
Bangalore,Bangalore APMC,Onion,500,755.7,2026-01-07
Bangalore,Bangalore APMC,Onion,1000,755.7,2026-01-07
Bangalore,Bangalore APMC,Onion,1500,755.7,2026-01-07
Bangalore,Bangalore APMC,Onion,1400,1511.4,2026-01-07
Bangalore,Doddaballa Pur APMC,Onion,2300,2,2026-01-07
Belgaum,Belgaum APMC,Onion,1800,1070.6,2026-01-07
Bijapur,Bijapur APMC,Onion,1216,140,2026-01-07
Davangere,Davangere APMC,Onion,1800,450,2026-01-07
Dharwad,Hubli (Amaragol) APMC,Onion,800,60,2026-01-07
Dharwad,Hubli (Amaragol) APMC,Onion,1400,225,2026-01-07
Hassan,Arasikere APMC,Onion,2000,4.5,2026-01-07
Kalburgi,Kalburgi APMC,Onion,1000,185,2026-01-07
Kolar,Bangarpet APMC,Onion,2000,0.8,2026-01-07
Kolar,Gowribidanoor APMC,Onion,2000,0.4,2026-01-07
Mysore,K.R.Nagar APMC,Onion,1000,20,2026-01-07
Raichur,Raichur APMC,Onion,1375,31,2026-01-07
Udupi,Udupi APMC,Onion,2000,31.5,2026-01-07
Bangalore,Bangalore APMC,Potato,2000,223.5,2026-01-07
Bangalore,Bangalore APMC,Potato,1800,893.9,2026-01-07
Bangalore,Doddaballa Pur APMC,Potato,1900,0.6,2026-01-07
Belgaum,Belgaum APMC,Potato,1500,271,2026-01-07
Davangere,Davangere APMC,Potato,1800,4,2026-01-07
Dharwad,Hubli (Amaragol) APMC,Potato,1600,120,2026-01-07
Kalburgi,Kalburgi APMC,Potato,1100,25,2026-01-07
Kolar,Bangarpet APMC,Potato,2500,0.9,2026-01-07
Kolar,Gowribidanoor APMC,Potato,2500,0.3,2026-01-07
Udupi,Udupi APMC,Potato,1600,28.5,2026-01-07
Bangalore,"Binny Mill (F&V), Bangalore APMC",Tomato,3800,42.7,2026-01-08
Bangalore,Doddaballa Pur APMC,Tomato,3000,2.7,2026-01-08
Bangalore,Ramanagara APMC,Tomato,2500,8.4,2026-01-08
Chamrajnagar,Chamaraj Nagar APMC,Tomato,3350,5,2026-01-08
Chamrajnagar,Gundlupet APMC,Tomato,3200,5.2,2026-01-08
Chikmagalur,Chikkamagalore APMC,Tomato,2564,6.5,2026-01-08
Davangere,Davangere APMC,Tomato,1200,4,2026-01-08
Haveri,Ranebennur APMC,Tomato,2500,0.4,2026-01-08
Kalburgi,Kalburgi APMC,Tomato,750,8,2026-01-08
Kolar,Bangarpet APMC,Tomato,2000,1.9,2026-01-08
Kolar,Bhagepalli APMC,Tomato,4000,1.2,2026-01-08
Kolar,Chintamani APMC,Tomato,1530,52.2,2026-01-08
Mysore,Mysore (Bandipalya) APMC,Tomato,2400,8.2,2026-01-08
Bangalore,Bangalore APMC,Onion,500,634,2026-01-08
Bangalore,Bangalore APMC,Onion,1000,634,2026-01-08
Bangalore,Bangalore APMC,Onion,1500,634,2026-01-08
Bangalore,Bangalore APMC,Onion,1400,1268.3,2026-01-08
Bangalore,Doddaballa Pur APMC,Onion,2300,1.7,2026-01-08
Bijapur,Bijapur APMC,Onion,1400,396.3,2026-01-08
Chikmagalur,Chikkamagalore APMC,Onion,1417,5.6,2026-01-08
Davangere,Davangere APMC,Onion,1800,446,2026-01-08
Dharwad,Hubli (Amaragol) APMC,Onion,700,12,2026-01-08
Dharwad,Hubli (Amaragol) APMC,Onion,1800,290,2026-01-08
Kolar,Bangarpet APMC,Onion,2000,0.8,2026-01-08
Raichur,Raichur APMC,Onion,1460,48.7,2026-01-08
Bangalore,Bangalore APMC,Potato,2000,304.6,2026-01-08
Bangalore,Bangalore APMC,Potato,1800,1218.6,2026-01-08
Bangalore,Doddaballa Pur APMC,Potato,2000,1.2,2026-01-08
Chikmagalur,Chikkamagalore APMC,Potato,1961,3.4,2026-01-08
Davangere,Davangere APMC,Potato,2000,3.5,2026-01-08
Dharwad,Hubli (Amaragol) APMC,Potato,1200,200,2026-01-08
Kalburgi,Kalburgi APMC,Potato,1100,25,2026-01-08
Kolar,Bangarpet APMC,Potato,2000,0.8,2026-01-08
Bangalore,"Binny Mill (F&V), Bangalore APMC",Tomato,2900,46.6,2026-01-09
Bangalore,Doddaballa Pur APMC,Tomato,3000,2,2026-01-09
Bangalore,Ramanagara APMC,Tomato,2000,8.4,2026-01-09
Chamrajnagar,Chamaraj Nagar APMC,Tomato,3500,4.5,2026-01-09
Chamrajnagar,Gundlupet APMC,Tomato,2500,8.6,2026-01-09
Chamrajnagar,Kollegal APMC,Tomato,4000,0.4,2026-01-09
Chikmagalur,Chikkamagalore APMC,Tomato,2473,9.1,2026-01-09
Davangere,Davangere APMC,Tomato,1500,3.5,2026-01-09
Kalburgi,Kalburgi APMC,Tomato,750,6,2026-01-09
Kolar,Chintamani APMC,Tomato,1130,58.8,2026-01-09
Kolar,Gowribidanoor APMC,Tomato,4500,1,2026-01-09
Mandya,K.R. Pet APMC,Tomato,2000,7.6,2026-01-09
Bangalore,Bangalore APMC,Onion,500,697.5,2026-01-09
Bangalore,Bangalore APMC,Onion,1000,697.5,2026-01-09
Bangalore,Bangalore APMC,Onion,1500,697.5,2026-01-09
Bangalore,Bangalore APMC,Onion,1400,1395.4,2026-01-09
Bangalore,Doddaballa Pur APMC,Onion,2300,2,2026-01-09
Bijapur,Bijapur APMC,Onion,969,154.8,2026-01-09
Davangere,Davangere APMC,Onion,1800,190,2026-01-09
Dharwad,Hubli (Amaragol) APMC,Onion,1600,216,2026-01-09
Dharwad,Hubli (Amaragol) APMC,Onion,1700,158,2026-01-09
Hassan,Arasikere APMC,Onion,1000,7.5,2026-01-09
Kolar,Bangarpet APMC,Onion,2000,0.4,2026-01-09
Kolar,Gowribidanoor APMC,Onion,2000,0.4,2026-01-09
Raichur,Raichur APMC,Onion,1400,44.2,2026-01-09
Bangalore,Bangalore APMC,Potato,2000,333,2026-01-09
Bangalore,Bangalore APMC,Potato,1800,1331.9,2026-01-09
Bangalore,Doddaballa Pur APMC,Potato,1800,2,2026-01-09
Chikmagalur,Chikkamagalore APMC,Potato,1812,13.8,2026-01-09
Davangere,Davangere APMC,Potato,2100,4,2026-01-09
Dharwad,Hubli (Amaragol) APMC,Potato,1300,187,2026-01-09
Kalburgi,Kalburgi APMC,Potato,1100,20,2026-01-09
Kolar,Bangarpet APMC,Potato,2722,30,2026-01-09
Kolar,Bangarpet APMC,Potato,2000,0.5,2026-01-09
Kolar,Gowribidanoor APMC,Potato,2500,0.3,2026-01-09
Bellary,Hospet APMC,Tomato,2000,4,2026-01-10
Chamrajnagar,Chamaraj Nagar APMC,Tomato,3700,4.5,2026-01-10
Haveri,Ranebennur APMC,Tomato,2500,0.6,2026-01-10
Kolar,Kolar APMC,Tomato,1400,780,2026-01-10
Belgaum,Belgaum APMC,Onion,1800,1170,2026-01-10
Bellary,Hospet APMC,Onion,1500,7,2026-01-10
Dharwad,Hubli (Amaragol) APMC,Onion,1400,250,2026-01-10
Dharwad,Hubli (Amaragol) APMC,Onion,1600,190,2026-01-10
Raichur,Raichur APMC,Onion,1260,40.3,2026-01-10
Belgaum,Belgaum APMC,Potato,1500,348.4,2026-01-10
Bellary,Hospet APMC,Potato,1400,4,2026-01-10
Dharwad,Hubli (Amaragol) APMC,Potato,1200,140,2026-01-10
Bangalore,Ramanagara APMC,Tomato,2000,9.2,2026-01-11
Haveri,Ranebennur APMC,Tomato,2500,0.6,2026-01-11
Mandya,K.R. Pet APMC,Tomato,2000,7.5,2026-01-11
Bangalore,"Binny Mill (F&V), Bangalore APMC",Tomato,3800,88.2,2026-01-12
Bangalore,Doddaballa Pur APMC,Tomato,3000,2,2026-01-12
Bangalore,Ramanagara APMC,Tomato,2500,7,2026-01-12
Chamrajnagar,Chamaraj Nagar APMC,Tomato,3200,5,2026-01-12
Chamrajnagar,Gundlupet APMC,Tomato,2200,26.6,2026-01-12
Chikmagalur,Chikkamagalore APMC,Tomato,2549,17,2026-01-12
Hassan,Arasikere APMC,Tomato,3000,28.4,2026-01-12
Haveri,Ranebennur APMC,Tomato,2400,0.3,2026-01-12
Kolar,Bangarpet APMC,Tomato,1300,3,2026-01-12
Kolar,Chickkaballapura APMC,Tomato,1770,22.7,2026-01-12
Kolar,Chintamani APMC,Tomato,1200,48.3,2026-01-12
Kolar,Gowribidanoor APMC,Tomato,3500,1.5,2026-01-12
Bangalore,Bangalore APMC,Onion,500,729.1,2026-01-12
Bangalore,Bangalore APMC,Onion,1000,729.1,2026-01-12
Bangalore,Bangalore APMC,Onion,1500,729.1,2026-01-12
Bangalore,Bangalore APMC,Onion,1400,1458.4,2026-01-12
Bangalore,Doddaballa Pur APMC,Onion,2300,2.1,2026-01-12
Bijapur,Bijapur APMC,Onion,1100,230.3,2026-01-12
Chikmagalur,Chikkamagalore APMC,Onion,2244,10.4,2026-01-12
Davangere,Davangere APMC,Onion,1500,200,2026-01-12
Dharwad,Hubli (Amaragol) APMC,Onion,1100,34.7,2026-01-12
Dharwad,Hubli (Amaragol) APMC,Onion,1500,309,2026-01-12
Kolar,Bangarpet APMC,Onion,2000,0.8,2026-01-12
Kolar,Gowribidanoor APMC,Onion,2300,0.4,2026-01-12
Raichur,Raichur APMC,Onion,1360,159.6,2026-01-12
Udupi,Udupi APMC,Onion,2000,28,2026-01-12
Bangalore,Bangalore APMC,Potato,2000,331.5,2026-01-12
Bangalore,Bangalore APMC,Potato,1800,1326.1,2026-01-12
Bangalore,Doddaballa Pur APMC,Potato,2000,1.8,2026-01-12
Chikmagalur,Chikkamagalore APMC,Potato,1955,8.1,2026-01-12
Dharwad,Hubli (Amaragol) APMC,Potato,1500,221.8,2026-01-12
Hassan,Arasikere APMC,Potato,2000,12,2026-01-12
Kalburgi,Kalburgi APMC,Potato,900,20,2026-01-12
Kolar,Bangarpet APMC,Potato,2000,1.2,2026-01-12
Kolar,Gowribidanoor APMC,Potato,2500,0.3,2026-01-12
Udupi,Udupi APMC,Potato,1600,8.2,2026-01-12
Bangalore,"Binny Mill (F&V), Bangalore APMC",Tomato,3800,42.5,2026-01-13
Bangalore,Ramanagara APMC,Tomato,2000,9,2026-01-13
Chamrajnagar,Chamaraj Nagar APMC,Tomato,3200,4.5,2026-01-13
Chamrajnagar,Gundlupet APMC,Tomato,2200,10.2,2026-01-13
Chikmagalur,Chikkamagalore APMC,Tomato,2451,3.4,2026-01-13
Davangere,Davangere APMC,Tomato,1300,4,2026-01-13
Haveri,Ranebennur APMC,Tomato,2500,0.4,2026-01-13
Kolar,Chintamani APMC,Tomato,1130,51.3,2026-01-13
Kolar,Kolar APMC,Tomato,1330,1050.7,2026-01-13
Mysore,Mysore (Bandipalya) APMC,Tomato,2100,5.4,2026-01-13
Bangalore,Bangalore APMC,Onion,500,268.7,2026-01-13
Bangalore,Bangalore APMC,Onion,1000,537.4,2026-01-13
Bangalore,Bangalore APMC,Onion,1500,537.4,2026-01-13
Bangalore,Bangalore APMC,Onion,1500,1343.5,2026-01-13
Davangere,Davangere APMC,Onion,1500,210,2026-01-13
Dharwad,Hubli (Amaragol) APMC,Onion,1100,15.7,2026-01-13
Dharwad,Hubli (Amaragol) APMC,Onion,1700,159.6,2026-01-13
Kolar,Bangarpet APMC,Onion,1500,0.8,2026-01-13
Raichur,Raichur APMC,Onion,1270,21.7,2026-01-13
Bangalore,Bangalore APMC,Potato,2500,161.4,2026-01-13
Bangalore,Bangalore APMC,Potato,1200,645.5,2026-01-13
Chikmagalur,Chikkamagalore APMC,Potato,1887,5.3,2026-01-13
Davangere,Davangere APMC,Potato,2000,4,2026-01-13
Dharwad,Hubli (Amaragol) APMC,Potato,1150,236.2,2026-01-13
Kalburgi,Kalburgi APMC,Potato,900,20,2026-01-13
Kolar,Bangarpet APMC,Potato,1500,0.6,2026-01-13
Kolar,Bhagepalli APMC,Potato,1700,0.2,2026-01-13
Kolar,Kolar APMC,Potato,2300,2,2026-01-13
Bangalore,"Binny Mill (F&V), Bangalore APMC",Tomato,3800,46.1,2026-01-14
Bangalore,Doddaballa Pur APMC,Tomato,2600,1.5,2026-01-14
Bangalore,Ramanagara APMC,Tomato,1600,12.4,2026-01-14
Bellary,Hospet APMC,Tomato,1200,3,2026-01-14
Chamrajnagar,Chamaraj Nagar APMC,Tomato,3750,4,2026-01-14
Chamrajnagar,Gundlupet APMC,Tomato,2200,10.4,2026-01-14
Chikmagalur,Chikkamagalore APMC,Tomato,2416,13.8,2026-01-14
Davangere,Davangere APMC,Tomato,1300,3,2026-01-14
Haveri,Ranebennur APMC,Tomato,2000,0.3,2026-01-14
Kolar,Bangarpet APMC,Tomato,1500,2,2026-01-14
Kolar,Chintamani APMC,Tomato,1130,51.7,2026-01-14
Kolar,Kolar APMC,Tomato,1330,842,2026-01-14
Mysore,Mysore (Bandipalya) APMC,Tomato,1900,6.8,2026-01-14
Bangalore,Bangalore APMC,Onion,500,113.8,2026-01-14
Bangalore,Bangalore APMC,Onion,1000,227.7,2026-01-14
Bangalore,Bangalore APMC,Onion,1500,227.7,2026-01-14
Bangalore,Bangalore APMC,Onion,1500,569.5,2026-01-14
Bangalore,Doddaballa Pur APMC,Onion,2300,2,2026-01-14
Bellary,Hospet APMC,Onion,1800,4.8,2026-01-14
Bijapur,Bijapur APMC,Onion,1030,142.6,2026-01-14
Chikmagalur,Chikkamagalore APMC,Onion,2110,7.9,2026-01-14
Davangere,Davangere APMC,Onion,1300,130,2026-01-14
Dharwad,Hubli (Amaragol) APMC,Onion,1100,15.7,2026-01-14
Dharwad,Hubli (Amaragol) APMC,Onion,1500,159.6,2026-01-14
Kolar,Bangarpet APMC,Onion,1500,0.8,2026-01-14
Bangalore,Bangalore APMC,Potato,2500,95.9,2026-01-14
Bangalore,Bangalore APMC,Potato,1200,383.6,2026-01-14
Bangalore,Doddaballa Pur APMC,Potato,1800,1.8,2026-01-14
Chikmagalur,Chikkamagalore APMC,Potato,1941,7.3,2026-01-14
Davangere,Davangere APMC,Potato,2200,3,2026-01-14
Dharwad,Hubli (Amaragol) APMC,Potato,1200,236.2,2026-01-14
Kolar,Bangarpet APMC,Potato,1000,800,2026-01-14
Kolar,Bangarpet APMC,Potato,2000,0.6,2026-01-14
Kolar,Malur APMC,Potato,2000,130.3,2026-01-14
Haveri,Ranebennur APMC,Tomato,2400,0.5,2026-01-15
Bangalore,"Binny Mill (F&V), Bangalore APMC",Tomato,3900,46.8,2026-01-16
Bangalore,Kanakapura APMC,Tomato,2000,1.1,2026-01-16
Bangalore,Ramanagara APMC,Tomato,1500,4,2026-01-16
Chamrajnagar,Chamaraj Nagar APMC,Tomato,3300,4.5,2026-01-16
Chamrajnagar,Gundlupet APMC,Tomato,2200,25.6,2026-01-16
Chikmagalur,Chikkamagalore APMC,Tomato,2273,15.4,2026-01-16
Davangere,Davangere APMC,Tomato,1600,3.3,2026-01-16
Haveri,Ranebennur APMC,Tomato,2200,0.3,2026-01-16
Kolar,Chintamani APMC,Tomato,2000,36.5,2026-01-16
Kolar,Mulabagilu APMC,Tomato,1333,47.2,2026-01-16
Mysore,Mysore (Bandipalya) APMC,Tomato,2100,8.2,2026-01-16
Bangalore,Bangalore APMC,Onion,500,245.5,2026-01-16
Bangalore,Bangalore APMC,Onion,1000,490.9,2026-01-16
Bangalore,Bangalore APMC,Onion,1500,490.9,2026-01-16
Bangalore,Bangalore APMC,Onion,1500,1227.2,2026-01-16
Bijapur,Bijapur APMC,Onion,1010,115.4,2026-01-16
Chikmagalur,Chikkamagalore APMC,Onion,2113,7.1,2026-01-16
Davangere,Davangere APMC,Onion,1700,180,2026-01-16
Dharwad,Hubli (Amaragol) APMC,Onion,800,6,2026-01-16
Dharwad,Hubli (Amaragol) APMC,Onion,1600,130,2026-01-16
Kolar,Bangarpet APMC,Onion,1500,0.7,2026-01-16
Raichur,Raichur APMC,Onion,1270,21.7,2026-01-16
Bangalore,Bangalore APMC,Potato,2500,238.3,2026-01-16
Bangalore,Bangalore APMC,Potato,1200,953.1,2026-01-16
Chikmagalur,Chikkamagalore APMC,Potato,1961,3.4,2026-01-16
Davangere,Davangere APMC,Potato,2200,2.5,2026-01-16
Dharwad,Hubli (Amaragol) APMC,Potato,1300,140,2026-01-16
Kalburgi,Kalburgi APMC,Potato,950,20,2026-01-16
Kolar,Bangarpet APMC,Potato,2000,0.3,2026-01-16
Bangalore,"Binny Mill (F&V), Bangalore APMC",Tomato,3900,38,2026-01-17
Bangalore,Channapatana APMC,Tomato,1500,4.1,2026-01-17
Bangalore,Doddaballa Pur APMC,Tomato,1600,1.8,2026-01-17
Bangalore,Ramanagara APMC,Tomato,2000,8.4,2026-01-17
Chamrajnagar,Chamaraj Nagar APMC,Tomato,2300,3.5,2026-01-17
Chamrajnagar,Gundlupet APMC,Tomato,2000,9,2026-01-17
Chikmagalur,Chikkamagalore APMC,Tomato,2381,9.1,2026-01-17
Haveri,Ranebennur APMC,Tomato,2600,0.4,2026-01-17
Kolar,Chintamani APMC,Tomato,1130,51.7,2026-01-17
Kolar,Gowribidanoor APMC,Tomato,3000,0.6,2026-01-17
Kolar,Mulabagilu APMC,Tomato,1200,212.2,2026-01-17
Bagalkot,Bagalakot APMC,Onion,1800,109,2026-01-17
Bangalore,Bangalore APMC,Onion,500,172.5,2026-01-17
Bangalore,Bangalore APMC,Onion,1000,344.8,2026-01-17
Bangalore,Bangalore APMC,Onion,1500,344.8,2026-01-17
Bangalore,Bangalore APMC,Onion,1500,862.1,2026-01-17
Bangalore,Doddaballa Pur APMC,Onion,2000,2,2026-01-17
Belgaum,Belgaum APMC,Onion,2000,717.8,2026-01-17
Chikmagalur,Chikkamagalore APMC,Onion,2381,2.8,2026-01-17
Davangere,Davangere APMC,Onion,1700,190,2026-01-17
Dharwad,Hubli (Amaragol) APMC,Onion,1100,27.5,2026-01-17
Dharwad,Hubli (Amaragol) APMC,Onion,1600,363.5,2026-01-17
Kalburgi,Kalburgi APMC,Onion,1250,100,2026-01-17
Kolar,Gowribidanoor APMC,Onion,2000,0.2,2026-01-17
Raichur,Raichur APMC,Onion,1305,89.9,2026-01-17
Udupi,Udupi APMC,Onion,1800,4.4,2026-01-17
Bangalore,Bangalore APMC,Potato,2500,130.5,2026-01-17
Bangalore,Bangalore APMC,Potato,1200,522,2026-01-17
Bangalore,Doddaballa Pur APMC,Potato,2000,2,2026-01-17
Belgaum,Belgaum APMC,Potato,1200,307.3,2026-01-17
Chikmagalur,Chikkamagalore APMC,Potato,1905,3.5,2026-01-17
Dharwad,Hubli (Amaragol) APMC,Potato,1300,115,2026-01-17
Hassan,Arasikere APMC,Potato,2800,1,2026-01-17
Kalburgi,Kalburgi APMC,Potato,1000,40,2026-01-17
Kolar,Bhagepalli APMC,Potato,1800,0.3,2026-01-17
Kolar,Gowribidanoor APMC,Potato,2500,0.2,2026-01-17
Udupi,Udupi APMC,Potato,1800,7,2026-01-17
Bangalore,Ramanagara APMC,Tomato,1500,9,2026-01-18
Haveri,Ranebennur APMC,Tomato,2400,0.6,2026-01-18
Bangalore,"Binny Mill (F&V), Bangalore APMC",Tomato,3900,49.8,2026-01-19
Bangalore,Kanakapura APMC,Tomato,1500,0.8,2026-01-19
Bangalore,Ramanagara APMC,Tomato,1500,8,2026-01-19
Chamrajnagar,Chamaraj Nagar APMC,Tomato,2750,4,2026-01-19
Chamrajnagar,Gundlupet APMC,Tomato,1800,13.7,2026-01-19
Chikmagalur,Chikkamagalore APMC,Tomato,2181,10.7,2026-01-19
Haveri,Ranebennur APMC,Tomato,2000,0.3,2026-01-19
Kalburgi,Kalburgi APMC,Tomato,1200,6,2026-01-19
Kolar,Bangarpet APMC,Tomato,1300,2,2026-01-19
Kolar,Bhagepalli APMC,Tomato,2000,1.1,2026-01-19
Kolar,Chintamani APMC,Tomato,1000,68.5,2026-01-19
Kolar,Gowribidanoor APMC,Tomato,4000,1,2026-01-19
Bangalore,Bangalore APMC,Onion,500,211.7,2026-01-19
Bangalore,Bangalore APMC,Onion,1000,423.6,2026-01-19
Bangalore,Bangalore APMC,Onion,1500,423.6,2026-01-19
Bangalore,Bangalore APMC,Onion,1500,1058.9,2026-01-19
Chikmagalur,Chikkamagalore APMC,Onion,2381,2.8,2026-01-19
Davangere,Davangere APMC,Onion,1700,190,2026-01-19
Dharwad,Hubli (Amaragol) APMC,Onion,1000,7.5,2026-01-19
Dharwad,Hubli (Amaragol) APMC,Onion,1400,283.7,2026-01-19
Kolar,Bangarpet APMC,Onion,1500,0.5,2026-01-19
Kolar,Gowribidanoor APMC,Onion,2000,0.4,2026-01-19
Raichur,Raichur APMC,Onion,1275,53.6,2026-01-19
Udupi,Udupi APMC,Onion,1800,22.3,2026-01-19
Bangalore,Bangalore APMC,Potato,2500,284.2,2026-01-19
Bangalore,Bangalore APMC,Potato,1200,1136.6,2026-01-19
Chikmagalur,Chikkamagalore APMC,Potato,2084,3.2,2026-01-19
Dharwad,Hubli (Amaragol) APMC,Potato,1200,180,2026-01-19
Kalburgi,Kalburgi APMC,Potato,1250,20,2026-01-19
Kolar,Bangarpet APMC,Potato,2064,634,2026-01-19
Kolar,Bangarpet APMC,Potato,2000,0.8,2026-01-19
Kolar,Gowribidanoor APMC,Potato,2500,0.3,2026-01-19
Udupi,Udupi APMC,Potato,1800,6.9,2026-01-19
Bangalore,Doddaballa Pur APMC,Tomato,1700,1.8,2026-01-20
Bangalore,Ramanagara APMC,Tomato,1500,9,2026-01-20
Chamrajnagar,Chamaraj Nagar APMC,Tomato,2800,4,2026-01-20
Chamrajnagar,Gundlupet APMC,Tomato,1500,6.6,2026-01-20
Chikmagalur,Chikkamagalore APMC,Tomato,2084,5.6,2026-01-20
Davangere,Davangere APMC,Tomato,1500,3.5,2026-01-20
Haveri,Ranebennur APMC,Tomato,2200,0.4,2026-01-20
Kalburgi,Kalburgi APMC,Tomato,1750,9,2026-01-20
Kolar,Bangarpet APMC,Tomato,1300,2.5,2026-01-20
Kolar,Chintamani APMC,Tomato,1000,57.3,2026-01-20
Kolar,Mulabagilu APMC,Tomato,1066,205.1,2026-01-20
Bangalore,Bangalore APMC,Onion,800,258.5,2026-01-20
Bangalore,Bangalore APMC,Onion,1200,517,2026-01-20
Bangalore,Bangalore APMC,Onion,1700,517,2026-01-20
Bangalore,Bangalore APMC,Onion,1400,1292.5,2026-01-20
Bangalore,Doddaballa Pur APMC,Onion,2000,2,2026-01-20
Bijapur,Bijapur APMC,Onion,1035,107.8,2026-01-20
Davangere,Davangere APMC,Onion,1600,140,2026-01-20
Dharwad,Hubli (Amaragol) APMC,Onion,800,8.6,2026-01-20
Dharwad,Hubli (Amaragol) APMC,Onion,1300,225.8,2026-01-20
Hassan,Arasikere APMC,Onion,1500,12.2,2026-01-20
Kolar,Bangarpet APMC,Onion,1300,0.7,2026-01-20
Kolar,Malur APMC,Onion,2000,2.5,2026-01-20
Raichur,Raichur APMC,Onion,1580,40.6,2026-01-20
Bangalore,Bangalore APMC,Potato,2000,252.9,2026-01-20
Bangalore,Bangalore APMC,Potato,1200,1011.5,2026-01-20
Bangalore,Doddaballa Pur APMC,Potato,2000,1.2,2026-01-20
Chikmagalur,Chikkamagalore APMC,Potato,2084,1.6,2026-01-20
Davangere,Davangere APMC,Potato,2100,4,2026-01-20
Dharwad,Hubli (Amaragol) APMC,Potato,1300,157.1,2026-01-20
Kalburgi,Kalburgi APMC,Potato,1300,40,2026-01-20
Kolar,Bangarpet APMC,Potato,1500,0.8,2026-01-20
Bangalore,Doddaballa Pur APMC,Tomato,1600,1.8,2026-01-21
Bangalore,Ramanagara APMC,Tomato,1600,6.4,2026-01-21
Chamrajnagar,Chamaraj Nagar APMC,Tomato,2750,4,2026-01-21
Chamrajnagar,Gundlupet APMC,Tomato,1600,10.8,2026-01-21
Chikmagalur,Chikkamagalore APMC,Tomato,2044,10.6,2026-01-21
Davangere,Davangere APMC,Tomato,1300,3,2026-01-21
Hassan,Arasikere APMC,Tomato,1000,1,2026-01-21
Hassan,Hassan APMC,Tomato,2100,19.4,2026-01-21
Haveri,Ranebennur APMC,Tomato,2500,0.3,2026-01-21
Kolar,Bangarpet APMC,Tomato,1000,2,2026-01-21
Kolar,Chintamani APMC,Tomato,1000,39.5,2026-01-21
Kolar,Gowribidanoor APMC,Tomato,3000,1.2,2026-01-21
Kolar,Kolar APMC,Tomato,1200,785,2026-01-21
Kolar,Mulabagilu APMC,Tomato,1066,198.7,2026-01-21
Kolar,Srinivasapur APMC,Tomato,866,6.3,2026-01-21
Mysore,K.R.Nagar APMC,Tomato,3035,2.8,2026-01-21
Mysore,Mysore (Bandipalya) APMC,Tomato,2400,6.5,2026-01-21
Shimoga,Shimoga APMC,Tomato,1000,28.7,2026-01-21
Bangalore,Bangalore APMC,Onion,800,280.5,2026-01-21
Bangalore,Bangalore APMC,Onion,1200,561.1,2026-01-21
Bangalore,Bangalore APMC,Onion,1700,561.1,2026-01-21
Bangalore,Bangalore APMC,Onion,1400,1402.7,2026-01-21
Bangalore,Doddaballa Pur APMC,Onion,2000,1.8,2026-01-21
Bangalore,Ramanagara APMC,Onion,2200,20,2026-01-21
Belgaum,Belgaum APMC,Onion,2000,1375.6,2026-01-21
Bijapur,Bijapur APMC,Onion,1126,87.4,2026-01-21
Chikmagalur,Chikkamagalore APMC,Onion,2433,5,2026-01-21
Davangere,Davangere APMC,Onion,1800,135,2026-01-21
Dharwad,Hubli (Amaragol) APMC,Onion,1000,16,2026-01-21
Dharwad,Hubli (Amaragol) APMC,Onion,1200,344.3,2026-01-21
Hassan,Belur APMC,Onion,1500,2.2,2026-01-21
Kolar,Bangarpet APMC,Onion,1500,0.8,2026-01-21
Kolar,Gowribidanoor APMC,Onion,2000,0.4,2026-01-21
Mysore,K.R.Nagar APMC,Onion,1000,20,2026-01-21
Mysore,Mysore (Bandipalya) APMC,Onion,2000,108.1,2026-01-21
Raichur,Raichur APMC,Onion,1400,74.3,2026-01-21
Udupi,Udupi APMC,Onion,2000,42.3,2026-01-21
Bangalore,Bangalore APMC,Potato,2000,261,2026-01-21
Bangalore,Bangalore APMC,Potato,1200,1043.7,2026-01-21
Bangalore,Doddaballa Pur APMC,Potato,2300,2.4,2026-01-21
Bangalore,Ramanagara APMC,Potato,2500,3.2,2026-01-21
Belgaum,Belgaum APMC,Potato,1200,331.4,2026-01-21
Chikmagalur,Chikkamagalore APMC,Potato,1953,6.4,2026-01-21
Davangere,Davangere APMC,Potato,2000,3,2026-01-21
Dharwad,Hubli (Amaragol) APMC,Potato,1200,83,2026-01-21
Hassan,Hassan APMC,Potato,1100,484.7,2026-01-21
Kolar,Bangarpet APMC,Potato,1500,1.2,2026-01-21
Kolar,Bhagepalli APMC,Potato,1200,0.2,2026-01-21
Kolar,Gowribidanoor APMC,Potato,2500,0.4,2026-01-21
Kolar,Kolar APMC,Potato,1600,1.5,2026-01-21
Mysore,K.R.Nagar APMC,Potato,1470,1.7,2026-01-21
Shimoga,Shimoga APMC,Potato,2800,4,2026-01-21
Udupi,Udupi APMC,Potato,1500,11,2026-01-21
Bangalore,"Binny Mill (F&V), Bangalore APMC",Tomato,3900,37.6,2026-01-22
Bangalore,Doddaballa Pur APMC,Tomato,1700,1,2026-01-22
Bangalore,Ramanagara APMC,Tomato,2000,8.2,2026-01-22
Chamrajnagar,Chamaraj Nagar APMC,Tomato,2700,4.5,2026-01-22
Chamrajnagar,Gundlupet APMC,Tomato,1400,6.1,2026-01-22
Chikmagalur,Chikkamagalore APMC,Tomato,2033,4.1,2026-01-22
Davangere,Davangere APMC,Tomato,1300,3.5,2026-01-22
Hassan,Belur APMC,Tomato,2000,0.2,2026-01-22
Haveri,Ranebennur APMC,Tomato,2500,0.2,2026-01-22
Kolar,Bangarpet APMC,Tomato,1500,2.2,2026-01-22
Kolar,Bhagepalli APMC,Tomato,1538,1,2026-01-22
Kolar,Chintamani APMC,Tomato,860,57.3,2026-01-22
Kolar,Gowribidanoor APMC,Tomato,3000,1.2,2026-01-22
Kolar,Mulabagilu APMC,Tomato,1099,165.2,2026-01-22
Kolar,Srinivasapur APMC,Tomato,733,6.6,2026-01-22
Mandya,K.R. Pet APMC,Tomato,1700,3,2026-01-22
Mysore,Mysore (Bandipalya) APMC,Tomato,1700,8.6,2026-01-22
Shimoga,Shimoga APMC,Tomato,1000,28.7,2026-01-22
Bangalore,Bangalore APMC,Onion,800,271.4,2026-01-22
Bangalore,Bangalore APMC,Onion,1200,543,2026-01-22
Bangalore,Bangalore APMC,Onion,1700,543,2026-01-22
Bangalore,Bangalore APMC,Onion,1400,1357.5,2026-01-22
Bangalore,Doddaballa Pur APMC,Onion,2000,1.4,2026-01-22
Belgaum,Belgaum APMC,Onion,2000,35,2026-01-22
Bijapur,Bijapur APMC,Onion,1500,205.8,2026-01-22
Chikmagalur,Chikkamagalore APMC,Onion,2097,6.6,2026-01-22
Davangere,Davangere APMC,Onion,1700,130,2026-01-22
Dharwad,Hubli (Amaragol) APMC,Onion,1500,18,2026-01-22
Dharwad,Hubli (Amaragol) APMC,Onion,1700,265,2026-01-22
Kolar,Bangarpet APMC,Onion,2000,0.7,2026-01-22
Kolar,Gowribidanoor APMC,Onion,2000,0.4,2026-01-22
Raichur,Raichur APMC,Onion,1275,55.9,2026-01-22
Udupi,Udupi APMC,Onion,2000,13.1,2026-01-22
Bangalore,Bangalore APMC,Potato,2000,275.5,2026-01-22
Bangalore,Bangalore APMC,Potato,1200,1102,2026-01-22
Bangalore,Doddaballa Pur APMC,Potato,2000,1,2026-01-22
Belgaum,Belgaum APMC,Potato,1200,277.4,2026-01-22
Chikmagalur,Chikkamagalore APMC,Potato,1818,5.5,2026-01-22
Davangere,Davangere APMC,Potato,2100,4,2026-01-22
Dharwad,Hubli (Amaragol) APMC,Potato,1200,140,2026-01-22
Kolar,Bangarpet APMC,Potato,1500,0.5,2026-01-22
Kolar,Gowribidanoor APMC,Potato,2500,0.4,2026-01-22
Shimoga,Shimoga APMC,Potato,2800,4,2026-01-22
Udupi,Udupi APMC,Potato,1500,5.7,2026-01-22
Bangalore,"Binny Mill (F&V), Bangalore APMC",Tomato,2300,48.3,2026-01-23
Bangalore,Doddaballa Pur APMC,Tomato,1700,1.5,2026-01-23
Bangalore,Ramanagara APMC,Tomato,2400,6.8,2026-01-23
Chamrajnagar,Chamaraj Nagar APMC,Tomato,2750,4,2026-01-23
Chamrajnagar,Gundlupet APMC,Tomato,1700,7.7,2026-01-23
Chikmagalur,Chikkamagalore APMC,Tomato,2083,12.8,2026-01-23
Davangere,Davangere APMC,Tomato,1300,3,2026-01-23
Haveri,Ranebennur APMC,Tomato,2000,0.3,2026-01-23
Kalburgi,Kalburgi APMC,Tomato,1400,5,2026-01-23
Kolar,Bangarpet APMC,Tomato,1300,2.2,2026-01-23
Kolar,Chintamani APMC,Tomato,800,54.1,2026-01-23
Kolar,Srinivasapur APMC,Tomato,866,5.5,2026-01-23
Shimoga,Shimoga APMC,Tomato,1000,35,2026-01-23
Bangalore,Bangalore APMC,Onion,800,317,2026-01-23
Bangalore,Bangalore APMC,Onion,1200,634.2,2026-01-23
Bangalore,Bangalore APMC,Onion,1700,634.2,2026-01-23
Bangalore,Bangalore APMC,Onion,1400,1585.2,2026-01-23
Bangalore,Doddaballa Pur APMC,Onion,2000,1.5,2026-01-23
Belgaum,Belgaum APMC,Onion,2000,38.6,2026-01-23
Chikmagalur,Chikkamagalore APMC,Onion,2381,1.4,2026-01-23
Davangere,Davangere APMC,Onion,1600,130,2026-01-23
Dharwad,Hubli (Amaragol) APMC,Onion,1700,235,2026-01-23
Kolar,Bangarpet APMC,Onion,2000,0.8,2026-01-23
Kolar,Gowribidanoor APMC,Onion,2500,0.4,2026-01-23
Raichur,Raichur APMC,Onion,1280,61.9,2026-01-23
Shimoga,Shimoga APMC,Onion,3500,10,2026-01-23
Udupi,Udupi APMC,Onion,2000,4.5,2026-01-23
Bangalore,Bangalore APMC,Potato,2000,277.6,2026-01-23
Bangalore,Bangalore APMC,Potato,1200,1110,2026-01-23
Bangalore,Doddaballa Pur APMC,Potato,2000,1.5,2026-01-23
Belgaum,Belgaum APMC,Potato,1200,191.7,2026-01-23
Chikmagalur,Chikkamagalore APMC,Potato,1826,2.5,2026-01-23
Davangere,Davangere APMC,Potato,2200,3.5,2026-01-23
Dharwad,Hubli (Amaragol) APMC,Potato,1200,168,2026-01-23
Kalburgi,Kalburgi APMC,Potato,1100,20,2026-01-23
Kolar,Bangarpet APMC,Potato,1500,0.7,2026-01-23
Kolar,Gowribidanoor APMC,Potato,2000,0.3,2026-01-23
Shimoga,Shimoga APMC,Potato,2800,6,2026-01-23
Udupi,Udupi APMC,Potato,1500,8.8,2026-01-23
Bangalore,Ramanagara APMC,Tomato,2500,7.2,2026-01-24
Chamrajnagar,Chamaraj Nagar APMC,Tomato,2700,4.5,2026-01-24
Haveri,Ranebennur APMC,Tomato,2500,0.7,2026-01-24
Belgaum,Belgaum APMC,Onion,1600,1113.7,2026-01-24
Dharwad,Hubli (Amaragol) APMC,Onion,1000,16.5,2026-01-24
Dharwad,Hubli (Amaragol) APMC,Onion,1600,432.1,2026-01-24
Belgaum,Belgaum APMC,Potato,1200,250.1,2026-01-24
Dharwad,Hubli (Amaragol) APMC,Potato,1500,137.9,2026-01-24
Hassan,Belur APMC,Tomato,1800,1.9,2026-01-25
Haveri,Ranebennur APMC,Tomato,2500,0.7,2026-01-25
Mandya,K.R. Pet APMC,Tomato,2100,8.5,2026-01-25
Hassan,Belur APMC,Onion,2000,1.7,2026-01-25
Bangalore,Channapatana APMC,Tomato,2250,3.8,2026-01-26
Bangalore,Ramanagara APMC,Tomato,2000,11.4,2026-01-26
Chamrajnagar,Chamaraj Nagar APMC,Tomato,2700,4,2026-01-26
Haveri,Ranebennur APMC,Tomato,2000,0.3,2026-01-26
Kolar,Bangarpet APMC,Tomato,1300,2.5,2026-01-26
Kolar,Bhagepalli APMC,Tomato,1154,1.2,2026-01-26
Kolar,Chintamani APMC,Tomato,730,31.5,2026-01-26
Kolar,Gowribidanoor APMC,Tomato,2250,1.5,2026-01-26
Kolar,Mulabagilu APMC,Tomato,1100,244.5,2026-01-26
Mandya,K.R. Pet APMC,Tomato,2000,2,2026-01-26
Shimoga,Shimoga APMC,Tomato,1300,38.7,2026-01-26
Kolar,Bangarpet APMC,Onion,2000,0.9,2026-01-26
Kolar,Gowribidanoor APMC,Onion,2750,0.3,2026-01-26
Shimoga,Shimoga APMC,Onion,3500,5,2026-01-26
Kolar,Bangarpet APMC,Potato,1500,0.9,2026-01-26
Kolar,Gowribidanoor APMC,Potato,1700,0.4,2026-01-26
Shimoga,Shimoga APMC,Potato,2800,4,2026-01-26
Bangalore,"Binny Mill (F&V), Bangalore APMC",Tomato,3100,128.2,2026-01-27
Bangalore,Channapatana APMC,Tomato,1750,4.8,2026-01-27
Bangalore,Ramanagara APMC,Tomato,1600,11.8,2026-01-27
Chamrajnagar,Chamaraj Nagar APMC,Tomato,2300,4,2026-01-27
Chikmagalur,Chikkamagalore APMC,Tomato,2076,26.1,2026-01-27
Davangere,Davangere APMC,Tomato,1300,3.5,2026-01-27
Haveri,Ranebennur APMC,Tomato,2500,0.3,2026-01-27
Kalburgi,Kalburgi APMC,Tomato,1200,5,2026-01-27
Kolar,Bangarpet APMC,Tomato,1300,2,2026-01-27
Kolar,Bhagepalli APMC,Tomato,1231,1.3,2026-01-27
Kolar,Chintamani APMC,Tomato,730,37.6,2026-01-27
Kolar,Kolar APMC,Tomato,930,871.5,2026-01-27
Kolar,Mulabagilu APMC,Tomato,1000,256.5,2026-01-27
Mandya,K.R. Pet APMC,Tomato,2000,0.5,2026-01-27
Mysore,Nanjangud APMC,Tomato,2380,6,2026-01-27
Shimoga,Shimoga APMC,Tomato,1000,31.2,2026-01-27
Bagalkot,Bagalakot APMC,Onion,1600,71.6,2026-01-27
Bangalore,Bangalore APMC,Onion,700,338.2,2026-01-27
Bangalore,Bangalore APMC,Onion,1200,676.5,2026-01-27
Bangalore,Bangalore APMC,Onion,1800,676.5,2026-01-27
Bangalore,Bangalore APMC,Onion,1500,1691.2,2026-01-27
Bijapur,Bijapur APMC,Onion,1126,97.7,2026-01-27
Chikmagalur,Chikkamagalore APMC,Onion,2201,10.6,2026-01-27
Davangere,Davangere APMC,Onion,1700,150,2026-01-27
Dharwad,Hubli (Amaragol) APMC,Onion,1300,206,2026-01-27
Kolar,Bangarpet APMC,Onion,2000,0.7,2026-01-27
Raichur,Raichur APMC,Onion,1100,62.4,2026-01-27
Shimoga,Shimoga APMC,Onion,3500,5,2026-01-27
Bangalore,Bangalore APMC,Potato,1800,284.4,2026-01-27
Bangalore,Bangalore APMC,Potato,1200,663.5,2026-01-27
Chikmagalur,Chikkamagalore APMC,Potato,1918,11.3,2026-01-27
Davangere,Davangere APMC,Potato,2000,4,2026-01-27
Dharwad,Hubli (Amaragol) APMC,Potato,1150,155,2026-01-27
Kalburgi,Kalburgi APMC,Potato,950,20,2026-01-27
Kolar,Bangarpet APMC,Potato,1500,0.8,2026-01-27
Kolar,Kolar APMC,Potato,1300,3.5,2026-01-27
Mysore,Nanjangud APMC,Potato,2777,6.5,2026-01-27
Shimoga,Shimoga APMC,Potato,2800,4,2026-01-27
Bangalore,"Binny Mill (F&V), Bangalore APMC",Tomato,2300,49.6,2026-01-28
Bangalore,Ramanagara APMC,Tomato,1500,8.4,2026-01-28
Chamrajnagar,Chamaraj Nagar APMC,Tomato,2400,4,2026-01-28
Chamrajnagar,Gundlupet APMC,Tomato,1800,10.1,2026-01-28
Chikmagalur,Chikkamagalore APMC,Tomato,1961,11.9,2026-01-28
Davangere,Davangere APMC,Tomato,1100,3,2026-01-28
Hassan,Hassan APMC,Tomato,900,7.3,2026-01-28
Haveri,Ranebennur APMC,Tomato,2200,0.4,2026-01-28
Kalburgi,Kalburgi APMC,Tomato,1750,9,2026-01-28
Kolar,Bangarpet APMC,Tomato,1200,2.2,2026-01-28
Kolar,Bhagepalli APMC,Tomato,923,1.3,2026-01-28
Kolar,Chintamani APMC,Tomato,660,40.2,2026-01-28
Kolar,Gowribidanoor APMC,Tomato,2250,0.5,2026-01-28
Kolar,Mulabagilu APMC,Tomato,1000,274.8,2026-01-28
Mandya,K.R. Pet APMC,Tomato,1500,2.8,2026-01-28
Shimoga,Shimoga APMC,Tomato,800,20,2026-01-28
Bangalore,Bangalore APMC,Onion,700,287.2,2026-01-28
Bangalore,Bangalore APMC,Onion,1200,574.4,2026-01-28
Bangalore,Bangalore APMC,Onion,1800,574.4,2026-01-28
Bangalore,Bangalore APMC,Onion,1500,1436,2026-01-28
Bangalore,Ramanagara APMC,Onion,2000,4,2026-01-28
Belgaum,Belgaum APMC,Onion,1500,1376.5,2026-01-28
Belgaum,Gokak APMC,Onion,1250,6.5,2026-01-28
Chikmagalur,Chikkamagalore APMC,Onion,2333,5,2026-01-28
Davangere,Davangere APMC,Onion,1500,180,2026-01-28
Dharwad,Hubli (Amaragol) APMC,Onion,700,4,2026-01-28
Dharwad,Hubli (Amaragol) APMC,Onion,1200,445,2026-01-28
Hassan,Arasikere APMC,Onion,2000,4.5,2026-01-28
Kolar,Bangarpet APMC,Onion,2500,0.7,2026-01-28
Kolar,Chickkaballapura APMC,Onion,2400,9,2026-01-28
Kolar,Gowribidanoor APMC,Onion,2250,0.5,2026-01-28
Raichur,Raichur APMC,Onion,1180,90.5,2026-01-28
Shimoga,Shimoga APMC,Onion,3500,5,2026-01-28
Udupi,Udupi APMC,Onion,1800,34.8,2026-01-28
Bangalore,Bangalore APMC,Potato,1800,245.6,2026-01-28
Bangalore,Bangalore APMC,Potato,1200,573,2026-01-28
Belgaum,Belgaum APMC,Potato,1100,204.9,2026-01-28
Chikmagalur,Chikkamagalore APMC,Potato,1938,4.3,2026-01-28
Davangere,Davangere APMC,Potato,2100,3.5,2026-01-28
Dharwad,Hubli (Amaragol) APMC,Potato,1100,67.5,2026-01-28
Hassan,Hassan APMC,Potato,1100,376.3,2026-01-28
Kalburgi,Kalburgi APMC,Potato,1000,25,2026-01-28
Kolar,Bangarpet APMC,Potato,1200,0.6,2026-01-28
Kolar,Chickkaballapura APMC,Potato,800,17.5,2026-01-28
Kolar,Gowribidanoor APMC,Potato,2250,0.6,2026-01-28
Kolar,Malur APMC,Potato,2500,152,2026-01-28
Shimoga,Shimoga APMC,Potato,2800,4,2026-01-28
Udupi,Udupi APMC,Potato,1500,36.9,2026-01-28
Bangalore,"Binny Mill (F&V), Bangalore APMC",Tomato,2300,46.2,2026-01-29
Bangalore,Ramanagara APMC,Tomato,1200,12,2026-01-29
Chamrajnagar,Chamaraj Nagar APMC,Tomato,2300,4,2026-01-29
Chamrajnagar,Gundlupet APMC,Tomato,1500,8.9,2026-01-29
Chikmagalur,Chikkamagalore APMC,Tomato,2000,2.5,2026-01-29
Hassan,Belur APMC,Tomato,2500,1.3,2026-01-29
Haveri,Ranebennur APMC,Tomato,2200,0.4,2026-01-29
Kalburgi,Kalburgi APMC,Tomato,1750,8,2026-01-29
Kolar,Bangarpet APMC,Tomato,1300,2.2,2026-01-29
Kolar,Bhagepalli APMC,Tomato,925,1.3,2026-01-29
Kolar,Chintamani APMC,Tomato,730,43.6,2026-01-29
Kolar,Gowribidanoor APMC,Tomato,1800,1,2026-01-29
Kolar,Kolar APMC,Tomato,930,675,2026-01-29
Kolar,Mulabagilu APMC,Tomato,800,196.1,2026-01-29
Mandya,K.R. Pet APMC,Tomato,1500,1,2026-01-29
Shimoga,Shimoga APMC,Tomato,900,31.2,2026-01-29
Bagalkot,Bagalkot(Bigali) APMC,Onion,950,270.7,2026-01-29
Bangalore,Bangalore APMC,Onion,700,372.7,2026-01-29
Bangalore,Bangalore APMC,Onion,1200,745.5,2026-01-29
Bangalore,Bangalore APMC,Onion,1800,745.5,2026-01-29
Bangalore,Bangalore APMC,Onion,1500,1863.4,2026-01-29
Belgaum,Belgaum APMC,Onion,1500,33.5,2026-01-29
Chikmagalur,Chikkamagalore APMC,Onion,2223,1.5,2026-01-29
Davangere,Davangere APMC,Onion,1600,190,2026-01-29
Dharwad,Hubli (Amaragol) APMC,Onion,1700,264,2026-01-29
Kolar,Bangarpet APMC,Onion,2300,0.7,2026-01-29
Kolar,Gowribidanoor APMC,Onion,2250,0.4,2026-01-29
Mysore,Mysore (Bandipalya) APMC,Onion,2000,43.1,2026-01-29
Raichur,Raichur APMC,Onion,1100,73.1,2026-01-29
Shimoga,Shimoga APMC,Onion,2500,5,2026-01-29
Tumkur,Tumkur APMC,Onion,1800,11,2026-01-29
Bangalore,Bangalore APMC,Potato,1800,239.2,2026-01-29
Bangalore,Bangalore APMC,Potato,1200,558,2026-01-29
Belgaum,Belgaum APMC,Potato,1100,134.2,2026-01-29
Chikmagalur,Chikkamagalore APMC,Potato,1961,1.7,2026-01-29
Davangere,Davangere APMC,Potato,2000,4,2026-01-29
Dharwad,Hubli (Amaragol) APMC,Potato,1200,148,2026-01-29
Kalburgi,Kalburgi APMC,Potato,950,20,2026-01-29
Kolar,Bangarpet APMC,Potato,2000,0.6,2026-01-29
Kolar,Gowribidanoor APMC,Potato,1800,0.3,2026-01-29
Kolar,Kolar APMC,Potato,1200,2.5,2026-01-29
Shimoga,Shimoga APMC,Potato,2800,4,2026-01-29
Bangalore,"Binny Mill (F&V), Bangalore APMC",Tomato,2300,49.7,2026-01-30
Bangalore,Channapatana APMC,Tomato,1250,6.6,2026-01-30
Bangalore,Ramanagara APMC,Tomato,1200,13.5,2026-01-30
Chamrajnagar,Chamaraj Nagar APMC,Tomato,2150,4,2026-01-30
Chamrajnagar,Gundlupet APMC,Tomato,1300,7.3,2026-01-30
Chikmagalur,Chikkamagalore APMC,Tomato,1970,11,2026-01-30
Haveri,Ranebennur APMC,Tomato,2400,0.4,2026-01-30
Kalburgi,Kalburgi APMC,Tomato,1750,6,2026-01-30
Kolar,Bangarpet APMC,Tomato,1300,2.2,2026-01-30
Kolar,Bhagepalli APMC,Tomato,1077,2,2026-01-30
Kolar,Kolar APMC,Tomato,800,675,2026-01-30
Mandya,K.R. Pet APMC,Tomato,1300,18.5,2026-01-30
Mysore,Mysore (Bandipalya) APMC,Tomato,1800,6.5,2026-01-30
Shimoga,Shimoga APMC,Tomato,800,60,2026-01-30
Tumkur,Tumkur APMC,Tomato,2050,8,2026-01-30
Bangalore,Bangalore APMC,Onion,700,366.2,2026-01-30
Bangalore,Bangalore APMC,Onion,1200,732.5,2026-01-30
Bangalore,Bangalore APMC,Onion,1800,732.5,2026-01-30
Bangalore,Bangalore APMC,Onion,1500,1831,2026-01-30
Belgaum,Belgaum APMC,Onion,1500,43.3,2026-01-30
Bijapur,Bijapur APMC,Onion,1126,60.7,2026-01-30
Chikmagalur,Chikkamagalore APMC,Onion,2381,1.4,2026-01-30
Davangere,Davangere APMC,Onion,1500,180,2026-01-30
Dharwad,Hubli (Amaragol) APMC,Onion,1600,221.5,2026-01-30
Haveri,Ranebennur APMC,Onion,1685,10.9,2026-01-30
Kolar,Bangarpet APMC,Onion,2300,0.7,2026-01-30
Kolar,Gowribidanoor APMC,Onion,2250,0.4,2026-01-30
Mandya,K.R. Pet APMC,Onion,1500,6,2026-01-30
Raichur,Raichur APMC,Onion,1100,69.5,2026-01-30
Shimoga,Shimoga APMC,Onion,2500,0.5,2026-01-30
Tumkur,Tumkur APMC,Onion,2050,12,2026-01-30
Bangalore,Bangalore APMC,Potato,1800,268,2026-01-30
Bangalore,Bangalore APMC,Potato,1200,625.3,2026-01-30
Belgaum,Belgaum APMC,Potato,1100,415.3,2026-01-30
Chikmagalur,Chikkamagalore APMC,Potato,1961,1.7,2026-01-30
Davangere,Davangere APMC,Potato,2000,3,2026-01-30
Dharwad,Hubli (Amaragol) APMC,Potato,1200,149,2026-01-30
Kolar,Bangarpet APMC,Potato,2400,25,2026-01-30
Kolar,Bangarpet APMC,Potato,1500,0.8,2026-01-30
Kolar,Gowribidanoor APMC,Potato,1800,0.3,2026-01-30
Shimoga,Shimoga APMC,Potato,2800,4,2026-01-30
Bangalore,"Binny Mill (F&V), Bangalore APMC",Tomato,2300,39.8,2026-01-31
Bangalore,Channapatana APMC,Tomato,1000,5.5,2026-01-31
Bangalore,Ramanagara APMC,Tomato,1000,11.4,2026-01-31
Chamrajnagar,Chamaraj Nagar APMC,Tomato,2300,4,2026-01-31
Chamrajnagar,Gundlupet APMC,Tomato,1300,6.7,2026-01-31
Chikmagalur,Chikkamagalore APMC,Tomato,1821,11.9,2026-01-31
Haveri,Ranebennur APMC,Tomato,2500,0.3,2026-01-31
Kalburgi,Kalburgi APMC,Tomato,2000,9,2026-01-31
Kolar,Bangarpet APMC,Tomato,1000,2.5,2026-01-31
Kolar,Bhagepalli APMC,Tomato,1230,1.8,2026-01-31
Kolar,Chintamani APMC,Tomato,730,47.2,2026-01-31
Kolar,Gowribidanoor APMC,Tomato,1800,1,2026-01-31
Kolar,Kolar APMC,Tomato,800,461.2,2026-01-31
Bagalkot,Bagalakot APMC,Onion,1350,88.2,2026-01-31
Bangalore,Bangalore APMC,Onion,700,374.3,2026-01-31
Bangalore,Bangalore APMC,Onion,1200,748.8,2026-01-31
Bangalore,Bangalore APMC,Onion,1800,748.8,2026-01-31
Bangalore,Bangalore APMC,Onion,1500,1872,2026-01-31
Belgaum,Belgaum APMC,Onion,1200,1262,2026-01-31
Chikmagalur,Chikkamagalore APMC,Onion,2143,7,2026-01-31
Dharwad,Hubli (Amaragol) APMC,Onion,1700,580.6,2026-01-31
Kalburgi,Kalburgi APMC,Onion,900,158,2026-01-31
Kolar,Bangarpet APMC,Onion,2200,0.5,2026-01-31
Kolar,Gowribidanoor APMC,Onion,2250,0.3,2026-01-31
Raichur,Raichur APMC,Onion,1100,91.5,2026-01-31
Bangalore,Bangalore APMC,Potato,1800,223.7,2026-01-31
Bangalore,Bangalore APMC,Potato,1200,522.1,2026-01-31
Belgaum,Belgaum APMC,Potato,1100,309.4,2026-01-31
Chikmagalur,Chikkamagalore APMC,Potato,1942,10.3,2026-01-31
Davangere,Davangere APMC,Potato,1900,3.5,2026-01-31
Dharwad,Hubli (Amaragol) APMC,Potato,1200,108.4,2026-01-31
Kalburgi,Kalburgi APMC,Potato,1000,40,2026-01-31
Kolar,Bangarpet APMC,Potato,2133,50,2026-01-31
Kolar,Bangarpet APMC,Potato,1500,0.8,2026-01-31
Kolar,Gowribidanoor APMC,Potato,1800,0.4,2026-01-31
Bangalore,Ramanagara APMC,Tomato,1000,11,2026-02-01
Haveri,Ranebennur APMC,Tomato,2400,0.7,2026-02-01
Kolar,Chintamani APMC,Tomato,660,43.6,2026-02-01
Kolar,Kolar APMC,Tomato,800,630,2026-02-01
Mandya,K.R. Pet APMC,Tomato,1300,16.5,2026-02-01
Shimoga,Shimoga APMC,Tomato,800,40,2026-02-01
Kolar,Chickkaballapura APMC,Onion,2400,3,2026-02-01
Shimoga,Shimoga APMC,Onion,2500,7.5,2026-02-01
Kolar,Chickkaballapura APMC,Potato,800,15,2026-02-01
Shimoga,Shimoga APMC,Potato,2800,4,2026-02-01
Bangalore,"Binny Mill (F&V), Bangalore APMC",Tomato,2500,50.5,2026-02-02
Bangalore,Channapatana APMC,Tomato,1150,5,2026-02-02
Bangalore,Ramanagara APMC,Tomato,1500,6.4,2026-02-02
Chamrajnagar,Chamaraj Nagar APMC,Tomato,1500,5,2026-02-02
Chamrajnagar,Gundlupet APMC,Tomato,1400,4.9,2026-02-02
Chikmagalur,Chikkamagalore APMC,Tomato,1852,9.9,2026-02-02
Haveri,Ranebennur APMC,Tomato,2200,0.3,2026-02-02
Kalburgi,Kalburgi APMC,Tomato,1000,5,2026-02-02
Kolar,Bangarpet APMC,Tomato,1000,2.3,2026-02-02
Kolar,Bhagepalli APMC,Tomato,1154,1.6,2026-02-02
Kolar,Chickkaballapura APMC,Tomato,1000,26.1,2026-02-02
Kolar,Chintamani APMC,Tomato,730,46.5,2026-02-02
Kolar,Gowribidanoor APMC,Tomato,1800,1,2026-02-02
Kolar,Mulabagilu APMC,Tomato,666,165.7,2026-02-02
Shimoga,Shimoga APMC,Tomato,800,36.2,2026-02-02
Bangalore,Bangalore APMC,Onion,400,330,2026-02-02
Bangalore,Bangalore APMC,Onion,1000,660.2,2026-02-02
Bangalore,Bangalore APMC,Onion,1400,660.2,2026-02-02
Bangalore,Bangalore APMC,Onion,1500,1650.3,2026-02-02
Chikmagalur,Chikkamagalore APMC,Onion,1882,6.2,2026-02-02
Davangere,Davangere APMC,Onion,1600,200,2026-02-02
Dharwad,Hubli (Amaragol) APMC,Onion,1800,431.6,2026-02-02
Hassan,Arasikere APMC,Onion,1259,14.4,2026-02-02
Hassan,Hassan APMC,Onion,800,10,2026-02-02
Kolar,Bangarpet APMC,Onion,2000,0.7,2026-02-02
Kolar,Gowribidanoor APMC,Onion,2500,0.5,2026-02-02
Raichur,Raichur APMC,Onion,1100,62.1,2026-02-02
Shimoga,Shimoga APMC,Onion,2500,5,2026-02-02
Bangalore,Bangalore APMC,Potato,1800,436.1,2026-02-02
Bangalore,Bangalore APMC,Potato,1200,1011.7,2026-02-02
Chikmagalur,Chikkamagalore APMC,Potato,1887,5.3,2026-02-02
Dharwad,Hubli (Amaragol) APMC,Potato,1200,124.9,2026-02-02
Kalburgi,Kalburgi APMC,Potato,950,20,2026-02-02
Kolar,Bangarpet APMC,Potato,1500,0.4,2026-02-02
Kolar,Gowribidanoor APMC,Potato,1800,0.5,2026-02-02
Shimoga,Shimoga APMC,Potato,2800,4,2026-02-02
Bangalore,"Binny Mill (F&V), Bangalore APMC",Tomato,1800,46.2,2026-02-03
Bangalore,Channapatana APMC,Tomato,1500,4,2026-02-03
Bangalore,Ramanagara APMC,Tomato,1500,9.4,2026-02-03
Bellary,Hospet APMC,Tomato,1000,9.6,2026-02-03
Chamrajnagar,Chamaraj Nagar APMC,Tomato,1350,5.5,2026-02-03
Chamrajnagar,Gundlupet APMC,Tomato,1300,7.6,2026-02-03
Chikmagalur,Chikkamagalore APMC,Tomato,2381,3.5,2026-02-03
Haveri,Ranebennur APMC,Tomato,2200,0.3,2026-02-03
Kalburgi,Kalburgi APMC,Tomato,1000,6,2026-02-03
Kolar,Bangarpet APMC,Tomato,1300,2.5,2026-02-03
Kolar,Bhagepalli APMC,Tomato,1000,1.3,2026-02-03
Kolar,Chickkaballapura APMC,Tomato,960,38.9,2026-02-03
Kolar,Chintamani APMC,Tomato,660,44.2,2026-02-03
Kolar,Kolar APMC,Tomato,860,690,2026-02-03
Kolar,Mulabagilu APMC,Tomato,800,193.2,2026-02-03
Mandya,K.R. Pet APMC,Tomato,1200,5.6,2026-02-03
Mysore,Mysore (Bandipalya) APMC,Tomato,1300,13.5,2026-02-03
Shimoga,Shimoga APMC,Tomato,900,37.5,2026-02-03
Bangalore,Bangalore APMC,Onion,400,246.6,2026-02-03
Bangalore,Bangalore APMC,Onion,1000,493.3,2026-02-03
Bangalore,Bangalore APMC,Onion,1400,493.3,2026-02-03
Bangalore,Bangalore APMC,Onion,1500,1233.4,2026-02-03
Belgaum,Belgaum APMC,Onion,1200,27.2,2026-02-03
Bellary,Hospet APMC,Onion,1500,8.6,2026-02-03
Bijapur,Bijapur APMC,Onion,1098,142.9,2026-02-03
Chikmagalur,Chikkamagalore APMC,Onion,2223,1.5,2026-02-03
Davangere,Davangere APMC,Onion,1600,185,2026-02-03
Dharwad,Hubli (Amaragol) APMC,Onion,1700,354,2026-02-03
Kolar,Bangarpet APMC,Onion,2000,0.7,2026-02-03
Kolar,Malur APMC,Onion,2000,8.3,2026-02-03
Raichur,Raichur APMC,Onion,1100,87.6,2026-02-03
Shimoga,Shimoga APMC,Onion,2500,5,2026-02-03
Bangalore,Bangalore APMC,Potato,1800,289.3,2026-02-03
Bangalore,Bangalore APMC,Potato,1200,674.9,2026-02-03
Belgaum,Belgaum APMC,Potato,1100,81.5,2026-02-03
Bellary,Hospet APMC,Potato,1600,10,2026-02-03
Chikmagalur,Chikkamagalore APMC,Potato,1961,1.7,2026-02-03
Davangere,Davangere APMC,Potato,2000,4,2026-02-03
Dharwad,Hubli (Amaragol) APMC,Potato,1200,168,2026-02-03
Kalburgi,Kalburgi APMC,Potato,1250,40,2026-02-03
Kolar,Bangarpet APMC,Potato,2000,0.8,2026-02-03
Shimoga,Shimoga APMC,Potato,2800,4,2026-02-03
Bangalore,"Binny Mill (F&V), Bangalore APMC",Tomato,1800,39.7,2026-02-04
Bangalore,Channapatana APMC,Tomato,1250,3.8,2026-02-04
Bangalore,Ramanagara APMC,Tomato,1200,9,2026-02-04
Bellary,Hospet APMC,Tomato,1000,4,2026-02-04
Chamrajnagar,Chamaraj Nagar APMC,Tomato,1100,6,2026-02-04
Chamrajnagar,Gundlupet APMC,Tomato,1400,16.6,2026-02-04
Chikmagalur,Chikkamagalore APMC,Tomato,1841,17.2,2026-02-04
Davangere,Davangere APMC,Tomato,700,2.5,2026-02-04
Hassan,Hassan APMC,Tomato,1100,40.7,2026-02-04
Haveri,Ranebennur APMC,Tomato,2500,0.3,2026-02-04
Kalburgi,Kalburgi APMC,Tomato,750,8,2026-02-04
Kolar,Bangarpet APMC,Tomato,1300,2.7,2026-02-04
Kolar,Bhagepalli APMC,Tomato,923,1.4,2026-02-04
Kolar,Chintamani APMC,Tomato,660,37.5,2026-02-04
Kolar,Gowribidanoor APMC,Tomato,1500,1,2026-02-04
Kolar,Kolar APMC,Tomato,800,662.4,2026-02-04
Kolar,Mulabagilu APMC,Tomato,733,205.4,2026-02-04
Mandya,K.R. Pet APMC,Tomato,1000,4.5,2026-02-04
Mysore,Mysore (Bandipalya) APMC,Tomato,1200,9.5,2026-02-04
Shimoga,Shimoga APMC,Tomato,900,43.7,2026-02-04
Bangalore,Bangalore APMC,Onion,400,209.8,2026-02-04
Bangalore,Bangalore APMC,Onion,1000,419.7,2026-02-04
Bangalore,Bangalore APMC,Onion,1400,419.7,2026-02-04
Bangalore,Bangalore APMC,Onion,1500,1049.4,2026-02-04
Bangalore,Ramanagara APMC,Onion,2200,21,2026-02-04
Belgaum,Belgaum APMC,Onion,1500,1397.7,2026-02-04
Bellary,Hospet APMC,Onion,1400,10.5,2026-02-04
Chikmagalur,Chikkamagalore APMC,Onion,2222,4.5,2026-02-04
Davangere,Davangere APMC,Onion,1500,205,2026-02-04
Dharwad,Hubli (Amaragol) APMC,Onion,1500,268,2026-02-04
Kalburgi,Kalburgi APMC,Onion,850,205,2026-02-04
Kolar,Bangarpet APMC,Onion,2300,0.4,2026-02-04
Kolar,Gowribidanoor APMC,Onion,2250,0.4,2026-02-04
Shimoga,Shimoga APMC,Onion,2500,5,2026-02-04
Bangalore,Bangalore APMC,Potato,1800,287.4,2026-02-04
Bangalore,Bangalore APMC,Potato,1200,670.6,2026-02-04
Belgaum,Belgaum APMC,Potato,1000,219.1,2026-02-04
Bellary,Hospet APMC,Potato,1200,13.5,2026-02-04
Chikmagalur,Chikkamagalore APMC,Potato,2006,5.4,2026-02-04
Davangere,Davangere APMC,Potato,2100,3,2026-02-04
Dharwad,Hubli (Amaragol) APMC,Potato,1200,182,2026-02-04
Hassan,Hassan APMC,Potato,900,506.4,2026-02-04
Kalburgi,Kalburgi APMC,Potato,1200,25,2026-02-04
Kolar,Bangarpet APMC,Potato,1500,0.9,2026-02-04
Kolar,Gowribidanoor APMC,Potato,1800,0.3,2026-02-04
Mysore,Mysore (Bandipalya) APMC,Potato,900,14,2026-02-04
Shimoga,Shimoga APMC,Potato,2800,4,2026-02-04
Bangalore,"Binny Mill (F&V), Bangalore APMC",Tomato,1800,42.1,2026-02-05
Bangalore,Ramanagara APMC,Tomato,1200,9.4,2026-02-05
Chamrajnagar,Chamaraj Nagar APMC,Tomato,1150,5.5,2026-02-05
Chamrajnagar,Gundlupet APMC,Tomato,1300,6.4,2026-02-05
Chikmagalur,Chikkamagalore APMC,Tomato,1802,3.7,2026-02-05
Chikmagalur,Kadur APMC,Tomato,1850,3.6,2026-02-05
Davangere,Davangere APMC,Tomato,800,3,2026-02-05
Haveri,Ranebennur APMC,Tomato,2400,0.3,2026-02-05
Kalburgi,Kalburgi APMC,Tomato,750,6,2026-02-05
Kolar,Bangarpet APMC,Tomato,1000,2.2,2026-02-05
Kolar,Bhagepalli APMC,Tomato,1000,1.5,2026-02-05
Kolar,Chintamani APMC,Tomato,730,43.6,2026-02-05
Kolar,Gowribidanoor APMC,Tomato,2000,1.2,2026-02-05
Kolar,Kolar APMC,Tomato,730,750,2026-02-05
Kolar,Mulabagilu APMC,Tomato,666,221.3,2026-02-05
Mandya,K.R. Pet APMC,Tomato,1200,8.5,2026-02-05
Mysore,Mysore (Bandipalya) APMC,Tomato,1300,9.5,2026-02-05
Shimoga,Shimoga APMC,Tomato,700,45,2026-02-05
Bangalore,Bangalore APMC,Onion,600,221.3,2026-02-05
Bangalore,Bangalore APMC,Onion,1200,442.8,2026-02-05
Bangalore,Bangalore APMC,Onion,1700,442.8,2026-02-05
Bangalore,Bangalore APMC,Onion,1500,1106.9,2026-02-05
Belgaum,Belgaum APMC,Onion,1500,32.5,2026-02-05
Bijapur,Bijapur APMC,Onion,1000,116.3,2026-02-05
Chikmagalur,Kadur APMC,Onion,2775,0.6,2026-02-05
Davangere,Davangere APMC,Onion,1600,210,2026-02-05
Dharwad,Hubli (Amaragol) APMC,Onion,1600,348.7,2026-02-05
Kolar,Bangarpet APMC,Onion,2300,0.6,2026-02-05
Kolar,Chintamani APMC,Onion,1500,8.9,2026-02-05
Kolar,Gowribidanoor APMC,Onion,2000,0.4,2026-02-05
Raichur,Raichur APMC,Onion,1100,93.3,2026-02-05
Shimoga,Shimoga APMC,Onion,2500,5,2026-02-05
Bangalore,Bangalore APMC,Potato,1800,302.3,2026-02-05
Bangalore,Bangalore APMC,Potato,1200,453.5,2026-02-05
Belgaum,Belgaum APMC,Potato,1000,54.4,2026-02-05
Chikmagalur,Chikkamagalore APMC,Potato,2000,2.5,2026-02-05
Davangere,Davangere APMC,Potato,2000,4,2026-02-05
Dharwad,Hubli (Amaragol) APMC,Potato,1400,65.8,2026-02-05
Kalburgi,Kalburgi APMC,Potato,1200,20,2026-02-05
Kolar,Bangarpet APMC,Potato,2000,0.5,2026-02-05
Kolar,Bhagepalli APMC,Potato,1300,0.2,2026-02-05
Kolar,Gowribidanoor APMC,Potato,2000,0.3,2026-02-05
Shimoga,Shimoga APMC,Potato,2500,4,2026-02-05
Bangalore,"Binny Mill (F&V), Bangalore APMC",Tomato,1800,41.6,2026-02-06
Bangalore,Doddaballa Pur APMC,Tomato,1700,1.2,2026-02-06
Bangalore,Ramanagara APMC,Tomato,1200,11.4,2026-02-06
Chamrajnagar,Chamaraj Nagar APMC,Tomato,1100,6,2026-02-06
Chamrajnagar,Gundlupet APMC,Tomato,1400,11.8,2026-02-06
Chikmagalur,Chikkamagalore APMC,Tomato,1786,8.4,2026-02-06
Davangere,Davangere APMC,Tomato,600,3,2026-02-06
Haveri,Ranebennur APMC,Tomato,2500,0.3,2026-02-06
Kalburgi,Kalburgi APMC,Tomato,750,5,2026-02-06
Kolar,Bangarpet APMC,Tomato,1000,2.5,2026-02-06
Kolar,Bhagepalli APMC,Tomato,1154,1.6,2026-02-06
Kolar,Chintamani APMC,Tomato,730,39.8,2026-02-06
Kolar,Kolar APMC,Tomato,800,566.7,2026-02-06
Kolar,Mulabagilu APMC,Tomato,666,182.2,2026-02-06
Mandya,K.R. Pet APMC,Tomato,1400,5,2026-02-06
Mysore,Mysore (Bandipalya) APMC,Tomato,1300,8.9,2026-02-06
Shimoga,Shimoga APMC,Tomato,700,41.2,2026-02-06
Bangalore,Bangalore APMC,Onion,600,242,2026-02-06
Bangalore,Bangalore APMC,Onion,1200,483.8,2026-02-06
Bangalore,Bangalore APMC,Onion,1700,483.8,2026-02-06
Bangalore,Bangalore APMC,Onion,1500,1209.5,2026-02-06
Bangalore,Doddaballa Pur APMC,Onion,2000,1.4,2026-02-06
Belgaum,Belgaum APMC,Onion,1500,12.9,2026-02-06
Bijapur,Bijapur APMC,Onion,1090,42.8,2026-02-06
Chikmagalur,Chikkamagalore APMC,Onion,1833,2.6,2026-02-06
Davangere,Davangere APMC,Onion,1500,157.5,2026-02-06
Dharwad,Hubli (Amaragol) APMC,Onion,1800,294,2026-02-06
Kolar,Bangarpet APMC,Onion,2300,0.7,2026-02-06
Mandya,K.R. Pet APMC,Onion,1500,3,2026-02-06
Mysore,Mysore (Bandipalya) APMC,Onion,1100,85.2,2026-02-06
Raichur,Raichur APMC,Onion,970,81.9,2026-02-06
Shimoga,Shimoga APMC,Onion,2500,5,2026-02-06
Bangalore,Bangalore APMC,Potato,1800,436.8,2026-02-06
Bangalore,Bangalore APMC,Potato,1200,655,2026-02-06
Bangalore,Doddaballa Pur APMC,Potato,2200,1,2026-02-06
Belgaum,Belgaum APMC,Potato,1000,279,2026-02-06
Chikmagalur,Chikkamagalore APMC,Potato,2012,5.8,2026-02-06
Davangere,Davangere APMC,Potato,2200,3.5,2026-02-06
Dharwad,Hubli (Amaragol) APMC,Potato,1400,78.4,2026-02-06
Kalburgi,Kalburgi APMC,Potato,1000,20,2026-02-06
Kolar,Bangarpet APMC,Potato,1500,0.7,2026-02-06
Kolar,Kolar APMC,Potato,1800,2,2026-02-06
Shimoga,Shimoga APMC,Potato,2500,4,2026-02-06
Bangalore,"Binny Mill (F&V), Bangalore APMC",Tomato,1800,42.2,2026-02-07
Bangalore,Doddaballa Pur APMC,Tomato,1700,1.4,2026-02-07
Bangalore,Ramanagara APMC,Tomato,1400,9.4,2026-02-07
Chamrajnagar,Chamaraj Nagar APMC,Tomato,1100,5,2026-02-07
Chamrajnagar,Gundlupet APMC,Tomato,1400,14.8,2026-02-07
Chikmagalur,Chikkamagalore APMC,Tomato,1961,6.8,2026-02-07
Davangere,Davangere APMC,Tomato,700,3,2026-02-07
Hassan,Arasikere APMC,Tomato,1000,18.3,2026-02-07
Haveri,Ranebennur APMC,Tomato,2400,0.3,2026-02-07
Kalburgi,Kalburgi APMC,Tomato,1200,8,2026-02-07
Kolar,Bangarpet APMC,Tomato,1000,2.3,2026-02-07
Kolar,Bhagepalli APMC,Tomato,1000,2.3,2026-02-07
Kolar,Chintamani APMC,Tomato,730,40.1,2026-02-07
Kolar,Kolar APMC,Tomato,660,480,2026-02-07
Mysore,Nanjangud APMC,Tomato,3030,5,2026-02-07
Bangalore,Bangalore APMC,Onion,600,382.2,2026-02-07
Bangalore,Bangalore APMC,Onion,1200,764.2,2026-02-07
Bangalore,Bangalore APMC,Onion,1700,764.2,2026-02-07
Bangalore,Bangalore APMC,Onion,1500,1910.6,2026-02-07
Bangalore,Doddaballa Pur APMC,Onion,2000,1.5,2026-02-07
Belgaum,Belgaum APMC,Onion,1200,669.2,2026-02-07
Chikmagalur,Chikkamagalore APMC,Onion,2012,5.8,2026-02-07
Davangere,Davangere APMC,Onion,1500,172.5,2026-02-07
Dharwad,Hubli (Amaragol) APMC,Onion,1700,326,2026-02-07
Kalburgi,Kalburgi APMC,Onion,1100,70,2026-02-07
Kolar,Bangarpet APMC,Onion,2300,0.7,2026-02-07
Raichur,Raichur APMC,Onion,1200,70.4,2026-02-07
Bangalore,Bangalore APMC,Potato,1800,364.8,2026-02-07
Bangalore,Bangalore APMC,Potato,1200,547.1,2026-02-07
Bangalore,Doddaballa Pur APMC,Potato,2300,1,2026-02-07
Belgaum,Belgaum APMC,Potato,1500,243.4,2026-02-07
Chikmagalur,Chikkamagalore APMC,Potato,2012,5.8,2026-02-07
Davangere,Davangere APMC,Potato,2100,3.5,2026-02-07
Dharwad,Hubli (Amaragol) APMC,Potato,1300,162,2026-02-07
Hassan,Arasikere APMC,Potato,1500,3,2026-02-07
Kalburgi,Kalburgi APMC,Potato,1100,40,2026-02-07
Kolar,Bangarpet APMC,Potato,1500,0.8,2026-02-07
Kolar,Malur APMC,Potato,1500,6.7,2026-02-07
Mysore,Nanjangud APMC,Potato,3030,4,2026-02-07
Bangalore,Ramanagara APMC,Tomato,1250,11,2026-02-08
Bellary,Hospet APMC,Tomato,800,16,2026-02-08
Hassan,Belur APMC,Tomato,1200,5.8,2026-02-08
Haveri,Ranebennur APMC,Tomato,2200,0.7,2026-02-08
Kolar,Chintamani APMC,Tomato,660,37.5,2026-02-08
Kolar,Gowribidanoor APMC,Tomato,1300,1.5,2026-02-08
Kolar,Mulabagilu APMC,Tomato,900,153.5,2026-02-08
Mysore,Mysore (Bandipalya) APMC,Tomato,1300,12.7,2026-02-08
Shimoga,Shimoga APMC,Tomato,1000,37.5,2026-02-08
Bellary,Hospet APMC,Onion,1800,5,2026-02-08
Hassan,Belur APMC,Onion,1800,1.8,2026-02-08
Kolar,Gowribidanoor APMC,Onion,2000,0.4,2026-02-08
Shimoga,Shimoga APMC,Onion,2500,7.5,2026-02-08
Bellary,Hospet APMC,Potato,1400,5,2026-02-08
Kolar,Gowribidanoor APMC,Potato,1500,0.4,2026-02-08
Shimoga,Shimoga APMC,Potato,2500,6,2026-02-08
Bangalore,"Binny Mill (F&V), Bangalore APMC",Tomato,1500,45.3,2026-02-09
Bangalore,Channapatana APMC,Tomato,1250,4,2026-02-09
Bangalore,Ramanagara APMC,Tomato,1300,8.4,2026-02-09
Bellary,Hospet APMC,Tomato,800,5,2026-02-09
Chamrajnagar,Chamaraj Nagar APMC,Tomato,1450,4,2026-02-09
Chamrajnagar,Gundlupet APMC,Tomato,1400,14.3,2026-02-09
Hassan,Belur APMC,Tomato,1250,3.9,2026-02-09
Haveri,Ranebennur APMC,Tomato,2200,0.3,2026-02-09
Kalburgi,Kalburgi APMC,Tomato,750,6,2026-02-09
Kolar,Bangarpet APMC,Tomato,1200,4.1,2026-02-09
Kolar,Bhagepalli APMC,Tomato,692,2.5,2026-02-09
Kolar,Chintamani APMC,Tomato,730,39.7,2026-02-09
Kolar,Gowribidanoor APMC,Tomato,1750,1,2026-02-09
Kolar,Kolar APMC,Tomato,660,555,2026-02-09
Kolar,Mulabagilu APMC,Tomato,1000,141.7,2026-02-09
Mysore,Mysore (Bandipalya) APMC,Tomato,1300,12.4,2026-02-09
Shimoga,Shimoga APMC,Tomato,1000,32.5,2026-02-09
Bangalore,Bangalore APMC,Onion,600,266,2026-02-09
Bangalore,Bangalore APMC,Onion,1200,532,2026-02-09
Bangalore,Bangalore APMC,Onion,1700,532,2026-02-09
Bangalore,Bangalore APMC,Onion,1500,1330.3,2026-02-09
Bellary,Hospet APMC,Onion,1600,2,2026-02-09
Bijapur,Bijapur APMC,Onion,1000,97.5,2026-02-09
Chikmagalur,Chikkamagalore APMC,Onion,2052,6.5,2026-02-09
Davangere,Davangere APMC,Onion,1700,165,2026-02-09
Kolar,Gowribidanoor APMC,Onion,2750,0.4,2026-02-09
Mysore,Mysore (Bandipalya) APMC,Onion,1000,495.5,2026-02-09
Raichur,Raichur APMC,Onion,1100,142.8,2026-02-09
Shimoga,Shimoga APMC,Onion,2500,5,2026-02-09
Bangalore,Bangalore APMC,Potato,1800,462.1,2026-02-09
Bangalore,Bangalore APMC,Potato,1200,693.2,2026-02-09
Bellary,Hospet APMC,Potato,1400,2.5,2026-02-09
Chikmagalur,Chikkamagalore APMC,Potato,2020,6.6,2026-02-09
Kalburgi,Kalburgi APMC,Potato,1000,20,2026-02-09
Kolar,Bangarpet APMC,Potato,1200,1.6,2026-02-09
Kolar,Gowribidanoor APMC,Potato,1800,0.5,2026-02-09
Kolar,Kolar APMC,Potato,1300,2.4,2026-02-09
Mysore,Mysore (Bandipalya) APMC,Potato,1100,291.4,2026-02-09
Shimoga,Shimoga APMC,Potato,2500,4,2026-02-09
Bangalore,"Binny Mill (F&V), Bangalore APMC",Tomato,1800,43.7,2026-02-10
Bangalore,Ramanagara APMC,Tomato,1250,9.8,2026-02-10
Chamrajnagar,Chamaraj Nagar APMC,Tomato,1350,4,2026-02-10
Chamrajnagar,Gundlupet APMC,Tomato,1400,9.7,2026-02-10
Chikmagalur,Chikkamagalore APMC,Tomato,1852,1.8,2026-02-10
Davangere,Davangere APMC,Tomato,800,3.5,2026-02-10
Haveri,Ranebennur APMC,Tomato,2500,0.3,2026-02-10
Kalburgi,Kalburgi APMC,Tomato,750,7,2026-02-10
Kolar,Bangarpet APMC,Tomato,1200,2.8,2026-02-10
Kolar,Chintamani APMC,Tomato,730,38.2,2026-02-10
Mandya,K.R. Pet APMC,Tomato,1500,6.1,2026-02-10
Mysore,Mysore (Bandipalya) APMC,Tomato,1400,8.9,2026-02-10
Shimoga,Shimoga APMC,Tomato,1000,40,2026-02-10
Bagalkot,Bagalakot APMC,Onion,1400,80.2,2026-02-10
Bangalore,Bangalore APMC,Onion,600,327.3,2026-02-10
Bangalore,Bangalore APMC,Onion,1200,654.7,2026-02-10
Bangalore,Bangalore APMC,Onion,1700,654.7,2026-02-10
Bangalore,Bangalore APMC,Onion,1500,1636.8,2026-02-10
Belgaum,Belgaum APMC,Onion,1200,24.5,2026-02-10
Bellary,Hospet APMC,Onion,1600,3,2026-02-10
Bijapur,Bijapur APMC,Onion,1126,37,2026-02-10
Chikmagalur,Chikkamagalore APMC,Onion,2020,3.3,2026-02-10
Davangere,Davangere APMC,Onion,1700,183,2026-02-10
Dharwad,Hubli (Amaragol) APMC,Onion,1600,217,2026-02-10
Kolar,Bangarpet APMC,Onion,2500,0.7,2026-02-10
Kolar,Chickkaballapura APMC,Onion,2200,4,2026-02-10
Mysore,Mysore (Bandipalya) APMC,Onion,1050,114.9,2026-02-10
Raichur,Raichur APMC,Onion,1160,69.7,2026-02-10
Shimoga,Shimoga APMC,Onion,2250,5,2026-02-10
Bangalore,Bangalore APMC,Potato,1800,403.8,2026-02-10
Bangalore,Bangalore APMC,Potato,1200,605.7,2026-02-10
Belgaum,Belgaum APMC,Potato,1500,186.2,2026-02-10
Bellary,Hospet APMC,Potato,1200,1,2026-02-10
Chikmagalur,Chikkamagalore APMC,Potato,2024,4.2,2026-02-10
Davangere,Davangere APMC,Potato,2100,4,2026-02-10
Dharwad,Hubli (Amaragol) APMC,Potato,1300,148,2026-02-10
Kalburgi,Kalburgi APMC,Potato,1200,25,2026-02-10
Kolar,Bangarpet APMC,Potato,1500,0.4,2026-02-10
Kolar,Chickkaballapura APMC,Potato,800,12.5,2026-02-10
Mysore,Nanjangud APMC,Potato,3333,4.5,2026-02-10
Shimoga,Shimoga APMC,Potato,2500,4,2026-02-10
Bangalore,"Binny Mill (F&V), Bangalore APMC",Tomato,1800,30.5,2026-02-11
Bangalore,Ramanagara APMC,Tomato,1000,11.4,2026-02-11
Chamrajnagar,Chamaraj Nagar APMC,Tomato,1100,4.5,2026-02-11
Chamrajnagar,Gundlupet APMC,Tomato,1500,10,2026-02-11
Chikmagalur,Chikkamagalore APMC,Tomato,1864,11,2026-02-11
Davangere,Davangere APMC,Tomato,700,3,2026-02-11
Hassan,Belur APMC,Tomato,1800,3.7,2026-02-11
Hassan,Hassan APMC,Tomato,1900,13.5,2026-02-11
Haveri,Ranebennur APMC,Tomato,2300,0.3,2026-02-11
Kalburgi,Kalburgi APMC,Tomato,750,9,2026-02-11
Kolar,Bangarpet APMC,Tomato,1000,2.2,2026-02-11
Kolar,Chickkaballapura APMC,Tomato,1116,21.1,2026-02-11
Kolar,Chintamani APMC,Tomato,660,38.2,2026-02-11
Kolar,Gowribidanoor APMC,Tomato,2000,1.2,2026-02-11
Kolar,Kolar APMC,Tomato,660,683.3,2026-02-11
Kolar,Mulabagilu APMC,Tomato,666,248.8,2026-02-11
Mysore,Mysore (Bandipalya) APMC,Tomato,1400,1.2,2026-02-11
Shimoga,Shimoga APMC,Tomato,800,35,2026-02-11
Bangalore,Bangalore APMC,Onion,600,293.7,2026-02-11
Bangalore,Bangalore APMC,Onion,1200,587.5,2026-02-11
Bangalore,Bangalore APMC,Onion,1700,587.5,2026-02-11
Bangalore,Bangalore APMC,Onion,1500,1468.6,2026-02-11
Belgaum,Belgaum APMC,Onion,1400,1192.3,2026-02-11
Chikmagalur,Chikkamagalore APMC,Onion,1961,1.7,2026-02-11
Davangere,Davangere APMC,Onion,1700,180,2026-02-11
Dharwad,Hubli (Amaragol) APMC,Onion,1300,389.7,2026-02-11
Hassan,Belur APMC,Onion,2000,3.3,2026-02-11
Hassan,Hassan APMC,Onion,1200,351.7,2026-02-11
Kalburgi,Kalburgi APMC,Onion,850,179,2026-02-11
Kolar,Bangarpet APMC,Onion,2300,1,2026-02-11
Kolar,Gowribidanoor APMC,Onion,2000,0.4,2026-02-11
Kolar,Malur APMC,Onion,2000,2.5,2026-02-11
Mysore,Mysore (Bandipalya) APMC,Onion,1100,51.3,2026-02-11
Raichur,Raichur APMC,Onion,1100,71.6,2026-02-11
Shimoga,Shimoga APMC,Onion,2250,5,2026-02-11
Bangalore,Bangalore APMC,Potato,1800,402.4,2026-02-11
Bangalore,Bangalore APMC,Potato,1200,603.7,2026-02-11
Belgaum,Belgaum APMC,Potato,1400,305.7,2026-02-11
Chikmagalur,Chikkamagalore APMC,Potato,2016,4.3,2026-02-11
Davangere,Davangere APMC,Potato,2200,3.5,2026-02-11
Dharwad,Hubli (Amaragol) APMC,Potato,1300,108.5,2026-02-11
Kalburgi,Kalburgi APMC,Potato,750,40,2026-02-11
Kolar,Bangarpet APMC,Potato,2132,68,2026-02-11
Kolar,Bangarpet APMC,Potato,1500,0.7,2026-02-11
Kolar,Gowribidanoor APMC,Potato,2000,0.4,2026-02-11
Shimoga,Shimoga APMC,Potato,2500,4,2026-02-11
Bangalore,"Binny Mill (F&V), Bangalore APMC",Tomato,1500,42.3,2026-02-12
Bangalore,Channapatana APMC,Tomato,1000,5.1,2026-02-12
Bangalore,Ramanagara APMC,Tomato,1000,8.4,2026-02-12
Chamrajnagar,Chamaraj Nagar APMC,Tomato,1000,5,2026-02-12
Chamrajnagar,Gundlupet APMC,Tomato,1500,3.3,2026-02-12
Davangere,Davangere APMC,Tomato,800,3.5,2026-02-12
Haveri,Ranebennur APMC,Tomato,2200,0.7,2026-02-12
Kalburgi,Kalburgi APMC,Tomato,750,5,2026-02-12
Kolar,Bangarpet APMC,Tomato,1000,2.5,2026-02-12
Kolar,Bhagepalli APMC,Tomato,923,2.7,2026-02-12
Kolar,Chintamani APMC,Tomato,660,36.1,2026-02-12
Kolar,Kolar APMC,Tomato,600,603.3,2026-02-12
Kolar,Mulabagilu APMC,Tomato,800,151.5,2026-02-12
Mysore,Mysore (Bandipalya) APMC,Tomato,1300,8.9,2026-02-12
Mysore,T. Narasipura APMC,Tomato,2000,0.8,2026-02-12
Shimoga,Shimoga APMC,Tomato,800,41.2,2026-02-12
Bangalore,Bangalore APMC,Onion,500,319.6,2026-02-12
Bangalore,Bangalore APMC,Onion,1200,639,2026-02-12
Bangalore,Bangalore APMC,Onion,1600,639,2026-02-12
Bangalore,Bangalore APMC,Onion,1500,1597.6,2026-02-12
Bijapur,Bijapur APMC,Onion,1000,135.4,2026-02-12
Davangere,Davangere APMC,Onion,1600,173,2026-02-12
Dharwad,Hubli (Amaragol) APMC,Onion,1400,431,2026-02-12
Kolar,Bangarpet APMC,Onion,2300,0.8,2026-02-12
Kolar,Chintamani APMC,Onion,1500,11.5,2026-02-12
Mangalore(Dakshin Kannad),Mangalore APMC,Onion,2000,5,2026-02-12
Mysore,Mysore (Bandipalya) APMC,Onion,1200,24.1,2026-02-12
Mysore,T. Narasipura APMC,Onion,3000,1.4,2026-02-12
Shimoga,Shimoga APMC,Onion,2250,5,2026-02-12
Bangalore,Bangalore APMC,Potato,1800,384.3,2026-02-12
Bangalore,Bangalore APMC,Potato,1200,576.5,2026-02-12
Davangere,Davangere APMC,Potato,2000,4,2026-02-12
Dharwad,Hubli (Amaragol) APMC,Potato,1400,148,2026-02-12
Kalburgi,Kalburgi APMC,Potato,650,20,2026-02-12
Kolar,Bangarpet APMC,Potato,2000,0.5,2026-02-12
Kolar,Bhagepalli APMC,Potato,1250,0.3,2026-02-12
Kolar,Kolar APMC,Potato,1100,3.5,2026-02-12
Mysore,T. Narasipura APMC,Potato,2000,0.8,2026-02-12
Shimoga,Shimoga APMC,Potato,2500,4,2026-02-12
Bangalore,"Binny Mill (F&V), Bangalore APMC",Tomato,1500,43.4,2026-02-13
Bangalore,Channapatana APMC,Tomato,900,5.5,2026-02-13
Bangalore,Ramanagara APMC,Tomato,1200,9,2026-02-13
Chamrajnagar,Chamaraj Nagar APMC,Tomato,1200,4.5,2026-02-13
Chamrajnagar,Gundlupet APMC,Tomato,1400,16.8,2026-02-13
Davangere,Davangere APMC,Tomato,1000,3,2026-02-13
Haveri,Ranebennur APMC,Tomato,2500,0.3,2026-02-13
Kalburgi,Kalburgi APMC,Tomato,875,7.5,2026-02-13
Kolar,Bangarpet APMC,Tomato,1200,2.5,2026-02-13
Kolar,Bhagepalli APMC,Tomato,846,22.7,2026-02-13
Kolar,Chickkaballapura APMC,Tomato,1077,22.3,2026-02-13
Kolar,Chintamani APMC,Tomato,660,36,2026-02-13
Mysore,Mysore (Bandipalya) APMC,Tomato,1300,9.5,2026-02-13
Shimoga,Shimoga APMC,Tomato,800,38.7,2026-02-13
Bangalore,Bangalore APMC,Onion,500,334.7,2026-02-13
Bangalore,Bangalore APMC,Onion,1200,669.5,2026-02-13
Bangalore,Bangalore APMC,Onion,1600,669.5,2026-02-13
Bangalore,Bangalore APMC,Onion,1500,1673.7,2026-02-13
Belgaum,Belgaum APMC,Onion,1400,24.7,2026-02-13
Bijapur,Bijapur APMC,Onion,1126,45.7,2026-02-13
Dharwad,Hubli (Amaragol) APMC,Onion,1300,318,2026-02-13
Kolar,Bangarpet APMC,Onion,2300,0.8,2026-02-13
Kolar,Chickkaballapura APMC,Onion,1900,4,2026-02-13
Raichur,Raichur APMC,Onion,1100,103.9,2026-02-13
Shimoga,Shimoga APMC,Onion,2250,5,2026-02-13
Bangalore,Bangalore APMC,Potato,1800,387.7,2026-02-13
Bangalore,Bangalore APMC,Potato,1200,581.5,2026-02-13
Belgaum,Belgaum APMC,Potato,1400,152.6,2026-02-13
Davangere,Davangere APMC,Potato,2000,3,2026-02-13
Dharwad,Hubli (Amaragol) APMC,Potato,1400,124,2026-02-13
Hassan,Hassan APMC,Potato,1200,77,2026-02-13
Kolar,Bangarpet APMC,Potato,2109,275,2026-02-13
Kolar,Bangarpet APMC,Potato,1500,0.8,2026-02-13
Kolar,Chickkaballapura APMC,Potato,1000,25,2026-02-13
Shimoga,Shimoga APMC,Potato,2500,4,2026-02-13
Bangalore,Ramanagara APMC,Tomato,1200,11.4,2026-02-14
Chamrajnagar,Chamaraj Nagar APMC,Tomato,900,7,2026-02-14
Haveri,Ranebennur APMC,Tomato,2000,0.7,2026-02-14
Kolar,Chickkaballapura APMC,Tomato,1058,20,2026-02-14
Bagalkot,Bagalakot APMC,Onion,1100,136.7,2026-02-14
Belgaum,Belgaum APMC,Onion,1200,1500.2,2026-02-14
Dharwad,Hubli (Amaragol) APMC,Onion,1600,356,2026-02-14
Kolar,Chickkaballapura APMC,Onion,2000,7.5,2026-02-14
Raichur,Raichur APMC,Onion,1100,39.3,2026-02-14
Belgaum,Belgaum APMC,Potato,1400,88.7,2026-02-14
Dharwad,Hubli (Amaragol) APMC,Potato,1400,129,2026-02-14
Kolar,Chickkaballapura APMC,Potato,1000,15,2026-02-14
Bangalore,Ramanagara APMC,Tomato,1250,8.4,2026-02-15
Haveri,Ranebennur APMC,Tomato,2100,0.6,2026-02-15
Kolar,Chickkaballapura APMC,Tomato,1031,19.3,2026-02-15
Kolar,Chintamani APMC,Tomato,730,35.5,2026-02-15
Kolar,Gowribidanoor APMC,Tomato,2000,1.2,2026-02-15
Kolar,Kolar APMC,Tomato,600,495,2026-02-15
Mysore,Mysore (Bandipalya) APMC,Tomato,1300,8.6,2026-02-15
Shimoga,Shimoga APMC,Tomato,1200,30,2026-02-15
Bijapur,Bijapur APMC,Onion,1101,260.7,2026-02-15
Kolar,Chickkaballapura APMC,Onion,1900,2.5,2026-02-15
Kolar,Gowribidanoor APMC,Onion,2000,0.3,2026-02-15
Shimoga,Shimoga APMC,Onion,2250,7.5,2026-02-15
Kolar,Chickkaballapura APMC,Potato,900,13,2026-02-15
Kolar,Gowribidanoor APMC,Potato,2500,0.4,2026-02-15
Shimoga,Shimoga APMC,Potato,2500,4,2026-02-15
Bangalore,"Binny Mill (F&V), Bangalore APMC",Tomato,1600,75.3,2026-02-16
Bangalore,Kanakapura APMC,Tomato,1500,0.5,2026-02-16
Bangalore,Ramanagara APMC,Tomato,1500,4.4,2026-02-16
Chamrajnagar,Chamaraj Nagar APMC,Tomato,900,6,2026-02-16
Chamrajnagar,Gundlupet APMC,Tomato,1500,18.2,2026-02-16
Chikmagalur,Chikkamagalore APMC,Tomato,1640,6.1,2026-02-16
Chikmagalur,Kadur APMC,Tomato,1515,9.9,2026-02-16
Hassan,Arasikere APMC,Tomato,1000,12.1,2026-02-16
Haveri,Ranebennur APMC,Tomato,2200,0.6,2026-02-16
Kalburgi,Kalburgi APMC,Tomato,850,6,2026-02-16
Kolar,Chickkaballapura APMC,Tomato,1154,4.1,2026-02-16
Kolar,Chintamani APMC,Tomato,730,36.1,2026-02-16
Kolar,Gowribidanoor APMC,Tomato,2000,1,2026-02-16
Mysore,Mysore (Bandipalya) APMC,Tomato,1400,9.5,2026-02-16
Mysore,Nanjangud APMC,Tomato,2564,4,2026-02-16
Mysore,T. Narasipura APMC,Tomato,1000,4.5,2026-02-16
Shimoga,Shimoga APMC,Tomato,1100,36.2,2026-02-16
Bangalore,Bangalore APMC,Onion,500,261.8,2026-02-16
Bangalore,Bangalore APMC,Onion,1200,523.6,2026-02-16
Bangalore,Bangalore APMC,Onion,1600,523.6,2026-02-16
Bangalore,Bangalore APMC,Onion,1500,1309,2026-02-16
Bijapur,Bijapur APMC,Onion,1200,190.5,2026-02-16
Chikmagalur,Chikkamagalore APMC,Onion,2003,10.7,2026-02-16
Chikmagalur,Kadur APMC,Onion,2775,8.4,2026-02-16
Davangere,Davangere APMC,Onion,1500,235,2026-02-16
Dharwad,Hubli (Amaragol) APMC,Onion,1500,274,2026-02-16
Hassan,Channarayapatna APMC,Onion,3000,5.4,2026-02-16
Kolar,Bangarpet APMC,Onion,2300,1.1,2026-02-16
Kolar,Chickkaballapura APMC,Onion,1900,2,2026-02-16
Kolar,Gowribidanoor APMC,Onion,2000,0.4,2026-02-16
Mysore,Mysore (Bandipalya) APMC,Onion,1500,122.5,2026-02-16
Mysore,T. Narasipura APMC,Onion,2000,6.2,2026-02-16
Raichur,Raichur APMC,Onion,1245,18,2026-02-16
Shimoga,Shimoga APMC,Onion,2250,5,2026-02-16
Udupi,Udupi APMC,Onion,2000,22,2026-02-16
Bangalore,Bangalore APMC,Potato,1800,438.9,2026-02-16
Bangalore,Bangalore APMC,Potato,1200,658.3,2026-02-16
Chikmagalur,Chikkamagalore APMC,Potato,2037,9,2026-02-16
Dharwad,Hubli (Amaragol) APMC,Potato,1400,198,2026-02-16
Hassan,Arasikere APMC,Potato,1000,1.5,2026-02-16
Hassan,Channarayapatna APMC,Potato,3500,1.1,2026-02-16
Kalburgi,Kalburgi APMC,Potato,1000,20,2026-02-16
Kolar,Chickkaballapura APMC,Potato,800,7.5,2026-02-16
Kolar,Gowribidanoor APMC,Potato,2500,0.3,2026-02-16
Mysore,Mysore (Bandipalya) APMC,Potato,1200,100.1,2026-02-16
Mysore,T. Narasipura APMC,Potato,2000,2.8,2026-02-16
Shimoga,Shimoga APMC,Potato,2500,4,2026-02-16
Udupi,Udupi APMC,Potato,1800,8,2026-02-16
Bangalore,"Binny Mill (F&V), Bangalore APMC",Tomato,1700,36.9,2026-02-17
Bangalore,Channapatana APMC,Tomato,2000,1,2026-02-17
Bangalore,Doddaballa Pur APMC,Tomato,1500,1.1,2026-02-17
Bangalore,Kanakapura APMC,Tomato,1800,0.8,2026-02-17
Bangalore,Ramanagara APMC,Tomato,1800,8.6,2026-02-17
Chamrajnagar,Chamaraj Nagar APMC,Tomato,800,2,2026-02-17
Chamrajnagar,Gundlupet APMC,Tomato,1400,4.5,2026-02-17
Chikmagalur,Chikkamagalore APMC,Tomato,1755,1.9,2026-02-17
Chikmagalur,Kadur APMC,Tomato,1387,3.6,2026-02-17
Davangere,Davangere APMC,Tomato,1000,3.5,2026-02-17
Haveri,Ranebennur APMC,Tomato,2500,0.3,2026-02-17
Kalburgi,Kalburgi APMC,Tomato,850,6,2026-02-17
Kolar,Bangarpet APMC,Tomato,1200,2.7,2026-02-17
Kolar,Chickkaballapura APMC,Tomato,1212,14.7,2026-02-17
Kolar,Chintamani APMC,Tomato,730,35.5,2026-02-17
Kolar,Kolar APMC,Tomato,800,429,2026-02-17
Kolar,Mulabagilu APMC,Tomato,800,137.5,2026-02-17
Mandya,K.R. Pet APMC,Tomato,1500,4.6,2026-02-17
Mysore,Mysore (Bandipalya) APMC,Tomato,1600,8.2,2026-02-17
Shimoga,Shimoga APMC,Tomato,1000,37.5,2026-02-17
Bagalkot,Bagalakot APMC,Onion,1200,113.7,2026-02-17
Bangalore,Bangalore APMC,Onion,500,297.5,2026-02-17
Bangalore,Bangalore APMC,Onion,1200,594.9,2026-02-17
Bangalore,Bangalore APMC,Onion,1600,594.9,2026-02-17
Bangalore,Bangalore APMC,Onion,1500,1487.2,2026-02-17
Bangalore,Doddaballa Pur APMC,Onion,2200,1.5,2026-02-17
Belgaum,Belgaum APMC,Onion,1200,66.5,2026-02-17
Bijapur,Bijapur APMC,Onion,1108,43.6,2026-02-17
Chikmagalur,Chikkamagalore APMC,Onion,1961,1.7,2026-02-17
Davangere,Davangere APMC,Onion,1500,197.5,2026-02-17
Dharwad,Hubli (Amaragol) APMC,Onion,1400,410,2026-02-17
Kolar,Bangarpet APMC,Onion,2000,0.7,2026-02-17
Kolar,Chickkaballapura APMC,Onion,1950,2,2026-02-17
Mandya,K.R. Pet APMC,Onion,1200,7.5,2026-02-17
Mangalore(Dakshin Kannad),Mangalore APMC,Onion,1700,5,2026-02-17
Mysore,Mysore (Bandipalya) APMC,Onion,1500,63.8,2026-02-17
Shimoga,Shimoga APMC,Onion,2250,5,2026-02-17
Udupi,Udupi APMC,Onion,2000,3.7,2026-02-17
Bangalore,Bangalore APMC,Potato,1800,406.2,2026-02-17
Bangalore,Bangalore APMC,Potato,1200,609.2,2026-02-17
Bangalore,Doddaballa Pur APMC,Potato,2400,1.2,2026-02-17
Belgaum,Belgaum APMC,Potato,1400,151.9,2026-02-17
Chikmagalur,Chikkamagalore APMC,Potato,1945,1.8,2026-02-17
Davangere,Davangere APMC,Potato,1800,4,2026-02-17
Dharwad,Hubli (Amaragol) APMC,Potato,1350,90,2026-02-17
Kalburgi,Kalburgi APMC,Potato,1000,20,2026-02-17
Kolar,Bangarpet APMC,Potato,2300,0.8,2026-02-17
Kolar,Chickkaballapura APMC,Potato,1000,15,2026-02-17
Mangalore(Dakshin Kannad),Mangalore APMC,Potato,1800,5,2026-02-17
Mysore,Mysore (Bandipalya) APMC,Potato,1100,20,2026-02-17
Shimoga,Shimoga APMC,Potato,2500,4,2026-02-17
Udupi,Udupi APMC,Potato,1800,1.8,2026-02-17
Bangalore,"Binny Mill (F&V), Bangalore APMC",Tomato,2000,46.3,2026-02-18
Bangalore,Channapatana APMC,Tomato,2000,1.6,2026-02-18
Bangalore,Doddaballa Pur APMC,Tomato,1300,1.4,2026-02-18
Bangalore,Kanakapura APMC,Tomato,1300,1.1,2026-02-18
Bangalore,Ramanagara APMC,Tomato,1300,11,2026-02-18
Bellary,Hospet APMC,Tomato,800,5.6,2026-02-18
Chamrajnagar,Chamaraj Nagar APMC,Tomato,1100,6,2026-02-18
Chamrajnagar,Gundlupet APMC,Tomato,1600,5.7,2026-02-18
Chikmagalur,Chikkamagalore APMC,Tomato,1755,3.8,2026-02-18
Chikmagalur,Kadur APMC,Tomato,1513,5.6,2026-02-18
Davangere,Davangere APMC,Tomato,900,3,2026-02-18
Hassan,Belur APMC,Tomato,1500,2.2,2026-02-18
Hassan,Hassan APMC,Tomato,2000,17.2,2026-02-18
Haveri,Ranebennur APMC,Tomato,2200,0.4,2026-02-18
Kalburgi,Kalburgi APMC,Tomato,850,6,2026-02-18
Kolar,Bangarpet APMC,Tomato,1200,2.5,2026-02-18
Kolar,Bhagepalli APMC,Tomato,846,37.2,2026-02-18
Kolar,Chickkaballapura APMC,Tomato,1258,17,2026-02-18
Kolar,Chintamani APMC,Tomato,730,30,2026-02-18
Kolar,Gowribidanoor APMC,Tomato,1500,1.5,2026-02-18
Kolar,Kolar APMC,Tomato,600,645,2026-02-18
Kolar,Mulabagilu APMC,Tomato,933,159.7,2026-02-18
Mysore,Mysore (Bandipalya) APMC,Tomato,1500,7.8,2026-02-18
Mysore,T. Narasipura APMC,Tomato,2000,1.5,2026-02-18
Shimoga,Shimoga APMC,Tomato,1200,37.5,2026-02-18
Bangalore,Bangalore APMC,Onion,600,235.8,2026-02-18
Bangalore,Bangalore APMC,Onion,1600,471.8,2026-02-18
Bangalore,Bangalore APMC,Onion,1600,471.8,2026-02-18
Bangalore,Bangalore APMC,Onion,1400,1179.4,2026-02-18
Bangalore,Doddaballa Pur APMC,Onion,2300,2.4,2026-02-18
Bangalore,Ramanagara APMC,Onion,2000,45.7,2026-02-18
Belgaum,Belgaum APMC,Onion,1300,1413.9,2026-02-18
Bellary,Hospet APMC,Onion,2100,1,2026-02-18
Chikmagalur,Chikkamagalore APMC,Onion,2041,4.9,2026-02-18
Chikmagalur,Kadur APMC,Onion,2378,1.3,2026-02-18
Davangere,Davangere APMC,Onion,1700,237.5,2026-02-18
Dharwad,Hubli (Amaragol) APMC,Onion,1400,421.4,2026-02-18
Hassan,Belur APMC,Onion,1600,2.1,2026-02-18
Hassan,Hassan APMC,Onion,1345,430.6,2026-02-18
Haveri,Ranebennur APMC,Onion,1500,78,2026-02-18
Kolar,Bangarpet APMC,Onion,2300,0.5,2026-02-18
Kolar,Chickkaballapura APMC,Onion,1900,10,2026-02-18
Kolar,Gowribidanoor APMC,Onion,1500,0.4,2026-02-18
Mysore,K.R.Nagar APMC,Onion,1000,10,2026-02-18
Mysore,Mysore (Bandipalya) APMC,Onion,1400,78.8,2026-02-18
Mysore,T. Narasipura APMC,Onion,2000,2.9,2026-02-18
Raichur,Raichur APMC,Onion,1140,99,2026-02-18
Shimoga,Shimoga APMC,Onion,2250,5,2026-02-18
Udupi,Udupi APMC,Onion,1800,3.5,2026-02-18
Bangalore,Bangalore APMC,Potato,1500,244.4,2026-02-18
Bangalore,Bangalore APMC,Potato,1400,570.2,2026-02-18
Bangalore,Doddaballa Pur APMC,Potato,2500,2,2026-02-18
Bangalore,Hoskote APMC,Potato,2950,34,2026-02-18
Bangalore,Ramanagara APMC,Potato,2400,7,2026-02-18
Belgaum,Belgaum APMC,Potato,1400,245.1,2026-02-18
Bellary,Hospet APMC,Potato,1900,6,2026-02-18
Chikmagalur,Chikkamagalore APMC,Potato,1932,4.4,2026-02-18
Davangere,Davangere APMC,Potato,2000,3,2026-02-18
Dharwad,Hubli (Amaragol) APMC,Potato,1300,65.2,2026-02-18
Hassan,Hassan APMC,Potato,1100,255.3,2026-02-18
Kalburgi,Kalburgi APMC,Potato,1000,20,2026-02-18
Kolar,Bangarpet APMC,Potato,1500,0.8,2026-02-18
Kolar,Chickkaballapura APMC,Potato,1000,1.5,2026-02-18
Kolar,Chickkaballapura APMC,Potato,1000,12,2026-02-18
Kolar,Gowribidanoor APMC,Potato,2000,0.3,2026-02-18
Kolar,Kolar APMC,Potato,1100,3.4,2026-02-18
Mysore,Mysore (Bandipalya) APMC,Potato,1200,50,2026-02-18
Mysore,Nanjangud APMC,Potato,3333,3.6,2026-02-18
Mysore,T. Narasipura APMC,Potato,2000,1.1,2026-02-18
Shimoga,Shimoga APMC,Potato,2500,4,2026-02-18
Tumkur,Tumkur APMC,Potato,2400,6,2026-02-18
Udupi,Udupi APMC,Potato,1600,5,2026-02-18
Bangalore,"Binny Mill (F&V), Bangalore APMC",Tomato,1900,41.2,2026-02-19
Bangalore,Channapatana APMC,Tomato,1000,3.2,2026-02-19
Bangalore,Doddaballa Pur APMC,Tomato,1400,1.2,2026-02-19
Bangalore,Kanakapura APMC,Tomato,1200,1.3,2026-02-19
Bangalore,Ramanagara APMC,Tomato,1200,13.4,2026-02-19
Chamrajnagar,Chamaraj Nagar APMC,Tomato,1100,7,2026-02-19
Chamrajnagar,Gundlupet APMC,Tomato,1500,5.6,2026-02-19
Chikmagalur,Chikkamagalore APMC,Tomato,1667,3,2026-02-19
Chikmagalur,Kadur APMC,Tomato,1428,3.5,2026-02-19
Davangere,Davangere APMC,Tomato,800,3.5,2026-02-19
Hassan,Belur APMC,Tomato,1500,4,2026-02-19
Haveri,Ranebennur APMC,Tomato,2500,0.3,2026-02-19
Kalburgi,Kalburgi APMC,Tomato,1000,8,2026-02-19
Kolar,Bangarpet APMC,Tomato,1000,2.5,2026-02-19
Kolar,Bhagepalli APMC,Tomato,923,55.5,2026-02-19
Kolar,Chintamani APMC,Tomato,660,36.1,2026-02-19
Kolar,Gowribidanoor APMC,Tomato,1500,1.5,2026-02-19
Kolar,Kolar APMC,Tomato,530,930,2026-02-19
Kolar,Mulabagilu APMC,Tomato,1000,254.4,2026-02-19
Mysore,Mysore (Bandipalya) APMC,Tomato,1300,9.1,2026-02-19
Mysore,Nanjangud APMC,Tomato,2380,6,2026-02-19
Mysore,T. Narasipura APMC,Tomato,1000,1.5,2026-02-19
Shimoga,Shimoga APMC,Tomato,1100,33.7,2026-02-19
Bangalore,Bangalore APMC,Onion,600,240.4,2026-02-19
Bangalore,Bangalore APMC,Onion,1200,480.9,2026-02-19
Bangalore,Bangalore APMC,Onion,1600,480.9,2026-02-19
Bangalore,Bangalore APMC,Onion,1400,1202.1,2026-02-19
Bangalore,Doddaballa Pur APMC,Onion,2500,1.2,2026-02-19
Belgaum,Belgaum APMC,Onion,1300,35.9,2026-02-19
Bijapur,Bijapur APMC,Onion,1200,120.6,2026-02-19
Chikmagalur,Kadur APMC,Onion,2378,1.3,2026-02-19
Davangere,Davangere APMC,Onion,1700,235,2026-02-19
Dharwad,Hubli (Amaragol) APMC,Onion,1700,372,2026-02-19
Hassan,Hassan APMC,Onion,943,76.1,2026-02-19
Kolar,Bangarpet APMC,Onion,2300,0.8,2026-02-19
Kolar,Chintamani APMC,Onion,1600,8.5,2026-02-19
Kolar,Gowribidanoor APMC,Onion,1500,0.4,2026-02-19
Mysore,Mysore (Bandipalya) APMC,Onion,1400,73.9,2026-02-19
Mysore,T. Narasipura APMC,Onion,3000,0.6,2026-02-19
Raichur,Raichur APMC,Onion,1150,119.2,2026-02-19
Shimoga,Shimoga APMC,Onion,2300,5,2026-02-19
Udupi,Udupi APMC,Onion,1800,13,2026-02-19
Bangalore,Bangalore APMC,Potato,1500,277.3,2026-02-19
Bangalore,Bangalore APMC,Potato,1400,647.2,2026-02-19
Bangalore,Doddaballa Pur APMC,Potato,2300,1,2026-02-19
Belgaum,Belgaum APMC,Potato,1400,75.2,2026-02-19
Davangere,Davangere APMC,Potato,2100,4,2026-02-19
Dharwad,Hubli (Amaragol) APMC,Potato,1400,146,2026-02-19
Hassan,Hassan APMC,Potato,885,125.1,2026-02-19
Kalburgi,Kalburgi APMC,Potato,900,0.2,2026-02-19
Kolar,Bangarpet APMC,Potato,2300,1.4,2026-02-19
Kolar,Chintamani APMC,Potato,1400,5,2026-02-19
Kolar,Gowribidanoor APMC,Potato,2000,0.3,2026-02-19
Mysore,Mysore (Bandipalya) APMC,Potato,1300,22,2026-02-19
Mysore,Nanjangud APMC,Potato,2564,5.5,2026-02-19
Shimoga,Shimoga APMC,Potato,2500,4,2026-02-19
Udupi,Udupi APMC,Potato,1600,25,2026-02-19
Bangalore,"Binny Mill (F&V), Bangalore APMC",Tomato,1900,45.6,2026-02-20
Bangalore,Channapatana APMC,Tomato,1000,4.7,2026-02-20
Bangalore,Doddaballa Pur APMC,Tomato,1400,1.7,2026-02-20
Bangalore,Kanakapura APMC,Tomato,1000,1.5,2026-02-20
Bangalore,Ramanagara APMC,Tomato,1000,16.4,2026-02-20
Bellary,Hospet APMC,Tomato,700,6.8,2026-02-20
Chamrajnagar,Chamaraj Nagar APMC,Tomato,1150,6,2026-02-20
Chamrajnagar,Gundlupet APMC,Tomato,1300,8.9,2026-02-20
Chikmagalur,Chikkamagalore APMC,Tomato,1603,10.4,2026-02-20
Chikmagalur,Kadur APMC,Tomato,1428,4.6,2026-02-20
Davangere,Davangere APMC,Tomato,900,3,2026-02-20
Haveri,Ranebennur APMC,Tomato,2400,0.3,2026-02-20
Kalburgi,Kalburgi APMC,Tomato,900,5,2026-02-20
Kolar,Bangarpet APMC,Tomato,1300,1.5,2026-02-20
Kolar,Bhagepalli APMC,Tomato,846,40.3,2026-02-20
Kolar,Chickkaballapura APMC,Tomato,1308,16.4,2026-02-20
Kolar,Chintamani APMC,Tomato,660,39.7,2026-02-20
Kolar,Gowribidanoor APMC,Tomato,1250,1.1,2026-02-20
Kolar,Kolar APMC,Tomato,530,716.8,2026-02-20
Kolar,Mulabagilu APMC,Tomato,666,197.5,2026-02-20
Mandya,K.R. Pet APMC,Tomato,1000,0.5,2026-02-20
Mysore,Mysore (Bandipalya) APMC,Tomato,900,8.2,2026-02-20
Mysore,T. Narasipura APMC,Tomato,1000,1.5,2026-02-20
Shimoga,Shimoga APMC,Tomato,700,41.2,2026-02-20
Bangalore,Bangalore APMC,Onion,600,297.9,2026-02-20
Bangalore,Bangalore APMC,Onion,1200,595.9,2026-02-20
Bangalore,Bangalore APMC,Onion,1600,595.9,2026-02-20
Bangalore,Bangalore APMC,Onion,1400,1489.9,2026-02-20
Bangalore,Doddaballa Pur APMC,Onion,2300,1.8,2026-02-20
Belgaum,Belgaum APMC,Onion,1300,38.8,2026-02-20
Bellary,Hospet APMC,Onion,1500,37,2026-02-20
Bijapur,Bijapur APMC,Onion,1058,48.8,2026-02-20
Chikmagalur,Chikkamagalore APMC,Onion,1634,5.1,2026-02-20
Chikmagalur,Kadur APMC,Onion,2775,0.6,2026-02-20
Davangere,Davangere APMC,Onion,1500,245,2026-02-20
Dharwad,Hubli (Amaragol) APMC,Onion,1500,246,2026-02-20
Kolar,Bangarpet APMC,Onion,2300,0.7,2026-02-20
Kolar,Chickkaballapura APMC,Onion,1950,4,2026-02-20
Kolar,Gowribidanoor APMC,Onion,2000,0.3,2026-02-20
Mysore,Mysore (Bandipalya) APMC,Onion,1400,65,2026-02-20
Mysore,T. Narasipura APMC,Onion,2000,3,2026-02-20
Raichur,Raichur APMC,Onion,1000,81.2,2026-02-20
Shimoga,Shimoga APMC,Onion,2300,5,2026-02-20
Udupi,Udupi APMC,Onion,1800,5,2026-02-20
Bangalore,Bangalore APMC,Potato,1500,351.7,2026-02-20
Bangalore,Bangalore APMC,Potato,1400,820.7,2026-02-20
Bangalore,Doddaballa Pur APMC,Potato,2500,1.5,2026-02-20
Belgaum,Belgaum APMC,Potato,1400,303.1,2026-02-20
Chikmagalur,Chikkamagalore APMC,Potato,1587,10.5,2026-02-20
Davangere,Davangere APMC,Potato,2000,3.5,2026-02-20
Dharwad,Hubli (Amaragol) APMC,Potato,1400,178,2026-02-20
Kolar,Bangarpet APMC,Potato,1500,0.5,2026-02-20
Kolar,Chickkaballapura APMC,Potato,800,5,2026-02-20
Kolar,Gowribidanoor APMC,Potato,1250,0.4,2026-02-20
Kolar,Kolar APMC,Potato,1100,2.8,2026-02-20
Mysore,Mysore (Bandipalya) APMC,Potato,1200,12.5,2026-02-20
Mysore,Nanjangud APMC,Potato,2777,4.6,2026-02-20
Mysore,T. Narasipura APMC,Potato,2000,2,2026-02-20
Shimoga,Shimoga APMC,Potato,2500,4,2026-02-20
Udupi,Udupi APMC,Potato,1600,4.3,2026-02-20
Bangalore,"Binny Mill (F&V), Bangalore APMC",Tomato,2100,42.9,2026-02-21
Bangalore,Channapatana APMC,Tomato,1150,4.2,2026-02-21
Bangalore,Doddaballa Pur APMC,Tomato,1300,1.2,2026-02-21
Bangalore,Kanakapura APMC,Tomato,1000,1.4,2026-02-21
Bangalore,Ramanagara APMC,Tomato,1000,14.4,2026-02-21
Chamrajnagar,Chamaraj Nagar APMC,Tomato,900,6,2026-02-21
Chamrajnagar,Gundlupet APMC,Tomato,900,8.1,2026-02-21
Chikmagalur,Chikkamagalore APMC,Tomato,1732,7.7,2026-02-21
Chikmagalur,Kadur APMC,Tomato,1660,5.6,2026-02-21
Davangere,Davangere APMC,Tomato,700,3,2026-02-21
Hassan,Arasikere APMC,Tomato,2000,2.1,2026-02-21
Haveri,Ranebennur APMC,Tomato,2800,0.3,2026-02-21
Kalburgi,Kalburgi APMC,Tomato,1000,9,2026-02-21
Kolar,Bangarpet APMC,Tomato,1300,2.5,2026-02-21
Kolar,Bhagepalli APMC,Tomato,846,40.7,2026-02-21
Kolar,Chickkaballapura APMC,Tomato,929,19.2,2026-02-21
Kolar,Chintamani APMC,Tomato,660,36,2026-02-21
Kolar,Gowribidanoor APMC,Tomato,1800,0.8,2026-02-21
Kolar,Kolar APMC,Tomato,600,690,2026-02-21
Kolar,Mulabagilu APMC,Tomato,666,245,2026-02-21
Mysore,Nanjangud APMC,Tomato,2380,5.8,2026-02-21
Mysore,T. Narasipura APMC,Tomato,1000,1.5,2026-02-21
Bagalkot,Bagalakot APMC,Onion,1300,107.1,2026-02-21
Bangalore,Bangalore APMC,Onion,600,324.5,2026-02-21
Bangalore,Bangalore APMC,Onion,1200,649.1,2026-02-21
Bangalore,Bangalore APMC,Onion,1600,649.1,2026-02-21
Bangalore,Bangalore APMC,Onion,1400,1622.7,2026-02-21
Bangalore,Doddaballa Pur APMC,Onion,2300,1.5,2026-02-21
Bangalore,Ramanagara APMC,Onion,2000,40.4,2026-02-21
Belgaum,Belgaum APMC,Onion,1200,932,2026-02-21
Chikmagalur,Chikkamagalore APMC,Onion,2047,5.7,2026-02-21
Chikmagalur,Kadur APMC,Onion,2378,1.3,2026-02-21
Davangere,Davangere APMC,Onion,1500,230,2026-02-21
Dharwad,Hubli (Amaragol) APMC,Onion,1600,248,2026-02-21
Hassan,Hassan APMC,Onion,750,16.2,2026-02-21
Kalburgi,Kalburgi APMC,Onion,850,205,2026-02-21
Kolar,Bangarpet APMC,Onion,2300,0.7,2026-02-21
Kolar,Chickkaballapura APMC,Onion,1900,7,2026-02-21
Kolar,Gowribidanoor APMC,Onion,2050,0.4,2026-02-21
Mysore,T. Narasipura APMC,Onion,3000,0.6,2026-02-21
Raichur,Raichur APMC,Onion,1050,71.5,2026-02-21
Udupi,Udupi APMC,Onion,1800,11.4,2026-02-21
Bangalore,Bangalore APMC,Potato,1500,343,2026-02-21
Bangalore,Bangalore APMC,Potato,1400,800.2,2026-02-21
Bangalore,Doddaballa Pur APMC,Potato,2200,1,2026-02-21
Bangalore,Ramanagara APMC,Potato,2500,10.5,2026-02-21
Belgaum,Belgaum APMC,Potato,1300,164.8,2026-02-21
Bellary,Hospet APMC,Potato,1800,18,2026-02-21
Chikmagalur,Chikkamagalore APMC,Potato,2109,8.3,2026-02-21
Davangere,Davangere APMC,Potato,2000,3,2026-02-21
Dharwad,Hubli (Amaragol) APMC,Potato,1400,147,2026-02-21
Hassan,Arasikere APMC,Potato,1000,16,2026-02-21
Hassan,Hassan APMC,Potato,700,1.4,2026-02-21
Kalburgi,Kalburgi APMC,Potato,950,21.5,2026-02-21
Kolar,Bangarpet APMC,Potato,1500,0.4,2026-02-21
Kolar,Bhagepalli APMC,Potato,1300,0.2,2026-02-21
Kolar,Chickkaballapura APMC,Potato,1000,23,2026-02-21
Kolar,Gowribidanoor APMC,Potato,1800,0.5,2026-02-21
Mysore,Nanjangud APMC,Potato,2777,5,2026-02-21
Udupi,Udupi APMC,Potato,1600,6.2,2026-02-21
Bellary,Hospet APMC,Tomato,800,21,2026-02-22
Haveri,Ranebennur APMC,Tomato,2200,0.6,2026-02-22
Kolar,Bhagepalli APMC,Tomato,846,23,2026-02-22
Kolar,Chickkaballapura APMC,Tomato,965,21.8,2026-02-22
Kolar,Chintamani APMC,Tomato,660,37.6,2026-02-22
Kolar,Gowribidanoor APMC,Tomato,2000,1.5,2026-02-22
Kolar,Kolar APMC,Tomato,600,668.5,2026-02-22
Kolar,Mulabagilu APMC,Tomato,600,213,2026-02-22
Mandya,K.R. Pet APMC,Tomato,900,16.5,2026-02-22
Mysore,Mysore (Bandipalya) APMC,Tomato,900,11.8,2026-02-22
Shimoga,Shimoga APMC,Tomato,1000,40,2026-02-22
Bellary,Hospet APMC,Onion,1800,17.5,2026-02-22
Bijapur,Bijapur APMC,Onion,1113,63,2026-02-22
Kolar,Chickkaballapura APMC,Onion,1950,4.5,2026-02-22
Kolar,Gowribidanoor APMC,Onion,1500,0.4,2026-02-22
Shimoga,Shimoga APMC,Onion,2300,10,2026-02-22
Bellary,Hospet APMC,Potato,1800,19,2026-02-22
Kolar,Chickkaballapura APMC,Potato,1000,17,2026-02-22
Kolar,Gowribidanoor APMC,Potato,2000,0.4,2026-02-22
Kolar,Kolar APMC,Potato,1300,3,2026-02-22
Shimoga,Shimoga APMC,Potato,2500,8,2026-02-22
Bangalore,"Binny Mill (F&V), Bangalore APMC",Tomato,2100,44.6,2026-02-23
Bangalore,Channapatana APMC,Tomato,850,6,2026-02-23
Bangalore,Doddaballa Pur APMC,Tomato,1300,1.2,2026-02-23
Bangalore,Kanakapura APMC,Tomato,1000,1.5,2026-02-23
Bangalore,Ramanagara APMC,Tomato,1000,14.4,2026-02-23
Chamrajnagar,Chamaraj Nagar APMC,Tomato,650,7,2026-02-23
Chamrajnagar,Gundlupet APMC,Tomato,900,11.1,2026-02-23
Chikmagalur,Chikkamagalore APMC,Tomato,1797,16.7,2026-02-23
Chikmagalur,Kadur APMC,Tomato,1512,14.4,2026-02-23
Hassan,Belur APMC,Tomato,1000,1.6,2026-02-23
Hassan,Channarayapatna APMC,Tomato,3000,4.4,2026-02-23
Haveri,Ranebennur APMC,Tomato,2500,0.4,2026-02-23
Kalburgi,Kalburgi APMC,Tomato,1000,7,2026-02-23
Kolar,Bangarpet APMC,Tomato,1000,3.2,2026-02-23
Kolar,Bhagepalli APMC,Tomato,538,28.2,2026-02-23
Kolar,Chickkaballapura APMC,Tomato,964,24.6,2026-02-23
Kolar,Chintamani APMC,Tomato,660,31.5,2026-02-23
Kolar,Gowribidanoor APMC,Tomato,2000,1.5,2026-02-23
Kolar,Kolar APMC,Tomato,600,620,2026-02-23
Kolar,Mulabagilu APMC,Tomato,666,165.8,2026-02-23
Mandya,Nagamangala APMC,Tomato,1000,5,2026-02-23
Mysore,Mysore (Bandipalya) APMC,Tomato,900,8.5,2026-02-23
Mysore,Nanjangud APMC,Tomato,2564,6.3,2026-02-23
Mysore,T. Narasipura APMC,Tomato,2000,3,2026-02-23
Shimoga,Shimoga APMC,Tomato,750,40,2026-02-23
Bangalore,Bangalore APMC,Onion,600,359.6,2026-02-23
Bangalore,Bangalore APMC,Onion,1200,719.2,2026-02-23
Bangalore,Bangalore APMC,Onion,1600,719.2,2026-02-23
Bangalore,Bangalore APMC,Onion,1400,1797.9,2026-02-23
Bangalore,Doddaballa Pur APMC,Onion,2200,1.2,2026-02-23
Belgaum,Belgaum APMC,Onion,1200,88.4,2026-02-23
Bijapur,Bijapur APMC,Onion,1000,111.5,2026-02-23
Chikmagalur,Kadur APMC,Onion,2775,9.1,2026-02-23
Davangere,Davangere APMC,Onion,1500,240,2026-02-23
Dharwad,Hubli (Amaragol) APMC,Onion,1500,334,2026-02-23
Hassan,Belur APMC,Onion,1200,1.4,2026-02-23
Hassan,Channarayapatna APMC,Onion,3000,5.4,2026-02-23
Kolar,Bangarpet APMC,Onion,2300,0.8,2026-02-23
Kolar,Chickkaballapura APMC,Onion,1950,3,2026-02-23
Kolar,Gowribidanoor APMC,Onion,1500,0.5,2026-02-23
Mysore,Mysore (Bandipalya) APMC,Onion,1800,432.8,2026-02-23
Mysore,T. Narasipura APMC,Onion,2000,4.8,2026-02-23
Raichur,Raichur APMC,Onion,920,125.8,2026-02-23
Shimoga,Shimoga APMC,Onion,2300,7.5,2026-02-23
Udupi,Udupi APMC,Onion,1800,26.4,2026-02-23
Bangalore,Bangalore APMC,Potato,1500,463.9,2026-02-23
Bangalore,Bangalore APMC,Potato,1400,1082.3,2026-02-23
Bangalore,Doddaballa Pur APMC,Potato,2200,1,2026-02-23
Belgaum,Belgaum APMC,Potato,1300,99.4,2026-02-23
Chikmagalur,Chikkamagalore APMC,Potato,2059,1.7,2026-02-23
Dharwad,Hubli (Amaragol) APMC,Potato,1600,219,2026-02-23
Hassan,Channarayapatna APMC,Potato,3500,0.8,2026-02-23
Kalburgi,Kalburgi APMC,Potato,900,20,2026-02-23
Kolar,Bangarpet APMC,Potato,2500,0.6,2026-02-23
Kolar,Chickkaballapura APMC,Potato,1000,14,2026-02-23
Kolar,Gowribidanoor APMC,Potato,2000,0.4,2026-02-23
Mysore,Mysore (Bandipalya) APMC,Potato,1200,220.9,2026-02-23
Mysore,T. Narasipura APMC,Potato,2000,2,2026-02-23
Shimoga,Shimoga APMC,Potato,2500,6,2026-02-23
Udupi,Udupi APMC,Potato,1600,3.8,2026-02-23
Bangalore,"Binny Mill (F&V), Bangalore APMC",Tomato,2100,45.8,2026-02-24
Bangalore,Channapatana APMC,Tomato,850,5.8,2026-02-24
Bangalore,Doddaballa Pur APMC,Tomato,1300,1.2,2026-02-24
Bangalore,Kanakapura APMC,Tomato,1000,1.4,2026-02-24
Bangalore,Ramanagara APMC,Tomato,1000,14.4,2026-02-24
Bellary,Hospet APMC,Tomato,800,6,2026-02-24
Chamrajnagar,Chamaraj Nagar APMC,Tomato,700,6.5,2026-02-24
Chamrajnagar,Gundlupet APMC,Tomato,1000,16.6,2026-02-24
Chikmagalur,Chikkamagalore APMC,Tomato,1582,8.4,2026-02-24
Chikmagalur,Kadur APMC,Tomato,1387,6.1,2026-02-24
Haveri,Ranebennur APMC,Tomato,2200,0.3,2026-02-24
Kalburgi,Kalburgi APMC,Tomato,1000,5,2026-02-24
Kolar,Bangarpet APMC,Tomato,1000,2.5,2026-02-24
Kolar,Bhagepalli APMC,Tomato,538,23.5,2026-02-24
Kolar,Chickkaballapura APMC,Tomato,997,22.4,2026-02-24
Kolar,Chintamani APMC,Tomato,660,36,2026-02-24
Kolar,Kolar APMC,Tomato,600,480.6,2026-02-24
Kolar,Mulabagilu APMC,Tomato,666,201.5,2026-02-24
Mandya,K.R. Pet APMC,Tomato,800,1.2,2026-02-24
Mysore,Mysore (Bandipalya) APMC,Tomato,700,7.5,2026-02-24
Mysore,Nanjangud APMC,Tomato,2777,6,2026-02-24
Shimoga,Shimoga APMC,Tomato,900,41.2,2026-02-24
Bagalkot,Bagalakot APMC,Onion,1300,66.6,2026-02-24
Bagalkot,Bagalkot(Bigali) APMC,Onion,1050,83.3,2026-02-24
Bangalore,Bangalore APMC,Onion,500,325.5,2026-02-24
Bangalore,Bangalore APMC,Onion,800,651,2026-02-24
Bangalore,Bangalore APMC,Onion,1500,651,2026-02-24
Bangalore,Bangalore APMC,Onion,1400,1627.5,2026-02-24
Bangalore,Doddaballa Pur APMC,Onion,2200,2,2026-02-24
Belgaum,Belgaum APMC,Onion,1200,74.2,2026-02-24
Bellary,Hospet APMC,Onion,1600,3,2026-02-24
Chikmagalur,Chikkamagalore APMC,Onion,1852,1.8,2026-02-24
Chikmagalur,Kadur APMC,Onion,2775,0.9,2026-02-24
Davangere,Davangere APMC,Onion,1500,200,2026-02-24
Dharwad,Hubli (Amaragol) APMC,Onion,1500,260,2026-02-24
Kolar,Bangarpet APMC,Onion,2300,0.8,2026-02-24
Kolar,Chickkaballapura APMC,Onion,1900,3,2026-02-24
Mysore,Mysore (Bandipalya) APMC,Onion,1800,127.7,2026-02-24
Shimoga,Shimoga APMC,Onion,2300,10,2026-02-24
Tumkur,Tumkur APMC,Onion,2050,9,2026-02-24
Udupi,Udupi APMC,Onion,1800,4.1,2026-02-24
Bangalore,Bangalore APMC,Potato,1200,408,2026-02-24
Bangalore,Bangalore APMC,Potato,1200,612.2,2026-02-24
Bangalore,Doddaballa Pur APMC,Potato,2000,1.5,2026-02-24
Belgaum,Belgaum APMC,Potato,1300,141.2,2026-02-24
Bellary,Hospet APMC,Potato,1400,4,2026-02-24
Chikmagalur,Chikkamagalore APMC,Potato,1945,1.8,2026-02-24
Dharwad,Hubli (Amaragol) APMC,Potato,1400,167,2026-02-24
Kolar,Bangarpet APMC,Potato,1500,1,2026-02-24
Kolar,Bhagepalli APMC,Potato,1600,0.2,2026-02-24
Kolar,Chickkaballapura APMC,Potato,1000,20,2026-02-24
Mysore,Mysore (Bandipalya) APMC,Potato,1200,88.7,2026-02-24
Mysore,Nanjangud APMC,Potato,3333,6.5,2026-02-24
Shimoga,Shimoga APMC,Potato,2500,6,2026-02-24
Udupi,Udupi APMC,Potato,1600,4,2026-02-24
Bangalore,"Binny Mill (F&V), Bangalore APMC",Tomato,1800,44,2026-02-25
Bangalore,Channapatana APMC,Tomato,650,6.8,2026-02-25
Bangalore,Doddaballa Pur APMC,Tomato,1300,1.2,2026-02-25
Bangalore,Kanakapura APMC,Tomato,800,1.8,2026-02-25
Bangalore,Ramanagara APMC,Tomato,800,18,2026-02-25
Bellary,Hospet APMC,Tomato,800,13.9,2026-02-25
Chamrajnagar,Chamaraj Nagar APMC,Tomato,650,6.5,2026-02-25
Chamrajnagar,Gundlupet APMC,Tomato,800,15.1,2026-02-25
Chikmagalur,Chikkamagalore APMC,Tomato,1603,15.7,2026-02-25
Chikmagalur,Kadur APMC,Tomato,1189,6.2,2026-02-25
Hassan,Belur APMC,Tomato,1500,5,2026-02-25
Hassan,Hassan APMC,Tomato,1500,3.8,2026-02-25
Haveri,Ranebennur APMC,Tomato,2500,0.4,2026-02-25
Kalburgi,Kalburgi APMC,Tomato,1150,8,2026-02-25
Kolar,Bangarpet APMC,Tomato,1000,2.5,2026-02-25
Kolar,Bhagepalli APMC,Tomato,846,23,2026-02-25
Kolar,Chickkaballapura APMC,Tomato,1018,23.5,2026-02-25
Kolar,Chintamani APMC,Tomato,660,39.1,2026-02-25
Kolar,Gowribidanoor APMC,Tomato,2000,1.2,2026-02-25
Kolar,Kolar APMC,Tomato,600,535,2026-02-25
Kolar,Mulabagilu APMC,Tomato,600,226,2026-02-25
Mandya,Nagamangala APMC,Tomato,800,2,2026-02-25
Mysore,Mysore (Bandipalya) APMC,Tomato,700,8.2,2026-02-25
Mysore,Nanjangud APMC,Tomato,3030,5.8,2026-02-25
Mysore,T. Narasipura APMC,Tomato,1000,3,2026-02-25
Shimoga,Shimoga APMC,Tomato,800,33.7,2026-02-25
Bangalore,Bangalore APMC,Onion,500,306,2026-02-25
Bangalore,Bangalore APMC,Onion,800,612.1,2026-02-25
Bangalore,Bangalore APMC,Onion,1500,612,2026-02-25
Bangalore,Bangalore APMC,Onion,1400,1530.1,2026-02-25
Bangalore,Doddaballa Pur APMC,Onion,2000,1.5,2026-02-25
Bangalore,Ramanagara APMC,Onion,2000,37,2026-02-25
Belgaum,Belgaum APMC,Onion,1300,1775.4,2026-02-25
Bellary,Hospet APMC,Onion,1400,16.5,2026-02-25
Bijapur,Bijapur APMC,Onion,1126,59.2,2026-02-25
Chikmagalur,Chikkamagalore APMC,Onion,1945,6,2026-02-25
Chikmagalur,Kadur APMC,Onion,2775,0.6,2026-02-25
Dharwad,Hubli (Amaragol) APMC,Onion,1700,184,2026-02-25
Hassan,Belur APMC,Onion,1500,4.1,2026-02-25
Hassan,Hassan APMC,Onion,1400,406.9,2026-02-25
Haveri,Ranebennur APMC,Onion,1770,198.8,2026-02-25
Kalburgi,Kalburgi APMC,Onion,700,193.7,2026-02-25
Kolar,Bangarpet APMC,Onion,2100,6,2026-02-25
Kolar,Chickkaballapura APMC,Onion,1900,13.5,2026-02-25
Kolar,Gowribidanoor APMC,Onion,1500,0.5,2026-02-25
Mysore,Mysore (Bandipalya) APMC,Onion,1800,316.1,2026-02-25
Mysore,T. Narasipura APMC,Onion,2000,2.2,2026-02-25
Raichur,Raichur APMC,Onion,1100,77.9,2026-02-25
Shimoga,Shimoga APMC,Onion,2300,10,2026-02-25
Udupi,Udupi APMC,Onion,1600,41.9,2026-02-25
Bangalore,Bangalore APMC,Potato,1200,422.4,2026-02-25
Bangalore,Bangalore APMC,Potato,1200,633.7,2026-02-25
Bangalore,Doddaballa Pur APMC,Potato,1800,1.4,2026-02-25
Belgaum,Belgaum APMC,Potato,1200,193.5,2026-02-25
Bellary,Hospet APMC,Potato,1400,21.8,2026-02-25
Chikmagalur,Chikkamagalore APMC,Potato,1945,1.8,2026-02-25
Dharwad,Hubli (Amaragol) APMC,Potato,1400,175,2026-02-25
Hassan,Hassan APMC,Potato,1200,26.4,2026-02-25
Kalburgi,Kalburgi APMC,Potato,750,10,2026-02-25
Kolar,Chickkaballapura APMC,Potato,1000,25,2026-02-25
Kolar,Gowribidanoor APMC,Potato,2000,0.4,2026-02-25
Mysore,Mysore (Bandipalya) APMC,Potato,1200,106.4,2026-02-25
Mysore,Nanjangud APMC,Potato,2777,6.9,2026-02-25
Mysore,T. Narasipura APMC,Potato,2000,0.8,2026-02-25
Shimoga,Shimoga APMC,Potato,2500,4,2026-02-25
Udupi,Udupi APMC,Potato,1500,31.7,2026-02-25
Bangalore,"Binny Mill (F&V), Bangalore APMC",Tomato,1800,42.2,2026-02-26
Bangalore,Channapatana APMC,Tomato,650,7.2,2026-02-26
Bangalore,Doddaballa Pur APMC,Tomato,1300,1,2026-02-26
Bangalore,Kanakapura APMC,Tomato,600,2,2026-02-26
Bangalore,Ramanagara APMC,Tomato,600,21,2026-02-26
Chamrajnagar,Chamaraj Nagar APMC,Tomato,650,2,2026-02-26
Chamrajnagar,Gundlupet APMC,Tomato,800,18.3,2026-02-26
Chikmagalur,Chikkamagalore APMC,Tomato,1667,4,2026-02-26
Chikmagalur,Kadur APMC,Tomato,1315,8.1,2026-02-26
Hassan,Belur APMC,Tomato,1200,6.7,2026-02-26
Hassan,Hassan APMC,Tomato,1500,6,2026-02-26
Haveri,Ranebennur APMC,Tomato,2500,0.3,2026-02-26
Kalburgi,Kalburgi APMC,Tomato,1150,7,2026-02-26
Kolar,Bangarpet APMC,Tomato,600,2.5,2026-02-26
Kolar,Bhagepalli APMC,Tomato,538,26.7,2026-02-26
Kolar,Chintamani APMC,Tomato,660,37.5,2026-02-26
Kolar,Gowribidanoor APMC,Tomato,2000,1.5,2026-02-26
Kolar,Kolar APMC,Tomato,530,515.2,2026-02-26
Kolar,Mulabagilu APMC,Tomato,666,183,2026-02-26
Mandya,K.R. Pet APMC,Tomato,800,5,2026-02-26
Mysore,Mysore (Bandipalya) APMC,Tomato,700,7.6,2026-02-26
Mysore,Nanjangud APMC,Tomato,2564,6,2026-02-26
Mysore,T. Narasipura APMC,Tomato,1000,1.5,2026-02-26
Shimoga,Shimoga APMC,Tomato,600,17.5,2026-02-26
Tumkur,Tumkur APMC,Tomato,1850,12,2026-02-26
Bangalore,Bangalore APMC,Onion,500,299.7,2026-02-26
Bangalore,Bangalore APMC,Onion,800,599.4,2026-02-26
Bangalore,Bangalore APMC,Onion,1500,599.4,2026-02-26
Bangalore,Bangalore APMC,Onion,1400,1498.5,2026-02-26
Bangalore,Doddaballa Pur APMC,Onion,2200,1.2,2026-02-26
Belgaum,Belgaum APMC,Onion,1300,25.7,2026-02-26
Bijapur,Bijapur APMC,Onion,900,105.8,2026-02-26
Chikmagalur,Chikkamagalore APMC,Onion,1961,1.7,2026-02-26
Chikmagalur,Kadur APMC,Onion,2378,1.3,2026-02-26
Dharwad,Hubli (Amaragol) APMC,Onion,1600,314,2026-02-26
Hassan,Hassan APMC,Onion,1131,63.3,2026-02-26
Haveri,Ranebennur APMC,Onion,1662,26.4,2026-02-26
Kolar,Bangarpet APMC,Onion,2500,0.7,2026-02-26
Kolar,Chintamani APMC,Onion,1500,8.5,2026-02-26
Kolar,Gowribidanoor APMC,Onion,1500,0.4,2026-02-26
Mysore,Mysore (Bandipalya) APMC,Onion,1700,50.1,2026-02-26
Mysore,T. Narasipura APMC,Onion,2000,2.5,2026-02-26
Raichur,Raichur APMC,Onion,1030,105,2026-02-26
Shimoga,Shimoga APMC,Onion,2300,5,2026-02-26
Udupi,Udupi APMC,Onion,1600,13.1,2026-02-26
Bangalore,Bangalore APMC,Potato,1200,361.4,2026-02-26
Bangalore,Bangalore APMC,Potato,1200,542.2,2026-02-26
Bangalore,Doddaballa Pur APMC,Potato,2000,1.2,2026-02-26
Belgaum,Belgaum APMC,Potato,1200,253.1,2026-02-26
Dharwad,Hubli (Amaragol) APMC,Potato,1400,169,2026-02-26
Hassan,Hassan APMC,Potato,860,50.3,2026-02-26
Kalburgi,Kalburgi APMC,Potato,675,8,2026-02-26
Kolar,Gowribidanoor APMC,Potato,2000,0.4,2026-02-26
Kolar,Kolar APMC,Potato,1200,3.2,2026-02-26
Mysore,Mysore (Bandipalya) APMC,Potato,1200,43.5,2026-02-26
Mysore,Nanjangud APMC,Potato,2777,6.1,2026-02-26
Mysore,T. Narasipura APMC,Potato,2000,0.8,2026-02-26
Shimoga,Shimoga APMC,Potato,2500,2,2026-02-26
Udupi,Udupi APMC,Potato,1500,6.7,2026-02-26
Bangalore,"Binny Mill (F&V), Bangalore APMC",Tomato,1500,44,2026-02-27
Bangalore,Channapatana APMC,Tomato,650,7.6,2026-02-27
Bangalore,Doddaballa Pur APMC,Tomato,1300,1.8,2026-02-27
Bangalore,Kanakapura APMC,Tomato,500,1.9,2026-02-27
Bangalore,Ramanagara APMC,Tomato,500,24.4,2026-02-27
Chamrajnagar,Chamaraj Nagar APMC,Tomato,550,6,2026-02-27
Chamrajnagar,Gundlupet APMC,Tomato,700,18.6,2026-02-27
Chikmagalur,Chikkamagalore APMC,Tomato,1648,9.2,2026-02-27
Chikmagalur,Kadur APMC,Tomato,1280,4.9,2026-02-27
Davangere,Davangere APMC,Tomato,600,3,2026-02-27
Haveri,Ranebennur APMC,Tomato,2500,0.3,2026-02-27
Kalburgi,Kalburgi APMC,Tomato,1150,6,2026-02-27
Kolar,Bangarpet APMC,Tomato,1000,2.2,2026-02-27
Kolar,Bhagepalli APMC,Tomato,538,30.7,2026-02-27
Kolar,Chickkaballapura APMC,Tomato,1000,26.2,2026-02-27
Kolar,Chintamani APMC,Tomato,600,36,2026-02-27
Kolar,Gowribidanoor APMC,Tomato,1500,1.5,2026-02-27
Kolar,Kolar APMC,Tomato,530,712.3,2026-02-27
Kolar,Mulabagilu APMC,Tomato,600,217.8,2026-02-27
Mandya,K.R. Pet APMC,Tomato,800,1.3,2026-02-27
Mysore,Mysore (Bandipalya) APMC,Tomato,700,19.6,2026-02-27
Mysore,Nanjangud APMC,Tomato,1851,13.7,2026-02-27
Mysore,T. Narasipura APMC,Tomato,1000,1.5,2026-02-27
Shimoga,Shimoga APMC,Tomato,700,30,2026-02-27
Tumkur,Tumkur APMC,Tomato,1650,8,2026-02-27
Bangalore,Bangalore APMC,Onion,500,287.6,2026-02-27
Bangalore,Bangalore APMC,Onion,800,575,2026-02-27
Bangalore,Bangalore APMC,Onion,1500,575,2026-02-27
Bangalore,Bangalore APMC,Onion,1400,1437.8,2026-02-27
Bangalore,Doddaballa Pur APMC,Onion,2200,2.1,2026-02-27
Belgaum,Belgaum APMC,Onion,1300,62,2026-02-27
Bijapur,Bijapur APMC,Onion,800,51,2026-02-27
Chikmagalur,Chikkamagalore APMC,Onion,1984,4.2,2026-02-27
Davangere,Davangere APMC,Onion,1000,195,2026-02-27
Dharwad,Hubli (Amaragol) APMC,Onion,1500,334,2026-02-27
Hassan,Hassan APMC,Onion,1490,674.1,2026-02-27
Haveri,Ranebennur APMC,Onion,250,26.4,2026-02-27
Kolar,Bangarpet APMC,Onion,2300,0.5,2026-02-27
Kolar,Chickkaballapura APMC,Onion,1650,4,2026-02-27
Kolar,Chickkaballapura APMC,Onion,1400,1,2026-02-27
Kolar,Gowribidanoor APMC,Onion,1500,0.4,2026-02-27
Mysore,Mysore (Bandipalya) APMC,Onion,1500,212.5,2026-02-27
Mysore,T. Narasipura APMC,Onion,2000,1.6,2026-02-27
Shimoga,Shimoga APMC,Onion,2300,5,2026-02-27
Udupi,Udupi APMC,Onion,1600,6.6,2026-02-27
Bangalore,Bangalore APMC,Potato,1200,504,2026-02-27
Bangalore,Bangalore APMC,Potato,1200,756.2,2026-02-27
Bangalore,Doddaballa Pur APMC,Potato,2000,1.5,2026-02-27
Belgaum,Belgaum APMC,Potato,1200,233.7,2026-02-27
Chikmagalur,Chikkamagalore APMC,Potato,2032,4.1,2026-02-27
Davangere,Davangere APMC,Potato,2000,4,2026-02-27
Dharwad,Hubli (Amaragol) APMC,Potato,1600,227,2026-02-27
Hassan,Hassan APMC,Potato,1350,73.3,2026-02-27
Kalburgi,Kalburgi APMC,Potato,655,7,2026-02-27
Kolar,Bangarpet APMC,Potato,1500,0.5,2026-02-27
Kolar,Chickkaballapura APMC,Potato,1000,25,2026-02-27
Kolar,Gowribidanoor APMC,Potato,2000,0.3,2026-02-27
Mysore,Mysore (Bandipalya) APMC,Potato,1200,98.4,2026-02-27
Mysore,Nanjangud APMC,Potato,2777,6.1,2026-02-27
Mysore,T. Narasipura APMC,Potato,2000,0.8,2026-02-27
Shimoga,Shimoga APMC,Potato,2500,4,2026-02-27
Udupi,Udupi APMC,Potato,1500,6.6,2026-02-27
Bangalore,Channapatana APMC,Tomato,750,7.8,2026-02-28
Bangalore,Kanakapura APMC,Tomato,800,1.4,2026-02-28
Bangalore,Ramanagara APMC,Tomato,600,18,2026-02-28
Bellary,Hospet APMC,Tomato,800,14,2026-02-28
Chamrajnagar,Chamaraj Nagar APMC,Tomato,550,6,2026-02-28
Haveri,Ranebennur APMC,Tomato,2200,0.6,2026-02-28
Kalburgi,Kalburgi APMC,Tomato,1250,7,2026-02-28
Kolar,Bangarpet APMC,Tomato,1000,2.5,2026-02-28
Kolar,Bhagepalli APMC,Tomato,769,32.5,2026-02-28
Kolar,Chickkaballapura APMC,Tomato,972,20.5,2026-02-28
Kolar,Chintamani APMC,Tomato,660,31.5,2026-02-28
Kolar,Gowribidanoor APMC,Tomato,1500,1.5,2026-02-28
Kolar,Kolar APMC,Tomato,530,600.2,2026-02-28
Kolar,Mulabagilu APMC,Tomato,600,155.3,2026-02-28
Bagalkot,Bagalakot APMC,Onion,900,146.7,2026-02-28
Bangalore,Bangalore APMC,Onion,500,268.7,2026-02-28
Bangalore,Bangalore APMC,Onion,800,537.4,2026-02-28
Bangalore,Bangalore APMC,Onion,1500,537.4,2026-02-28
Bangalore,Bangalore APMC,Onion,1400,1343.6,2026-02-28
Belgaum,Belgaum APMC,Onion,1200,1370.8,2026-02-28
Bellary,Hospet APMC,Onion,1400,12,2026-02-28
Dharwad,Hubli (Amaragol) APMC,Onion,1600,217,2026-02-28
Kalburgi,Kalburgi APMC,Onion,800,131.2,2026-02-28
Kolar,Bangarpet APMC,Onion,1500,0.9,2026-02-28
Kolar,Chickkaballapura APMC,Onion,1700,10,2026-02-28
Kolar,Gowribidanoor APMC,Onion,1500,0.4,2026-02-28
Mysore,Mysore (Bandipalya) APMC,Onion,1500,334.4,2026-02-28
Bangalore,Bangalore APMC,Potato,1200,390.7,2026-02-28
Bangalore,Bangalore APMC,Potato,1200,586.1,2026-02-28
Belgaum,Belgaum APMC,Potato,1200,273.2,2026-02-28
Bellary,Hospet APMC,Potato,1400,4,2026-02-28
Dharwad,Hubli (Amaragol) APMC,Potato,1400,164,2026-02-28
Kalburgi,Kalburgi APMC,Potato,900,20.2,2026-02-28
Kolar,Bangarpet APMC,Potato,2300,0.9,2026-02-28
Kolar,Bhagepalli APMC,Potato,1250,0.2,2026-02-28
Kolar,Chickkaballapura APMC,Potato,1400,17.5,2026-02-28
Kolar,Gowribidanoor APMC,Potato,2000,0.3,2026-02-28
Mysore,Mysore (Bandipalya) APMC,Potato,1200,322.9,2026-02-28
Bangalore,Ramanagara APMC,Tomato,800,14.4,2026-03-01
Bellary,Hospet APMC,Tomato,800,6,2026-03-01
Hassan,Belur APMC,Tomato,1250,5.6,2026-03-01
Haveri,Ranebennur APMC,Tomato,2100,0.7,2026-03-01
Kolar,Bhagepalli APMC,Tomato,769,28.2,2026-03-01
Kolar,Chickkaballapura APMC,Tomato,997,23.5,2026-03-01
Kolar,Chintamani APMC,Tomato,660,30,2026-03-01
Kolar,Gowribidanoor APMC,Tomato,1500,1.5,2026-03-01
Kolar,Kolar APMC,Tomato,530,407.8,2026-03-01
Kolar,Mulabagilu APMC,Tomato,600,176.2,2026-03-01
Mysore,Mysore (Bandipalya) APMC,Tomato,700,9.5,2026-03-01
Shimoga,Shimoga APMC,Tomato,700,50,2026-03-01
Kolar,Chickkaballapura APMC,Onion,1650,3,2026-03-01
Kolar,Gowribidanoor APMC,Onion,1500,0.3,2026-03-01
Shimoga,Shimoga APMC,Onion,1800,7.5,2026-03-01
Kolar,Chickkaballapura APMC,Potato,1000,8,2026-03-01
Kolar,Gowribidanoor APMC,Potato,2000,0.4,2026-03-01
Shimoga,Shimoga APMC,Potato,2500,4,2026-03-01
Bangalore,"Binny Mill (F&V), Bangalore APMC",Tomato,1100,38.7,2026-03-02
Bangalore,Channapatana APMC,Tomato,750,6.7,2026-03-02
Bangalore,Doddaballa Pur APMC,Tomato,1200,1.2,2026-03-02
Bangalore,Kanakapura APMC,Tomato,600,1.8,2026-03-02
Bangalore,Ramanagara APMC,Tomato,800,14.4,2026-03-02
Bellary,Hospet APMC,Tomato,800,18,2026-03-02
Chamrajnagar,Chamaraj Nagar APMC,Tomato,700,7,2026-03-02
Chamrajnagar,Gundlupet APMC,Tomato,600,62.3,2026-03-02
Chikmagalur,Chikkamagalore APMC,Tomato,1473,21.5,2026-03-02
Chikmagalur,Kadur APMC,Tomato,1388,12.5,2026-03-02
Hassan,Arasikere APMC,Tomato,1000,22.4,2026-03-02
Hassan,Belur APMC,Tomato,1200,2.7,2026-03-02
Hassan,Channarayapatna APMC,Tomato,3000,5.1,2026-03-02
Haveri,Ranebennur APMC,Tomato,2100,0.3,2026-03-02
Kalburgi,Kalburgi APMC,Tomato,1250,0.5,2026-03-02
Kolar,Bangarpet APMC,Tomato,1200,3.2,2026-03-02
Kolar,Bhagepalli APMC,Tomato,846,26.6,2026-03-02
Kolar,Chickkaballapura APMC,Tomato,1036,22.5,2026-03-02
Kolar,Chintamani APMC,Tomato,660,35.5,2026-03-02
Kolar,Gowribidanoor APMC,Tomato,1500,1.5,2026-03-02
Kolar,Kolar APMC,Tomato,460,426.5,2026-03-02
Kolar,Mulabagilu APMC,Tomato,600,175.5,2026-03-02
Mandya,Nagamangala APMC,Tomato,800,2,2026-03-02
Mysore,Mysore (Bandipalya) APMC,Tomato,700,5.9,2026-03-02
Mysore,Nanjangud APMC,Tomato,2564,6,2026-03-02
Mysore,T. Narasipura APMC,Tomato,1000,1.5,2026-03-02
Shimoga,Shimoga APMC,Tomato,700,47.5,2026-03-02
Bangalore,Bangalore APMC,Onion,400,263.8,2026-03-02
Bangalore,Bangalore APMC,Onion,800,527.5,2026-03-02
Bangalore,Bangalore APMC,Onion,1200,527.5,2026-03-02
Bangalore,Bangalore APMC,Onion,1200,1318.9,2026-03-02
Bangalore,Doddaballa Pur APMC,Onion,2200,2,2026-03-02
Belgaum,Belgaum APMC,Onion,1200,25,2026-03-02
Bellary,Hospet APMC,Onion,1800,13,2026-03-02
Bijapur,Bijapur APMC,Onion,950,97.8,2026-03-02
Chikmagalur,Chikkamagalore APMC,Onion,1533,8.7,2026-03-02
Chikmagalur,Kadur APMC,Onion,2603,10.7,2026-03-02
Davangere,Davangere APMC,Onion,1000,220,2026-03-02
Dharwad,Hubli (Amaragol) APMC,Onion,1500,346,2026-03-02
Hassan,Arasikere APMC,Onion,1500,6.9,2026-03-02
Hassan,Belur APMC,Onion,1500,2.2,2026-03-02
Haveri,Ranebennur APMC,Onion,1500,3,2026-03-02
Kolar,Bangarpet APMC,Onion,2200,0.7,2026-03-02
Kolar,Chickkaballapura APMC,Onion,1650,3.5,2026-03-02
Kolar,Gowribidanoor APMC,Onion,1500,0.4,2026-03-02
Mysore,Mysore (Bandipalya) APMC,Onion,1800,41.3,2026-03-02
Mysore,T. Narasipura APMC,Onion,2500,4.6,2026-03-02
Raichur,Raichur APMC,Onion,710,72.8,2026-03-02
Shimoga,Shimoga APMC,Onion,1800,5,2026-03-02
Tumkur,Tumkur APMC,Onion,1850,6,2026-03-02
Udupi,Udupi APMC,Onion,1600,30.8,2026-03-02
Bangalore,Bangalore APMC,Potato,1200,367.6,2026-03-02
Bangalore,Bangalore APMC,Potato,1300,857.6,2026-03-02
Bangalore,Doddaballa Pur APMC,Potato,2000,1.7,2026-03-02
Belgaum,Belgaum APMC,Potato,1200,27.4,2026-03-02
Bellary,Hospet APMC,Potato,2000,19,2026-03-02
Chikmagalur,Chikkamagalore APMC,Potato,1656,15.7,2026-03-02
Chikmagalur,Kadur APMC,Potato,2082,0.8,2026-03-02
Dharwad,Hubli (Amaragol) APMC,Potato,1600,284,2026-03-02
Hassan,Arasikere APMC,Potato,1800,2,2026-03-02
Hassan,Channarayapatna APMC,Potato,3500,0.4,2026-03-02
Hassan,Hassan APMC,Potato,600,26.5,2026-03-02
Kalburgi,Kalburgi APMC,Potato,900,20,2026-03-02
Kolar,Bangarpet APMC,Potato,1500,0.4,2026-03-02
Kolar,Chickkaballapura APMC,Potato,1400,16,2026-03-02
Kolar,Gowribidanoor APMC,Potato,2000,0.3,2026-03-02
Kolar,Kolar APMC,Potato,1100,3.2,2026-03-02
Mysore,Mysore (Bandipalya) APMC,Potato,1200,18.5,2026-03-02
Mysore,Nanjangud APMC,Potato,3030,4,2026-03-02
Mysore,T. Narasipura APMC,Potato,2500,3.4,2026-03-02
Shimoga,Shimoga APMC,Potato,2500,2,2026-03-02
Udupi,Udupi APMC,Potato,1500,13.5,2026-03-02
Bangalore,"Binny Mill (F&V), Bangalore APMC",Tomato,1200,46.8,2026-03-03
Bangalore,Channapatana APMC,Tomato,750,7.1,2026-03-03
Bangalore,Doddaballa Pur APMC,Tomato,1000,1.2,2026-03-03
Bangalore,Kanakapura APMC,Tomato,600,1.8,2026-03-03
Bangalore,Ramanagara APMC,Tomato,600,11.8,2026-03-03
Bellary,Hospet APMC,Tomato,800,5.6,2026-03-03
Chamrajnagar,Chamaraj Nagar APMC,Tomato,800,6.5,2026-03-03
Chamrajnagar,Gundlupet APMC,Tomato,800,8.9,2026-03-03
Chikmagalur,Chikkamagalore APMC,Tomato,1250,4.7,2026-03-03
Chikmagalur,Kadur APMC,Tomato,1387,4.8,2026-03-03
Davangere,Davangere APMC,Tomato,800,3.5,2026-03-03
Haveri,Ranebennur APMC,Tomato,2000,0.3,2026-03-03
Kolar,Bangarpet APMC,Tomato,1000,2.2,2026-03-03
Kolar,Bhagepalli APMC,Tomato,615,64.1,2026-03-03
Kolar,Chickkaballapura APMC,Tomato,1125,21.1,2026-03-03
Kolar,Chintamani APMC,Tomato,660,36.1,2026-03-03
Kolar,Kolar APMC,Tomato,530,426.5,2026-03-03
Kolar,Mulabagilu APMC,Tomato,533,233.9,2026-03-03
Mandya,K.R. Pet APMC,Tomato,800,1,2026-03-03
Mysore,Mysore (Bandipalya) APMC,Tomato,700,7.3,2026-03-03
Mysore,Nanjangud APMC,Tomato,2564,7.1,2026-03-03
Mysore,Nanjangud APMC,Tomato,3030,6,2026-03-03
Shimoga,Shimoga APMC,Tomato,600,48.7,2026-03-03
Bagalkot,Bagalakot APMC,Onion,800,71.7,2026-03-03
Bangalore,Bangalore APMC,Onion,400,228.6,2026-03-03
Bangalore,Bangalore APMC,Onion,800,457.4,2026-03-03
Bangalore,Bangalore APMC,Onion,1200,457.4,2026-03-03
Bangalore,Bangalore APMC,Onion,1200,1143.4,2026-03-03
Bangalore,Doddaballa Pur APMC,Onion,2300,2,2026-03-03
Belgaum,Belgaum APMC,Onion,1200,9.9,2026-03-03
Bellary,Hospet APMC,Onion,1900,21.5,2026-03-03
Chikmagalur,Kadur APMC,Onion,2081,1.2,2026-03-03
Davangere,Davangere APMC,Onion,1000,247.5,2026-03-03
Dharwad,Hubli (Amaragol) APMC,Onion,1700,318,2026-03-03
Hassan,Hassan APMC,Onion,609,4,2026-03-03
Haveri,Ranebennur APMC,Onion,2000,3,2026-03-03
Kolar,Chickkaballapura APMC,Onion,1750,4,2026-03-03
Mysore,Mysore (Bandipalya) APMC,Onion,1800,113.3,2026-03-03
Shimoga,Shimoga APMC,Onion,1700,5,2026-03-03
Udupi,Udupi APMC,Onion,1600,4.7,2026-03-03
Bangalore,Bangalore APMC,Potato,1200,259,2026-03-03
Bangalore,Bangalore APMC,Potato,1300,604.5,2026-03-03
Bangalore,Doddaballa Pur APMC,Potato,2200,1.5,2026-03-03
Belgaum,Belgaum APMC,Potato,1200,63,2026-03-03
Bellary,Hospet APMC,Potato,1600,15.5,2026-03-03
Chikmagalur,Kadur APMC,Potato,2082,0.4,2026-03-03
Davangere,Davangere APMC,Potato,1800,4,2026-03-03
Dharwad,Hubli (Amaragol) APMC,Potato,1500,220,2026-03-03
Kolar,Bangarpet APMC,Potato,1500,0.7,2026-03-03
Kolar,Chickkaballapura APMC,Potato,1000,18,2026-03-03
Mysore,Mysore (Bandipalya) APMC,Potato,1200,46.1,2026-03-03
Shimoga,Shimoga APMC,Potato,2500,4,2026-03-03
Udupi,Udupi APMC,Potato,1500,1.1,2026-03-03
Bangalore,"Binny Mill (F&V), Bangalore APMC",Tomato,1300,39.1,2026-03-04
Bangalore,Channapatana APMC,Tomato,600,7.6,2026-03-04
Bangalore,Doddaballa Pur APMC,Tomato,1000,1,2026-03-04
Bangalore,Kanakapura APMC,Tomato,700,1.1,2026-03-04
Bangalore,Ramanagara APMC,Tomato,700,11.4,2026-03-04
Bellary,Hospet APMC,Tomato,1000,2.4,2026-03-04
Chamrajnagar,Chamaraj Nagar APMC,Tomato,700,6,2026-03-04
Chamrajnagar,Gundlupet APMC,Tomato,800,28.7,2026-03-04
Chikmagalur,Chikkamagalore APMC,Tomato,1642,13.3,2026-03-04
Chikmagalur,Kadur APMC,Tomato,1387,7.5,2026-03-04
Davangere,Davangere APMC,Tomato,900,3,2026-03-04
Hassan,Belur APMC,Tomato,1250,0.7,2026-03-04
Hassan,Hassan APMC,Tomato,1500,23.1,2026-03-04
Haveri,Ranebennur APMC,Tomato,2200,0.3,2026-03-04
Kalburgi,Kalburgi APMC,Tomato,1250,5,2026-03-04
Kolar,Bangarpet APMC,Tomato,1000,2.5,2026-03-04
Kolar,Bhagepalli APMC,Tomato,615,41.2,2026-03-04
Kolar,Chickkaballapura APMC,Tomato,1086,20.8,2026-03-04
Kolar,Chintamani APMC,Tomato,660,31.5,2026-03-04
Kolar,Gowribidanoor APMC,Tomato,1800,1,2026-03-04
Kolar,Kolar APMC,Tomato,530,421.5,2026-03-04
Kolar,Mulabagilu APMC,Tomato,500,203.6,2026-03-04
Mandya,Nagamangala APMC,Tomato,800,2,2026-03-04
Mysore,Mysore (Bandipalya) APMC,Tomato,700,5.7,2026-03-04
Mysore,Nanjangud APMC,Tomato,2564,4.6,2026-03-04
Mysore,T. Narasipura APMC,Tomato,1000,1.5,2026-03-04
Shimoga,Shimoga APMC,Tomato,700,33.7,2026-03-04
Tumkur,Tumkur APMC,Tomato,950,8,2026-03-04
Bangalore,Bangalore APMC,Onion,400,210.6,2026-03-04
Bangalore,Bangalore APMC,Onion,800,421.3,2026-03-04
Bangalore,Bangalore APMC,Onion,1200,421.3,2026-03-04
Bangalore,Bangalore APMC,Onion,1200,1053.2,2026-03-04
Bangalore,Doddaballa Pur APMC,Onion,2200,1.5,2026-03-04
Bangalore,Ramanagara APMC,Onion,2000,10.5,2026-03-04
Belgaum,Belgaum APMC,Onion,1300,657.4,2026-03-04
Bellary,Hospet APMC,Onion,1600,8,2026-03-04
Chikmagalur,Chikkamagalore APMC,Onion,1953,3.5,2026-03-04
Chikmagalur,Kadur APMC,Onion,1666,2.1,2026-03-04
Davangere,Davangere APMC,Onion,1200,150,2026-03-04
Dharwad,Hubli (Amaragol) APMC,Onion,1600,265,2026-03-04
Hassan,Belur APMC,Onion,1300,4.7,2026-03-04
Hassan,Hassan APMC,Onion,1242,308.5,2026-03-04
Haveri,Ranebennur APMC,Onion,1210,207.5,2026-03-04
Kalburgi,Kalburgi APMC,Onion,650,43.5,2026-03-04
Kolar,Bangarpet APMC,Onion,2200,0.8,2026-03-04
Kolar,Chickkaballapura APMC,Onion,1650,10,2026-03-04
Kolar,Gowribidanoor APMC,Onion,2250,0.5,2026-03-04
Mysore,T. Narasipura APMC,Onion,2000,4.8,2026-03-04
Raichur,Raichur APMC,Onion,900,50,2026-03-04
Shimoga,Shimoga APMC,Onion,1800,5,2026-03-04
Udupi,Udupi APMC,Onion,1600,40.4,2026-03-04
Bangalore,Bangalore APMC,Potato,1200,240,2026-03-04
Bangalore,Bangalore APMC,Potato,1300,559.9,2026-03-04
Bangalore,Doddaballa Pur APMC,Potato,2000,1.2,2026-03-04
Bangalore,Ramanagara APMC,Potato,2500,14.6,2026-03-04
Belgaum,Belgaum APMC,Potato,1200,233.1,2026-03-04
Bellary,Hospet APMC,Potato,1400,2.5,2026-03-04
Chikmagalur,Chikkamagalore APMC,Potato,1889,4.5,2026-03-04
Chikmagalur,Kadur APMC,Potato,2082,0.4,2026-03-04
Davangere,Davangere APMC,Potato,1600,3.5,2026-03-04
Dharwad,Hubli (Amaragol) APMC,Potato,1400,180,2026-03-04
Hassan,Hassan APMC,Potato,800,237.1,2026-03-04
Kalburgi,Kalburgi APMC,Potato,400,20,2026-03-04
Kolar,Bangarpet APMC,Potato,1500,1,2026-03-04
Kolar,Bhagepalli APMC,Potato,1200,0.3,2026-03-04
Kolar,Chickkaballapura APMC,Potato,800,14,2026-03-04
Kolar,Gowribidanoor APMC,Potato,1800,0.4,2026-03-04
Mysore,T. Narasipura APMC,Potato,2000,1.1,2026-03-04
Shimoga,Shimoga APMC,Potato,2500,4,2026-03-04
Udupi,Udupi APMC,Potato,1500,25.1,2026-03-04
Bangalore,"Binny Mill (F&V), Bangalore APMC",Tomato,1400,42.6,2026-03-05
Bangalore,Channapatana APMC,Tomato,650,7.8,2026-03-05
Bangalore,Doddaballa Pur APMC,Tomato,900,1.4,2026-03-05
Bangalore,Kanakapura APMC,Tomato,700,1.1,2026-03-05
Bangalore,Ramanagara APMC,Tomato,700,14,2026-03-05
Chamrajnagar,Chamaraj Nagar APMC,Tomato,900,7,2026-03-05
Chamrajnagar,Gundlupet APMC,Tomato,800,13,2026-03-05
Chikmagalur,Chikkamagalore APMC,Tomato,1515,2.2,2026-03-05
Chikmagalur,Kadur APMC,Tomato,1189,5.3,2026-03-05
Davangere,Davangere APMC,Tomato,1000,3.5,2026-03-05
Hassan,Belur APMC,Tomato,1250,3.5,2026-03-05
Haveri,Ranebennur APMC,Tomato,2200,0.3,2026-03-05
Kalburgi,Kalburgi APMC,Tomato,850,6,2026-03-05
Kolar,Bangarpet APMC,Tomato,1000,2.8,2026-03-05
Kolar,Bhagepalli APMC,Tomato,462,43.2,2026-03-05
Kolar,Chintamani APMC,Tomato,660,36,2026-03-05
Kolar,Gowribidanoor APMC,Tomato,1750,1,2026-03-05
Kolar,Kolar APMC,Tomato,530,415,2026-03-05
Kolar,Mulabagilu APMC,Tomato,500,209.2,2026-03-05
Mysore,Mysore (Bandipalya) APMC,Tomato,700,9.5,2026-03-05
Mysore,Nanjangud APMC,Tomato,1851,7,2026-03-05
Mysore,T. Narasipura APMC,Tomato,1000,1.5,2026-03-05
Shimoga,Shimoga APMC,Tomato,600,40,2026-03-05
Bangalore,Bangalore APMC,Onion,400,223.9,2026-03-05
Bangalore,Bangalore APMC,Onion,800,448,2026-03-05
Bangalore,Bangalore APMC,Onion,1200,448,2026-03-05
Bangalore,Bangalore APMC,Onion,1200,1119.8,2026-03-05
Bangalore,Doddaballa Pur APMC,Onion,1700,2,2026-03-05
Bijapur,Bijapur APMC,Onion,1000,75.5,2026-03-05
Chikmagalur,Chikkamagalore APMC,Onion,1755,1.9,2026-03-05
Chikmagalur,Kadur APMC,Onion,2081,0.8,2026-03-05
Davangere,Davangere APMC,Onion,1100,217.5,2026-03-05
Dharwad,Hubli (Amaragol) APMC,Onion,1600,450,2026-03-05
Hassan,Hassan APMC,Onion,1302,144.1,2026-03-05
Kolar,Bangarpet APMC,Onion,2300,0.5,2026-03-05
Kolar,Chintamani APMC,Onion,1500,11,2026-03-05
Kolar,Gowribidanoor APMC,Onion,2250,0.3,2026-03-05
Mysore,Mysore (Bandipalya) APMC,Onion,1000,122.7,2026-03-05
Mysore,T. Narasipura APMC,Onion,2000,0.8,2026-03-05
Raichur,Raichur APMC,Onion,745,121.3,2026-03-05
Shimoga,Shimoga APMC,Onion,1800,5,2026-03-05
Udupi,Udupi APMC,Onion,1600,14.1,2026-03-05
Bangalore,Bangalore APMC,Potato,1200,269.9,2026-03-05
Bangalore,Bangalore APMC,Potato,1300,629.7,2026-03-05
Bangalore,Doddaballa Pur APMC,Potato,1400,1.8,2026-03-05
Belgaum,Belgaum APMC,Potato,1200,82.2,2026-03-05
Chikmagalur,Kadur APMC,Potato,2082,0.4,2026-03-05
Davangere,Davangere APMC,Potato,2000,4,2026-03-05
Dharwad,Hubli (Amaragol) APMC,Potato,1400,210,2026-03-05
Hassan,Hassan APMC,Potato,700,199.7,2026-03-05
Kalburgi,Kalburgi APMC,Potato,400,20,2026-03-05
Kolar,Bangarpet APMC,Potato,2000,0.8,2026-03-05
Kolar,Chintamani APMC,Potato,1200,7.5,2026-03-05
Kolar,Gowribidanoor APMC,Potato,1800,0.4,2026-03-05
Mysore,Mysore (Bandipalya) APMC,Potato,800,48,2026-03-05
Mysore,T. Narasipura APMC,Potato,2500,0.7,2026-03-05
Shimoga,Shimoga APMC,Potato,2500,4,2026-03-05
Udupi,Udupi APMC,Potato,1500,14.4,2026-03-05
Bangalore,"Binny Mill (F&V), Bangalore APMC",Tomato,1400,43.3,2026-03-06
Bangalore,Channapatana APMC,Tomato,550,8.4,2026-03-06
Bangalore,Doddaballa Pur APMC,Tomato,1000,1.2,2026-03-06
Bangalore,Kanakapura APMC,Tomato,600,1.6,2026-03-06
Bangalore,Ramanagara APMC,Tomato,600,16.4,2026-03-06
Bellary,Hospet APMC,Tomato,800,9.5,2026-03-06
Chamrajnagar,Chamaraj Nagar APMC,Tomato,900,5,2026-03-06
Chamrajnagar,Gundlupet APMC,Tomato,800,17.2,2026-03-06
Chikmagalur,Chikkamagalore APMC,Tomato,1630,9.2,2026-03-06
Chikmagalur,Kadur APMC,Tomato,1280,6.6,2026-03-06
Hassan,Arasikere APMC,Tomato,1000,11.8,2026-03-06
Haveri,Ranebennur APMC,Tomato,2500,0.4,2026-03-06
Kalburgi,Kalburgi APMC,Tomato,850,7,2026-03-06
Kolar,Bangarpet APMC,Tomato,1000,2.3,2026-03-06
Kolar,Bhagepalli APMC,Tomato,615,33.8,2026-03-06
Kolar,Chickkaballapura APMC,Tomato,1193,23.8,2026-03-06
Kolar,Chintamani APMC,Tomato,660,31.5,2026-03-06
Kolar,Gowribidanoor APMC,Tomato,1500,1.5,2026-03-06
Kolar,Kolar APMC,Tomato,600,475.8,2026-03-06
Kolar,Mulabagilu APMC,Tomato,600,201.5,2026-03-06
Mandya,K.R. Pet APMC,Tomato,1000,8.8,2026-03-06
Mysore,Mysore (Bandipalya) APMC,Tomato,900,6.3,2026-03-06
Mysore,Nanjangud APMC,Tomato,2777,5,2026-03-06
Mysore,T. Narasipura APMC,Tomato,1000,1.5,2026-03-06
Shimoga,Shimoga APMC,Tomato,900,47.5,2026-03-06
Bangalore,Bangalore APMC,Onion,600,198.1,2026-03-06
Bangalore,Bangalore APMC,Onion,1200,396.4,2026-03-06
Bangalore,Bangalore APMC,Onion,1500,396.4,2026-03-06
Bangalore,Bangalore APMC,Onion,1500,990.9,2026-03-06
Bangalore,Doddaballa Pur APMC,Onion,1700,2.1,2026-03-06
Bellary,Hospet APMC,Onion,1600,11.5,2026-03-06
Bijapur,Bijapur APMC,Onion,1045,15,2026-03-06
Chikmagalur,Chikkamagalore APMC,Onion,1667,1,2026-03-06
Chikmagalur,Kadur APMC,Onion,2378,1.3,2026-03-06
Davangere,Davangere APMC,Onion,1000,220,2026-03-06
Dharwad,Hubli (Amaragol) APMC,Onion,1500,244,2026-03-06
Hassan,Arasikere APMC,Onion,2000,2.5,2026-03-06
Kolar,Bangarpet APMC,Onion,2300,0.3,2026-03-06
Kolar,Chickkaballapura APMC,Onion,1650,4,2026-03-06
Kolar,Gowribidanoor APMC,Onion,1500,0.4,2026-03-06
Mysore,Mysore (Bandipalya) APMC,Onion,1200,36.7,2026-03-06
Mysore,T. Narasipura APMC,Onion,2000,3.9,2026-03-06
Raichur,Raichur APMC,Onion,700,65,2026-03-06
Shimoga,Shimoga APMC,Onion,1800,10,2026-03-06
Udupi,Udupi APMC,Onion,1600,9.5,2026-03-06
Bangalore,Bangalore APMC,Potato,1300,498.9,2026-03-06
Bangalore,Bangalore APMC,Potato,1500,498.9,2026-03-06
Bangalore,Doddaballa Pur APMC,Potato,1400,1.5,2026-03-06
Belgaum,Belgaum APMC,Potato,1200,116.8,2026-03-06
Bellary,Hospet APMC,Potato,1400,6.5,2026-03-06
Chikmagalur,Chikkamagalore APMC,Potato,1823,6.4,2026-03-06
Dharwad,Hubli (Amaragol) APMC,Potato,1300,164,2026-03-06
Hassan,Arasikere APMC,Potato,1400,8,2026-03-06
Kalburgi,Kalburgi APMC,Potato,500,20,2026-03-06
Kolar,Bangarpet APMC,Potato,1500,1.4,2026-03-06
Kolar,Chickkaballapura APMC,Potato,800,22.5,2026-03-06
Kolar,Gowribidanoor APMC,Potato,2000,0.3,2026-03-06
Mysore,Nanjangud APMC,Potato,2564,6.1,2026-03-06
Mysore,T. Narasipura APMC,Potato,2000,1.1,2026-03-06
Shimoga,Shimoga APMC,Potato,2500,4,2026-03-06
Udupi,Udupi APMC,Potato,1500,4.5,2026-03-06
Bangalore,"Binny Mill (F&V), Bangalore APMC",Tomato,1500,45,2026-03-07
Bangalore,Channapatana APMC,Tomato,600,7,2026-03-07
Bangalore,Doddaballa Pur APMC,Tomato,1000,2.4,2026-03-07
Bangalore,Kanakapura APMC,Tomato,800,1.4,2026-03-07
Bangalore,Ramanagara APMC,Tomato,800,14.8,2026-03-07
Bellary,Hospet APMC,Tomato,800,18,2026-03-07
Chamrajnagar,Chamaraj Nagar APMC,Tomato,900,5,2026-03-07
Chamrajnagar,Gundlupet APMC,Tomato,1000,16.1,2026-03-07
Chikmagalur,Chikkamagalore APMC,Tomato,1515,4.4,2026-03-07
Chikmagalur,Kadur APMC,Tomato,1315,7.7,2026-03-07
Davangere,Davangere APMC,Tomato,900,3,2026-03-07
Haveri,Ranebennur APMC,Tomato,2500,0.4,2026-03-07
Kalburgi,Kalburgi APMC,Tomato,1000,8,2026-03-07
Kolar,Bangarpet APMC,Tomato,1200,2.7,2026-03-07
Kolar,Bhagepalli APMC,Tomato,615,45.9,2026-03-07
Kolar,Chickkaballapura APMC,Tomato,1182,30.5,2026-03-07
Kolar,Chintamani APMC,Tomato,530,44.2,2026-03-07
Kolar,Gowribidanoor APMC,Tomato,1200,1,2026-03-07
Kolar,Kolar APMC,Tomato,660,425,2026-03-07
Kolar,Mulabagilu APMC,Tomato,600,184.1,2026-03-07
Mysore,T. Narasipura APMC,Tomato,1000,1.5,2026-03-07
Bagalkot,Bagalakot APMC,Onion,950,20.1,2026-03-07
Bangalore,Bangalore APMC,Onion,600,244.8,2026-03-07
Bangalore,Bangalore APMC,Onion,1200,489.6,2026-03-07
Bangalore,Bangalore APMC,Onion,1500,489.6,2026-03-07
Bangalore,Bangalore APMC,Onion,1500,1224.2,2026-03-07
Bangalore,Doddaballa Pur APMC,Onion,1750,2,2026-03-07
Belgaum,Belgaum APMC,Onion,1500,772.2,2026-03-07
Bellary,Hospet APMC,Onion,1400,11,2026-03-07
Bijapur,Bijapur APMC,Onion,900,134.9,2026-03-07
Chikmagalur,Chikkamagalore APMC,Onion,1812,4.6,2026-03-07
Chikmagalur,Kadur APMC,Onion,2775,0.6,2026-03-07
Davangere,Davangere APMC,Onion,1100,220,2026-03-07
Kalburgi,Kalburgi APMC,Onion,650,154,2026-03-07
Kolar,Bangarpet APMC,Onion,2300,0.9,2026-03-07
Kolar,Chickkaballapura APMC,Onion,1650,8,2026-03-07
Kolar,Gowribidanoor APMC,Onion,2250,0.5,2026-03-07
Mysore,Mysore (Bandipalya) APMC,Onion,1300,85.3,2026-03-07
Mysore,T. Narasipura APMC,Onion,2000,1.6,2026-03-07
Raichur,Raichur APMC,Onion,780,61.9,2026-03-07
Udupi,Udupi APMC,Onion,1600,10.5,2026-03-07
Bangalore,Bangalore APMC,Potato,1300,566.1,2026-03-07
Bangalore,Bangalore APMC,Potato,1500,566,2026-03-07
Bangalore,Doddaballa Pur APMC,Potato,1400,1.4,2026-03-07
Belgaum,Belgaum APMC,Potato,1300,30.6,2026-03-07
Bellary,Hospet APMC,Potato,1400,2.5,2026-03-07
Chikmagalur,Chikkamagalore APMC,Potato,1818,5.5,2026-03-07
Davangere,Davangere APMC,Potato,1900,3,2026-03-07
Kalburgi,Kalburgi APMC,Potato,850,20,2026-03-07
Kolar,Bangarpet APMC,Potato,2000,1,2026-03-07
Kolar,Chickkaballapura APMC,Potato,1000,22.5,2026-03-07
Kolar,Gowribidanoor APMC,Potato,1800,0.5,2026-03-07
Mysore,Mysore (Bandipalya) APMC,Potato,800,41.4,2026-03-07
Mysore,T. Narasipura APMC,Potato,2000,0.8,2026-03-07
Udupi,Udupi APMC,Potato,1500,4.8,2026-03-07
Bangalore,Ramanagara APMC,Tomato,800,14.8,2026-03-08
Bellary,Hospet APMC,Tomato,600,11,2026-03-08
Hassan,Belur APMC,Tomato,1250,3.8,2026-03-08
Hassan,Channarayapatna APMC,Tomato,3000,3.6,2026-03-08
Haveri,Ranebennur APMC,Tomato,2500,0.4,2026-03-08
Kolar,Bhagepalli APMC,Tomato,923,43.8,2026-03-08
Kolar,Chickkaballapura APMC,Tomato,1197,31.3,2026-03-08
Kolar,Chintamani APMC,Tomato,530,35.5,2026-03-08
Kolar,Gowribidanoor APMC,Tomato,1250,1,2026-03-08
Kolar,Kolar APMC,Tomato,660,396.5,2026-03-08
Kolar,Mulabagilu APMC,Tomato,600,205.1,2026-03-08
Mysore,Mysore (Bandipalya) APMC,Tomato,900,6.9,2026-03-08
Shimoga,Shimoga APMC,Tomato,800,37.5,2026-03-08
Bellary,Hospet APMC,Onion,1400,4,2026-03-08
Hassan,Belur APMC,Onion,1500,1.1,2026-03-08
Hassan,Channarayapatna APMC,Onion,3000,5.4,2026-03-08
Kolar,Chickkaballapura APMC,Onion,1650,3,2026-03-08
Kolar,Gowribidanoor APMC,Onion,2250,0.4,2026-03-08
Shimoga,Shimoga APMC,Onion,1700,10,2026-03-08
Hassan,Channarayapatna APMC,Potato,3500,1.2,2026-03-08
Kolar,Bhagepalli APMC,Potato,1200,0.2,2026-03-08
Kolar,Chickkaballapura APMC,Potato,800,17.5,2026-03-08
Kolar,Gowribidanoor APMC,Potato,1250,0.5,2026-03-08
Kolar,Kolar APMC,Potato,1100,2.6,2026-03-08
Shimoga,Shimoga APMC,Potato,2400,4,2026-03-08
Bangalore,"Binny Mill (F&V), Bangalore APMC",Tomato,1600,39.1,2026-03-09
Bangalore,Channapatana APMC,Tomato,600,7.2,2026-03-09
Bangalore,Doddaballa Pur APMC,Tomato,1000,1.4,2026-03-09
Bangalore,Kanakapura APMC,Tomato,1000,1.1,2026-03-09
Bangalore,Ramanagara APMC,Tomato,1000,11,2026-03-09
Bellary,Hospet APMC,Tomato,800,6.4,2026-03-09
Chamrajnagar,Chamaraj Nagar APMC,Tomato,800,7,2026-03-09
Chamrajnagar,Gundlupet APMC,Tomato,900,10.5,2026-03-09
Chikmagalur,Chikkamagalore APMC,Tomato,1559,10.8,2026-03-09
Chikmagalur,Kadur APMC,Tomato,1389,11.5,2026-03-09
Hassan,Arasikere APMC,Tomato,1000,27.8,2026-03-09
Hassan,Belur APMC,Tomato,1250,0.7,2026-03-09
Haveri,Ranebennur APMC,Tomato,2500,0.3,2026-03-09
Kolar,Bangarpet APMC,Tomato,1000,3.5,2026-03-09
Kolar,Bhagepalli APMC,Tomato,769,48.9,2026-03-09
Kolar,Chickkaballapura APMC,Tomato,1229,32.3,2026-03-09
Kolar,Chintamani APMC,Tomato,530,31.5,2026-03-09
Kolar,Gowribidanoor APMC,Tomato,1250,1,2026-03-09
Kolar,Kolar APMC,Tomato,660,385,2026-03-09
Kolar,Mulabagilu APMC,Tomato,666,151.8,2026-03-09
Mandya,K.R. Pet APMC,Tomato,1000,6,2026-03-09
Mandya,Nagamangala APMC,Tomato,1000,3.3,2026-03-09
Mysore,Mysore (Bandipalya) APMC,Tomato,900,6.1,2026-03-09
Mysore,Nanjangud APMC,Tomato,3030,6,2026-03-09
Mysore,T. Narasipura APMC,Tomato,1000,2,2026-03-09
Shimoga,Shimoga APMC,Tomato,700,33.7,2026-03-09
Bangalore,Bangalore APMC,Onion,600,286.3,2026-03-09
Bangalore,Bangalore APMC,Onion,1200,572.7,2026-03-09
Bangalore,Bangalore APMC,Onion,1600,572.7,2026-03-09
Bangalore,Bangalore APMC,Onion,1500,1431.7,2026-03-09
Bangalore,Doddaballa Pur APMC,Onion,1750,1.5,2026-03-09
Bellary,Hospet APMC,Onion,2100,6,2026-03-09
Bijapur,Bijapur APMC,Onion,1000,215.1,2026-03-09
Chikmagalur,Chikkamagalore APMC,Onion,1826,7.3,2026-03-09
Chikmagalur,Kadur APMC,Onion,2775,8.4,2026-03-09
Davangere,Davangere APMC,Onion,1200,180,2026-03-09
Dharwad,Hubli (Amaragol) APMC,Onion,1600,425,2026-03-09
Hassan,Belur APMC,Onion,3000,2.2,2026-03-09
Kolar,Bangarpet APMC,Onion,2300,1.1,2026-03-09
Kolar,Chickkaballapura APMC,Onion,1650,3.5,2026-03-09
Kolar,Gowribidanoor APMC,Onion,1800,0.5,2026-03-09
Mandya,K.R. Pet APMC,Onion,1500,3,2026-03-09
Mysore,Mysore (Bandipalya) APMC,Onion,1200,270.8,2026-03-09
Mysore,T. Narasipura APMC,Onion,2000,5.7,2026-03-09
Raichur,Raichur APMC,Onion,890,43.1,2026-03-09
Shimoga,Shimoga APMC,Onion,1750,5,2026-03-09
Udupi,Udupi APMC,Onion,1600,34,2026-03-09
Bangalore,Bangalore APMC,Potato,1300,428,2026-03-09
Bangalore,Bangalore APMC,Potato,1600,642,2026-03-09
Bangalore,Doddaballa Pur APMC,Potato,1500,1,2026-03-09
Bellary,Hospet APMC,Potato,2000,6,2026-03-09
Chikmagalur,Chikkamagalore APMC,Potato,1938,4.3,2026-03-09
Dharwad,Hubli (Amaragol) APMC,Potato,1500,247,2026-03-09
Hassan,Arasikere APMC,Potato,2000,2.5,2026-03-09
Hassan,Hassan APMC,Potato,900,5.2,2026-03-09
Kolar,Bangarpet APMC,Potato,1500,1,2026-03-09
Kolar,Chickkaballapura APMC,Potato,1000,15,2026-03-09
Kolar,Gowribidanoor APMC,Potato,1250,0.5,2026-03-09
Mysore,Nanjangud APMC,Potato,3030,6.1,2026-03-09
Mysore,T. Narasipura APMC,Potato,2000,2.2,2026-03-09
Udupi,Udupi APMC,Potato,1500,16.8,2026-03-09
Bangalore,"Binny Mill (F&V), Bangalore APMC",Tomato,1600,39.2,2026-03-10
Bangalore,Channapatana APMC,Tomato,550,8,2026-03-10
Bangalore,Doddaballa Pur APMC,Tomato,850,1.4,2026-03-10
Bangalore,Kanakapura APMC,Tomato,1000,1.2,2026-03-10
Bangalore,Ramanagara APMC,Tomato,1000,11,2026-03-10
Bellary,Hospet APMC,Tomato,600,5,2026-03-10
Chamrajnagar,Chamaraj Nagar APMC,Tomato,600,7,2026-03-10
Chamrajnagar,Gundlupet APMC,Tomato,1000,13.4,2026-03-10
Chikmagalur,Chikkamagalore APMC,Tomato,1736,4.8,2026-03-10
Chikmagalur,Kadur APMC,Tomato,1389,6.1,2026-03-10
Davangere,Davangere APMC,Tomato,700,3.5,2026-03-10
Haveri,Ranebennur APMC,Tomato,2000,0.4,2026-03-10
Kalburgi,Kalburgi APMC,Tomato,750,7,2026-03-10
Kolar,Bangarpet APMC,Tomato,800,2.6,2026-03-10
Kolar,Bhagepalli APMC,Tomato,923,46.5,2026-03-10
Kolar,Chickkaballapura APMC,Tomato,1250,32.2,2026-03-10
Kolar,Chintamani APMC,Tomato,530,36,2026-03-10
Kolar,Kolar APMC,Tomato,660,461.5,2026-03-10
Kolar,Mulabagilu APMC,Tomato,600,218.3,2026-03-10
Mandya,K.R. Pet APMC,Tomato,1000,6,2026-03-10
Mysore,Mysore (Bandipalya) APMC,Tomato,900,3.5,2026-03-10
Mysore,Nanjangud APMC,Tomato,2564,6,2026-03-10
Shimoga,Shimoga APMC,Tomato,600,42.5,2026-03-10
Bagalkot,Bagalakot APMC,Onion,1100,82.5,2026-03-10
Bangalore,Bangalore APMC,Onion,600,251.2,2026-03-10
Bangalore,Bangalore APMC,Onion,1200,502.4,2026-03-10
Bangalore,Bangalore APMC,Onion,1600,502.4,2026-03-10
Bangalore,Bangalore APMC,Onion,1500,1256,2026-03-10
Bangalore,Doddaballa Pur APMC,Onion,1700,1.5,2026-03-10
Belgaum,Belgaum APMC,Onion,1500,23.3,2026-03-10
Bellary,Hospet APMC,Onion,1500,13,2026-03-10
Chikmagalur,Chikkamagalore APMC,Onion,1626,4.1,2026-03-10
Chikmagalur,Kadur APMC,Onion,2776,0.3,2026-03-10
Davangere,Davangere APMC,Onion,1100,180,2026-03-10
Dharwad,Hubli (Amaragol) APMC,Onion,1600,384,2026-03-10
Hassan,Hassan APMC,Onion,700,10,2026-03-10
Kolar,Bangarpet APMC,Onion,2300,0.7,2026-03-10
Kolar,Chickkaballapura APMC,Onion,1650,1.5,2026-03-10
Mysore,Mysore (Bandipalya) APMC,Onion,1200,160.4,2026-03-10
Raichur,Raichur APMC,Onion,790,75.1,2026-03-10
Shimoga,Shimoga APMC,Onion,1750,5,2026-03-10
Udupi,Udupi APMC,Onion,1600,4.6,2026-03-10
Bangalore,Bangalore APMC,Potato,1300,468.3,2026-03-10
Bangalore,Bangalore APMC,Potato,1600,702.4,2026-03-10
Bangalore,Doddaballa Pur APMC,Potato,1400,1,2026-03-10
Belgaum,Belgaum APMC,Potato,1300,241.1,2026-03-10
Bellary,Hospet APMC,Potato,1500,9.5,2026-03-10
Chikmagalur,Chikkamagalore APMC,Potato,1515,2.2,2026-03-10
Davangere,Davangere APMC,Potato,2000,4,2026-03-10
Dharwad,Hubli (Amaragol) APMC,Potato,1400,225,2026-03-10
Kalburgi,Kalburgi APMC,Potato,600,25,2026-03-10
Kolar,Bangarpet APMC,Potato,1500,0.9,2026-03-10
Kolar,Chickkaballapura APMC,Potato,1000,15,2026-03-10
Kolar,Kolar APMC,Potato,1100,3.2,2026-03-10
Mysore,Mysore (Bandipalya) APMC,Potato,800,24.7,2026-03-10
Mysore,Nanjangud APMC,Potato,3030,6.1,2026-03-10
Shimoga,Shimoga APMC,Potato,2400,0.8,2026-03-10
Udupi,Udupi APMC,Potato,1500,1.1,2026-03-10
Bangalore,"Binny Mill (F&V), Bangalore APMC",Tomato,1600,42.4,2026-03-11
Bangalore,Channapatana APMC,Tomato,700,7,2026-03-11
Bangalore,Doddaballa Pur APMC,Tomato,900,1.4,2026-03-11
Bangalore,Kanakapura APMC,Tomato,1000,1.2,2026-03-11
Bangalore,Ramanagara APMC,Tomato,1000,12.4,2026-03-11
Bellary,Hospet APMC,Tomato,600,9.3,2026-03-11
Chamrajnagar,Chamaraj Nagar APMC,Tomato,600,6,2026-03-11
Chamrajnagar,Gundlupet APMC,Tomato,1000,15,2026-03-11
Chikmagalur,Chikkamagalore APMC,Tomato,1490,12.3,2026-03-11
Chikmagalur,Kadur APMC,Tomato,1282,13.4,2026-03-11
Hassan,Belur APMC,Tomato,1500,3.6,2026-03-11
Hassan,Hassan APMC,Tomato,2512,12.6,2026-03-11
Haveri,Ranebennur APMC,Tomato,2500,0.3,2026-03-11
Kalburgi,Kalburgi APMC,Tomato,500,9.5,2026-03-11
Kolar,Bangarpet APMC,Tomato,1000,2.7,2026-03-11
Kolar,Bhagepalli APMC,Tomato,769,57.1,2026-03-11
Kolar,Chickkaballapura APMC,Tomato,1336,29.5,2026-03-11
Kolar,Chintamani APMC,Tomato,600,43.8,2026-03-11
Kolar,Gowribidanoor APMC,Tomato,1250,1,2026-03-11
Kolar,Kolar APMC,Tomato,660,481.5,2026-03-11
Kolar,Mulabagilu APMC,Tomato,666,217.8,2026-03-11
Mysore,Mysore (Bandipalya) APMC,Tomato,900,18.5,2026-03-11
Mysore,Nanjangud APMC,Tomato,2564,6,2026-03-11
Mysore,T. Narasipura APMC,Tomato,2000,1.8,2026-03-11
Shimoga,Shimoga APMC,Tomato,600,46.2,2026-03-11
Bagalkot,Bagalakot APMC,Onion,1100,82.6,2026-03-11
Bangalore,Bangalore APMC,Onion,600,267.4,2026-03-11
Bangalore,Bangalore APMC,Onion,1200,534.9,2026-03-11
Bangalore,Bangalore APMC,Onion,1600,534.9,2026-03-11
Bangalore,Bangalore APMC,Onion,1500,1337.4,2026-03-11
Bangalore,Doddaballa Pur APMC,Onion,1700,1.8,2026-03-11
Belgaum,Belgaum APMC,Onion,1500,1195.5,2026-03-11
Bellary,Hospet APMC,Onion,1400,4,2026-03-11
Bijapur,Bijapur APMC,Onion,900,35,2026-03-11
Chikmagalur,Chikkamagalore APMC,Onion,1758,5.6,2026-03-11
Chikmagalur,Kadur APMC,Onion,2775,0.6,2026-03-11
Davangere,Davangere APMC,Onion,1200,183,2026-03-11
Dharwad,Hubli (Amaragol) APMC,Onion,1500,343,2026-03-11
Hassan,Belur APMC,Onion,1500,2.2,2026-03-11
Hassan,Hassan APMC,Onion,650,676.7,2026-03-11
Haveri,Ranebennur APMC,Onion,900,319.5,2026-03-11
Kalburgi,Kalburgi APMC,Onion,650,202,2026-03-11
Kolar,Bangarpet APMC,Onion,2300,0.9,2026-03-11
Kolar,Chickkaballapura APMC,Onion,1700,12,2026-03-11
Kolar,Chickkaballapura APMC,Onion,1450,2,2026-03-11
Kolar,Gowribidanoor APMC,Onion,2250,0.5,2026-03-11
Mysore,Mysore (Bandipalya) APMC,Onion,1200,101.5,2026-03-11
Mysore,T. Narasipura APMC,Onion,2000,2.4,2026-03-11
Raichur,Raichur APMC,Onion,755,54.2,2026-03-11
Shimoga,Shimoga APMC,Onion,1700,7.5,2026-03-11
Udupi,Udupi APMC,Onion,1500,35.7,2026-03-11
Bangalore,Bangalore APMC,Potato,1300,377.5,2026-03-11
Bangalore,Bangalore APMC,Potato,1600,566.2,2026-03-11
Bangalore,Doddaballa Pur APMC,Potato,1300,1.2,2026-03-11
Belgaum,Belgaum APMC,Potato,1400,256.1,2026-03-11
Bellary,Hospet APMC,Potato,1400,1.5,2026-03-11
Chikmagalur,Chikkamagalore APMC,Potato,1852,2.7,2026-03-11
Dharwad,Hubli (Amaragol) APMC,Potato,1300,240,2026-03-11
Hassan,Hassan APMC,Potato,700,448.7,2026-03-11
Kalburgi,Kalburgi APMC,Potato,1000,35,2026-03-11
Kolar,Bangarpet APMC,Potato,1000,0.8,2026-03-11
Kolar,Chickkaballapura APMC,Potato,800,15,2026-03-11
Kolar,Gowribidanoor APMC,Potato,1800,0.5,2026-03-11
Mysore,Mysore (Bandipalya) APMC,Potato,800,11,2026-03-11
Mysore,T. Narasipura APMC,Potato,2000,0.8,2026-03-11
Shimoga,Shimoga APMC,Potato,2400,0.8,2026-03-11
Udupi,Udupi APMC,Potato,1200,37,2026-03-11
Bangalore,"Binny Mill (F&V), Bangalore APMC",Tomato,1400,44.4,2026-03-12
Bangalore,Channapatana APMC,Tomato,500,8.2,2026-03-12
Bangalore,Doddaballa Pur APMC,Tomato,900,2.3,2026-03-12
Bangalore,Kanakapura APMC,Tomato,1200,0.8,2026-03-12
Bangalore,Ramanagara APMC,Tomato,1200,8,2026-03-12
Chamrajnagar,Chamaraj Nagar APMC,Tomato,800,5,2026-03-12
Chamrajnagar,Gundlupet APMC,Tomato,1000,15.8,2026-03-12
Chikmagalur,Chikkamagalore APMC,Tomato,1543,5.4,2026-03-12
Chikmagalur,Kadur APMC,Tomato,1387,6.2,2026-03-12
Davangere,Davangere APMC,Tomato,1100,4,2026-03-12
Hassan,Hassan APMC,Tomato,1500,3.8,2026-03-12
Haveri,Ranebennur APMC,Tomato,2400,0.3,2026-03-12
Kalburgi,Kalburgi APMC,Tomato,500,6.5,2026-03-12
Kolar,Bangarpet APMC,Tomato,600,2.5,2026-03-12
Kolar,Bhagepalli APMC,Tomato,615,48.1,2026-03-12
Kolar,Chintamani APMC,Tomato,600,38.2,2026-03-12
Kolar,Gowribidanoor APMC,Tomato,1500,1.2,2026-03-12
Kolar,Kolar APMC,Tomato,600,462.2,2026-03-12
Kolar,Mulabagilu APMC,Tomato,600,236,2026-03-12
Mysore,Mysore (Bandipalya) APMC,Tomato,1100,16.4,2026-03-12
Mysore,T. Narasipura APMC,Tomato,2000,1.5,2026-03-12
Shimoga,Shimoga APMC,Tomato,700,37.5,2026-03-12
Tumkur,Tumkur APMC,Tomato,1560,12,2026-03-12
Bangalore,Bangalore APMC,Onion,600,309.9,2026-03-12
Bangalore,Bangalore APMC,Onion,1200,620,2026-03-12
Bangalore,Bangalore APMC,Onion,1600,620,2026-03-12
Bangalore,Bangalore APMC,Onion,1500,1549.9,2026-03-12
Bangalore,Doddaballa Pur APMC,Onion,1700,2.5,2026-03-12
Chikmagalur,Chikkamagalore APMC,Onion,1125,5.4,2026-03-12
Chikmagalur,Kadur APMC,Onion,2775,0.6,2026-03-12
Davangere,Davangere APMC,Onion,1000,180,2026-03-12
Dharwad,Hubli (Amaragol) APMC,Onion,1800,240,2026-03-12
Hassan,Hassan APMC,Onion,700,6.4,2026-03-12
Kolar,Bangarpet APMC,Onion,1000,31.3,2026-03-12
Kolar,Gowribidanoor APMC,Onion,2000,0.4,2026-03-12
Mysore,Mysore (Bandipalya) APMC,Onion,1200,178.4,2026-03-12
Mysore,T. Narasipura APMC,Onion,2000,4,2026-03-12
Raichur,Raichur APMC,Onion,725,211.7,2026-03-12
Shimoga,Shimoga APMC,Onion,1750,5,2026-03-12
Tumkur,Tumkur APMC,Onion,1800,6,2026-03-12
Udupi,Udupi APMC,Onion,1500,17.2,2026-03-12
Bangalore,Bangalore APMC,Potato,1300,537.8,2026-03-12
Bangalore,Bangalore APMC,Potato,1600,806.6,2026-03-12
Bangalore,Doddaballa Pur APMC,Potato,1700,1.8,2026-03-12
Belgaum,Belgaum APMC,Potato,1500,29.4,2026-03-12
Chikmagalur,Chikkamagalore APMC,Potato,1755,1.9,2026-03-12
Davangere,Davangere APMC,Potato,1900,4,2026-03-12
Dharwad,Hubli (Amaragol) APMC,Potato,1400,189,2026-03-12
Hassan,Hassan APMC,Potato,1200,82.4,2026-03-12
Kalburgi,Kalburgi APMC,Potato,1000,20,2026-03-12
Kolar,Bangarpet APMC,Potato,2000,0.9,2026-03-12
Kolar,Gowribidanoor APMC,Potato,1500,0.4,2026-03-12
Mysore,Mysore (Bandipalya) APMC,Potato,800,11.5,2026-03-12
Mysore,T. Narasipura APMC,Potato,2000,1.2,2026-03-12
Udupi,Udupi APMC,Potato,1200,4.8,2026-03-12
Bangalore,"Binny Mill (F&V), Bangalore APMC",Tomato,1400,42.6,2026-03-13
Bangalore,Channapatana APMC,Tomato,500,8.3,2026-03-13
Bangalore,Doddaballa Pur APMC,Tomato,900,1.6,2026-03-13
Bangalore,Kanakapura APMC,Tomato,800,1.1,2026-03-13
Bangalore,Ramanagara APMC,Tomato,800,11.4,2026-03-13
Chamrajnagar,Chamaraj Nagar APMC,Tomato,900,6,2026-03-13
Chamrajnagar,Gundlupet APMC,Tomato,1200,13.9,2026-03-13
Chikmagalur,Chikkamagalore APMC,Tomato,1449,16.1,2026-03-13
Chikmagalur,Kadur APMC,Tomato,1086,8.6,2026-03-13
Davangere,Davangere APMC,Tomato,800,3,2026-03-13
Haveri,Ranebennur APMC,Tomato,2500,0.4,2026-03-13
Kolar,Bangarpet APMC,Tomato,1000,2.5,2026-03-13
Kolar,Bhagepalli APMC,Tomato,769,45.5,2026-03-13
Kolar,Chickkaballapura APMC,Tomato,1357,32.4,2026-03-13
Kolar,Chintamani APMC,Tomato,660,39.7,2026-03-13
Kolar,Gowribidanoor APMC,Tomato,1800,1.5,2026-03-13
Kolar,Kolar APMC,Tomato,660,435,2026-03-13
Kolar,Mulabagilu APMC,Tomato,600,213.5,2026-03-13
Mandya,K.R. Pet APMC,Tomato,1000,5,2026-03-13
Mysore,Mysore (Bandipalya) APMC,Tomato,900,8.6,2026-03-13
Mysore,Nanjangud APMC,Tomato,1851,13.7,2026-03-13
Mysore,T. Narasipura APMC,Tomato,1000,0.8,2026-03-13
Shimoga,Shimoga APMC,Tomato,700,45,2026-03-13
Bangalore,Bangalore APMC,Onion,600,334.8,2026-03-13
Bangalore,Bangalore APMC,Onion,1200,669.7,2026-03-13
Bangalore,Bangalore APMC,Onion,1600,669.7,2026-03-13
Bangalore,Bangalore APMC,Onion,1500,1674.2,2026-03-13
Bangalore,Doddaballa Pur APMC,Onion,1700,1.5,2026-03-13
Belgaum,Belgaum APMC,Onion,1500,27,2026-03-13
Bijapur,Bijapur APMC,Onion,900,39.9,2026-03-13
Chikmagalur,Kadur APMC,Onion,2378,1.3,2026-03-13
Davangere,Davangere APMC,Onion,1000,193,2026-03-13
Dharwad,Hubli (Amaragol) APMC,Onion,1600,348,2026-03-13
Kolar,Bangarpet APMC,Onion,2000,0.8,2026-03-13
Kolar,Chickkaballapura APMC,Onion,1650,4,2026-03-13
Kolar,Gowribidanoor APMC,Onion,1800,0.5,2026-03-13
Kolar,Malur APMC,Onion,2500,2.5,2026-03-13
Mandya,K.R. Pet APMC,Onion,1300,3,2026-03-13
Mysore,Mysore (Bandipalya) APMC,Onion,1200,107.1,2026-03-13
Mysore,T. Narasipura APMC,Onion,2000,3.3,2026-03-13
Raichur,Raichur APMC,Onion,780,46.1,2026-03-13
Shimoga,Shimoga APMC,Onion,1750,5,2026-03-13
Udupi,Udupi APMC,Onion,1500,5.4,2026-03-13
Bangalore,Bangalore APMC,Potato,1300,518.8,2026-03-13
Bangalore,Bangalore APMC,Potato,1600,778,2026-03-13
Bangalore,Doddaballa Pur APMC,Potato,1400,1,2026-03-13
Belgaum,Belgaum APMC,Potato,1400,221.5,2026-03-13
Chikmagalur,Chikkamagalore APMC,Potato,1894,4.4,2026-03-13
Davangere,Davangere APMC,Potato,1700,3,2026-03-13
Dharwad,Hubli (Amaragol) APMC,Potato,1400,197,2026-03-13
Hassan,Hassan APMC,Potato,400,4,2026-03-13
Kolar,Bangarpet APMC,Potato,1500,0.7,2026-03-13
Kolar,Chickkaballapura APMC,Potato,1000,21,2026-03-13
Kolar,Gowribidanoor APMC,Potato,1250,0.5,2026-03-13
Mysore,Mysore (Bandipalya) APMC,Potato,700,14,2026-03-13
Mysore,Nanjangud APMC,Potato,2777,6.1,2026-03-13
Mysore,T. Narasipura APMC,Potato,2000,1.1,2026-03-13
Udupi,Udupi APMC,Potato,1200,7,2026-03-13
Bangalore,Channapatana APMC,Tomato,550,7.8,2026-03-14
Bangalore,Kanakapura APMC,Tomato,900,1.4,2026-03-14
Bangalore,Ramanagara APMC,Tomato,900,14.4,2026-03-14
Bellary,Hospet APMC,Tomato,800,6,2026-03-14
Chamrajnagar,Chamaraj Nagar APMC,Tomato,900,5.5,2026-03-14
Haveri,Ranebennur APMC,Tomato,2100,0.7,2026-03-14
Kolar,Bangarpet APMC,Tomato,600,1.6,2026-03-14
Kolar,Bhagepalli APMC,Tomato,769,35.5,2026-03-14
Kolar,Chickkaballapura APMC,Tomato,1375,33.4,2026-03-14
Kolar,Chintamani APMC,Tomato,660,38.2,2026-03-14
Kolar,Gowribidanoor APMC,Tomato,1250,1.5,2026-03-14
Kolar,Kolar APMC,Tomato,660,448.2,2026-03-14
Kolar,Mulabagilu APMC,Tomato,600,174.7,2026-03-14
Bagalkot,Bagalakot APMC,Onion,1180,135,2026-03-14
Bangalore,Bangalore APMC,Onion,600,361.1,2026-03-14
Bangalore,Bangalore APMC,Onion,1200,722.3,2026-03-14
Bangalore,Bangalore APMC,Onion,1600,722.3,2026-03-14
Bangalore,Bangalore APMC,Onion,1500,1805.6,2026-03-14
Belgaum,Belgaum APMC,Onion,1200,1497.2,2026-03-14
Bellary,Hospet APMC,Onion,1600,12,2026-03-14
Dharwad,Hubli (Amaragol) APMC,Onion,1500,344,2026-03-14
Kolar,Bangarpet APMC,Onion,2300,0.4,2026-03-14
Kolar,Chickkaballapura APMC,Onion,1550,10,2026-03-14
Kolar,Gowribidanoor APMC,Onion,1800,0.5,2026-03-14
Mysore,Mysore (Bandipalya) APMC,Onion,1200,459.9,2026-03-14
Raichur,Raichur APMC,Onion,820,59.4,2026-03-14
Bangalore,Bangalore APMC,Potato,1300,448.3,2026-03-14
Bangalore,Bangalore APMC,Potato,1600,672.5,2026-03-14
Belgaum,Belgaum APMC,Potato,1000,323.8,2026-03-14
Bellary,Hospet APMC,Potato,1200,1,2026-03-14
Dharwad,Hubli (Amaragol) APMC,Potato,1600,210,2026-03-14
Kolar,Bangarpet APMC,Potato,1500,0.6,2026-03-14
Kolar,Bhagepalli APMC,Potato,1400,0.2,2026-03-14
Kolar,Chickkaballapura APMC,Potato,1000,17.5,2026-03-14
Kolar,Gowribidanoor APMC,Potato,1200,0.5,2026-03-14
Mysore,Mysore (Bandipalya) APMC,Potato,700,104.6,2026-03-14
Bangalore,Ramanagara APMC,Tomato,1000,9.4,2026-03-15
Bellary,Hospet APMC,Tomato,800,33.6,2026-03-15
Hassan,Belur APMC,Tomato,1250,0.9,2026-03-15
Haveri,Ranebennur APMC,Tomato,2000,0.6,2026-03-15
Kolar,Bhagepalli APMC,Tomato,615,33.7,2026-03-15
Kolar,Chickkaballapura APMC,Tomato,1436,28.9,2026-03-15
Kolar,Chintamani APMC,Tomato,660,31.5,2026-03-15
Kolar,Gowribidanoor APMC,Tomato,1500,1.2,2026-03-15
Kolar,Kolar APMC,Tomato,660,425,2026-03-15
Kolar,Mulabagilu APMC,Tomato,666,188.1,2026-03-15
Mandya,K.R. Pet APMC,Tomato,1000,8,2026-03-15
Mysore,Mysore (Bandipalya) APMC,Tomato,900,8.9,2026-03-15
Shimoga,Shimoga APMC,Tomato,1000,40,2026-03-15
Bellary,Hospet APMC,Onion,1200,12,2026-03-15
Kolar,Chickkaballapura APMC,Onion,1650,3,2026-03-15
Kolar,Gowribidanoor APMC,Onion,1850,0.5,2026-03-15
Shimoga,Shimoga APMC,Onion,1750,5,2026-03-15
Bellary,Hospet APMC,Potato,1600,26,2026-03-15
Kolar,Chickkaballapura APMC,Potato,800,22.5,2026-03-15
Kolar,Gowribidanoor APMC,Potato,1850,0.5,2026-03-15
Kolar,Kolar APMC,Potato,1100,2.4,2026-03-15
Bangalore,"Binny Mill (F&V), Bangalore APMC",Tomato,1400,88,2026-03-16
Bangalore,Channapatana APMC,Tomato,800,6,2026-03-16
Bangalore,Doddaballa Pur APMC,Tomato,1300,1.8,2026-03-16
Bangalore,Kanakapura APMC,Tomato,1200,1.1,2026-03-16
Bangalore,Ramanagara APMC,Tomato,1200,11,2026-03-16
Bellary,Hospet APMC,Tomato,600,2,2026-03-16
Chamrajnagar,Chamaraj Nagar APMC,Tomato,750,7,2026-03-16
Chamrajnagar,Gundlupet APMC,Tomato,1000,33.3,2026-03-16
Chikmagalur,Chikkamagalore APMC,Tomato,1676,18.9,2026-03-16
Chikmagalur,Kadur APMC,Tomato,1250,17.2,2026-03-16
Hassan,Belur APMC,Tomato,1400,4.4,2026-03-16
Haveri,Ranebennur APMC,Tomato,2400,0.3,2026-03-16
Kalburgi,Kalburgi APMC,Tomato,1000,5.5,2026-03-16
Kolar,Bangarpet APMC,Tomato,1000,3.2,2026-03-16
Kolar,Bhagepalli APMC,Tomato,769,38.2,2026-03-16
Kolar,Chickkaballapura APMC,Tomato,1465,29.8,2026-03-16
Kolar,Chintamani APMC,Tomato,660,33.7,2026-03-16
Kolar,Gowribidanoor APMC,Tomato,1200,1,2026-03-16
Kolar,Kolar APMC,Tomato,660,367.5,2026-03-16
Kolar,Mulabagilu APMC,Tomato,600,151.4,2026-03-16
Mandya,Nagamangala APMC,Tomato,1000,3.3,2026-03-16
Mysore,Mysore (Bandipalya) APMC,Tomato,900,4.8,2026-03-16
Mysore,T. Narasipura APMC,Tomato,1000,3,2026-03-16
Shimoga,Shimoga APMC,Tomato,1000,36.2,2026-03-16
Bangalore,Bangalore APMC,Onion,600,404,2026-03-16
Bangalore,Bangalore APMC,Onion,1200,808.2,2026-03-16
Bangalore,Bangalore APMC,Onion,1600,808.2,2026-03-16
Bangalore,Bangalore APMC,Onion,1500,2020.2,2026-03-16
Bangalore,Doddaballa Pur APMC,Onion,1700,2,2026-03-16
Belgaum,Belgaum APMC,Onion,1200,30.4,2026-03-16
Bellary,Hospet APMC,Onion,1200,2.5,2026-03-16
Bijapur,Bijapur APMC,Onion,700,91.3,2026-03-16
Chikmagalur,Chikkamagalore APMC,Onion,2155,11.6,2026-03-16
Chikmagalur,Kadur APMC,Onion,2775,9,2026-03-16
Davangere,Davangere APMC,Onion,1100,180,2026-03-16
Dharwad,Hubli (Amaragol) APMC,Onion,1600,310,2026-03-16
Hassan,Hassan APMC,Onion,1528,7.9,2026-03-16
Kolar,Bangarpet APMC,Onion,1500,0.8,2026-03-16
Kolar,Chickkaballapura APMC,Onion,1550,2.5,2026-03-16
Kolar,Gowribidanoor APMC,Onion,1900,0.5,2026-03-16
Mysore,Mysore (Bandipalya) APMC,Onion,1000,29.2,2026-03-16
Mysore,T. Narasipura APMC,Onion,2000,4.1,2026-03-16
Raichur,Raichur APMC,Onion,750,61.2,2026-03-16
Shimoga,Shimoga APMC,Onion,1750,5,2026-03-16
Udupi,Udupi APMC,Onion,1500,28.9,2026-03-16
Bangalore,Bangalore APMC,Potato,1300,531.3,2026-03-16
Bangalore,Bangalore APMC,Potato,1600,796.9,2026-03-16
Bangalore,Doddaballa Pur APMC,Potato,1400,1.4,2026-03-16
Belgaum,Belgaum APMC,Potato,1000,94.4,2026-03-16
Chikmagalur,Chikkamagalore APMC,Potato,1587,10.5,2026-03-16
Dharwad,Hubli (Amaragol) APMC,Potato,1500,205,2026-03-16
Kalburgi,Kalburgi APMC,Potato,1100,25,2026-03-16
Kolar,Bangarpet APMC,Potato,1700,0.9,2026-03-16
Kolar,Chickkaballapura APMC,Potato,1000,17.5,2026-03-16
Kolar,Gowribidanoor APMC,Potato,1800,0.5,2026-03-16
Kolar,Kolar APMC,Potato,1100,3.4,2026-03-16
Mysore,Mysore (Bandipalya) APMC,Potato,900,138.7,2026-03-16
Mysore,T. Narasipura APMC,Potato,2000,1.9,2026-03-16
Udupi,Udupi APMC,Potato,1200,13.5,2026-03-16
Bangalore,"Binny Mill (F&V), Bangalore APMC",Tomato,1400,41.7,2026-03-17
Bangalore,Channapatana APMC,Tomato,1250,5.8,2026-03-17
Bangalore,Doddaballa Pur APMC,Tomato,1000,2.4,2026-03-17
Bangalore,Kanakapura APMC,Tomato,1200,1.1,2026-03-17
Bangalore,Ramanagara APMC,Tomato,1400,12,2026-03-17
Chamrajnagar,Chamaraj Nagar APMC,Tomato,750,6,2026-03-17
Chamrajnagar,Gundlupet APMC,Tomato,1000,17.5,2026-03-17
Chikmagalur,Chikkamagalore APMC,Tomato,1845,2.8,2026-03-17
Chikmagalur,Kadur APMC,Tomato,1282,5.1,2026-03-17
Davangere,Davangere APMC,Tomato,1000,4,2026-03-17
Haveri,Ranebennur APMC,Tomato,1200,0.4,2026-03-17
Kalburgi,Kalburgi APMC,Tomato,750,8,2026-03-17
Kolar,Bangarpet APMC,Tomato,600,2.2,2026-03-17
Kolar,Bhagepalli APMC,Tomato,846,36.1,2026-03-17
Kolar,Chickkaballapura APMC,Tomato,1108,30.1,2026-03-17
Kolar,Chintamani APMC,Tomato,660,45.7,2026-03-17
Kolar,Kolar APMC,Tomato,800,305,2026-03-17
Kolar,Mulabagilu APMC,Tomato,666,188.2,2026-03-17
Mandya,K.R. Pet APMC,Tomato,1000,4.8,2026-03-17
Mysore,Mysore (Bandipalya) APMC,Tomato,1300,12.5,2026-03-17
Mysore,Nanjangud APMC,Tomato,3030,4.6,2026-03-17
Shimoga,Shimoga APMC,Tomato,800,45,2026-03-17
Bagalkot,Bagalakot APMC,Onion,1100,111.1,2026-03-17
Bangalore,Bangalore APMC,Onion,400,659.3,2026-03-17
Bangalore,Bangalore APMC,Onion,1000,988.8,2026-03-17
Bangalore,Bangalore APMC,Onion,1500,659.3,2026-03-17
Bangalore,Bangalore APMC,Onion,1500,988.8,2026-03-17
Bangalore,Doddaballa Pur APMC,Onion,1700,2.8,2026-03-17
Belgaum,Belgaum APMC,Onion,1200,87.6,2026-03-17
Chikmagalur,Chikkamagalore APMC,Onion,1802,3.7,2026-03-17
Chikmagalur,Kadur APMC,Onion,950,1.4,2026-03-17
Davangere,Davangere APMC,Onion,1200,193,2026-03-17
Dharwad,Hubli (Amaragol) APMC,Onion,1700,314,2026-03-17
Haveri,Ranebennur APMC,Onion,2000,2.8,2026-03-17
Kolar,Bangarpet APMC,Onion,2000,0.5,2026-03-17
Kolar,Chickkaballapura APMC,Onion,1550,3,2026-03-17
Mysore,Mysore (Bandipalya) APMC,Onion,1000,257.2,2026-03-17
Raichur,Raichur APMC,Onion,810,100.6,2026-03-17
Shimoga,Shimoga APMC,Onion,1750,5,2026-03-17
Tumkur,Tumkur APMC,Onion,1400,18,2026-03-17
Udupi,Udupi APMC,Onion,1500,5,2026-03-17
Bangalore,Bangalore APMC,Potato,1300,332,2026-03-17
Bangalore,Bangalore APMC,Potato,1600,498,2026-03-17
Bangalore,Doddaballa Pur APMC,Potato,1500,1.8,2026-03-17
Belgaum,Belgaum APMC,Potato,1000,217.9,2026-03-17
Chikmagalur,Chikkamagalore APMC,Potato,1852,1.8,2026-03-17
Davangere,Davangere APMC,Potato,1800,4,2026-03-17
Dharwad,Hubli (Amaragol) APMC,Potato,1400,215,2026-03-17
Hassan,Hassan APMC,Potato,909,13.8,2026-03-17
Kalburgi,Kalburgi APMC,Potato,1300,40,2026-03-17
Kolar,Bangarpet APMC,Potato,1500,0.6,2026-03-17
Kolar,Bhagepalli APMC,Potato,1600,0.3,2026-03-17
Kolar,Chickkaballapura APMC,Potato,1000,30,2026-03-17
Kolar,Kolar APMC,Potato,1100,2.8,2026-03-17
Shimoga,Shimoga APMC,Potato,2400,2,2026-03-17
Udupi,Udupi APMC,Potato,1200,2.8,2026-03-17
Bangalore,"Binny Mill (F&V), Bangalore APMC",Tomato,1400,43.9,2026-03-18
Bangalore,Channapatana APMC,Tomato,1200,5.8,2026-03-18
Bangalore,Doddaballa Pur APMC,Tomato,1200,1.8,2026-03-18
Bangalore,Kanakapura APMC,Tomato,1300,1.4,2026-03-18
Bangalore,Ramanagara APMC,Tomato,1300,14.4,2026-03-18
Bellary,Hospet APMC,Tomato,700,8.2,2026-03-18
Chamrajnagar,Chamaraj Nagar APMC,Tomato,750,5,2026-03-18
Chamrajnagar,Gundlupet APMC,Tomato,1400,11,2026-03-18
Chikmagalur,Chikkamagalore APMC,Tomato,1847,3.7,2026-03-18
Chikmagalur,Kadur APMC,Tomato,1189,6.7,2026-03-18
Davangere,Davangere APMC,Tomato,1000,5,2026-03-18
Hassan,Arasikere APMC,Tomato,1000,24.5,2026-03-18
Hassan,Belur APMC,Tomato,1470,10,2026-03-18
Hassan,Hassan APMC,Tomato,900,26.8,2026-03-18
Haveri,Ranebennur APMC,Tomato,2000,0.6,2026-03-18
Kalburgi,Kalburgi APMC,Tomato,750,9.5,2026-03-18
Kolar,Bangarpet APMC,Tomato,500,2.5,2026-03-18
Kolar,Bhagepalli APMC,Tomato,615,38.5,2026-03-18
Kolar,Chickkaballapura APMC,Tomato,1108,30.5,2026-03-18
Kolar,Chintamani APMC,Tomato,860,33.7,2026-03-18
Kolar,Gowribidanoor APMC,Tomato,1800,1.2,2026-03-18
Kolar,Kolar APMC,Tomato,600,549.3,2026-03-18
Kolar,Mulabagilu APMC,Tomato,600,282,2026-03-18
Mandya,Nagamangala APMC,Tomato,1800,0.9,2026-03-18
Mysore,T. Narasipura APMC,Tomato,1000,1.5,2026-03-18
Shimoga,Shimoga APMC,Tomato,800,37.5,2026-03-18
Bangalore,Bangalore APMC,Onion,400,617.8,2026-03-18
Bangalore,Bangalore APMC,Onion,1000,926.6,2026-03-18
Bangalore,Bangalore APMC,Onion,1500,617.8,2026-03-18
Bangalore,Bangalore APMC,Onion,1500,926.6,2026-03-18
Bangalore,Doddaballa Pur APMC,Onion,1700,2,2026-03-18
Belgaum,Belgaum APMC,Onion,1000,1456,2026-03-18
Bellary,Hospet APMC,Onion,1200,27.5,2026-03-18
Chikmagalur,Chikkamagalore APMC,Onion,1815,5.6,2026-03-18
Chikmagalur,Kadur APMC,Onion,1850,0.9,2026-03-18
Davangere,Davangere APMC,Onion,1100,160,2026-03-18
Dharwad,Hubli (Amaragol) APMC,Onion,1700,388,2026-03-18
Hassan,Belur APMC,Onion,1500,2.2,2026-03-18
Hassan,Hassan APMC,Onion,1500,736.6,2026-03-18
Haveri,Ranebennur APMC,Onion,844,303,2026-03-18
Kalburgi,Kalburgi APMC,Onion,600,124,2026-03-18
Kolar,Bangarpet APMC,Onion,2000,0.8,2026-03-18
Kolar,Chickkaballapura APMC,Onion,1700,9,2026-03-18
Kolar,Chintamani APMC,Onion,1200,27.5,2026-03-18
Kolar,Gowribidanoor APMC,Onion,1800,0.4,2026-03-18
Mysore,Mysore (Bandipalya) APMC,Onion,1000,73.1,2026-03-18
Mysore,T. Narasipura APMC,Onion,2000,4.1,2026-03-18
Raichur,Raichur APMC,Onion,820,54,2026-03-18
Shimoga,Shimoga APMC,Onion,1750,7.5,2026-03-18
Udupi,Udupi APMC,Onion,1700,32,2026-03-18
Bangalore,Bangalore APMC,Potato,1300,398.8,2026-03-18
Bangalore,Bangalore APMC,Potato,1600,598.4,2026-03-18
Bangalore,Doddaballa Pur APMC,Potato,1400,1.2,2026-03-18
Belgaum,Belgaum APMC,Potato,800,195.6,2026-03-18
Bellary,Hospet APMC,Potato,1000,14.5,2026-03-18
Chikmagalur,Chikkamagalore APMC,Potato,1667,0.1,2026-03-18
Davangere,Davangere APMC,Potato,1800,5,2026-03-18
Dharwad,Hubli (Amaragol) APMC,Potato,1500,220,2026-03-18
Hassan,Arasikere APMC,Potato,1500,16,2026-03-18
Hassan,Hassan APMC,Potato,800,372.9,2026-03-18
Kalburgi,Kalburgi APMC,Potato,550,10,2026-03-18
Kolar,Bangarpet APMC,Potato,2000,0.8,2026-03-18
Kolar,Chickkaballapura APMC,Potato,1000,12.5,2026-03-18
Kolar,Chintamani APMC,Potato,1200,6.3,2026-03-18
Kolar,Gowribidanoor APMC,Potato,2000,0.5,2026-03-18
Kolar,Kolar APMC,Potato,1100,2.2,2026-03-18
Mysore,T. Narasipura APMC,Potato,2000,1.1,2026-03-18
Shimoga,Shimoga APMC,Potato,2400,2,2026-03-18
Udupi,Udupi APMC,Potato,1400,18,2026-03-18
Bangalore,Channapatana APMC,Tomato,1200,4.6,2026-03-19
Bangalore,Ramanagara APMC,Tomato,1400,14,2026-03-19
Hassan,Belur APMC,Tomato,1250,0.7,2026-03-19
Haveri,Ranebennur APMC,Tomato,2100,0.7,2026-03-19
Kolar,Bangarpet APMC,Tomato,1000,0.9,2026-03-19
Kolar,Bhagepalli APMC,Tomato,769,34.6,2026-03-19
Kolar,Chintamani APMC,Tomato,866,31.5,2026-03-19
Kolar,Gowribidanoor APMC,Tomato,1500,0.5,2026-03-19
Kolar,Kolar APMC,Tomato,600,528.1,2026-03-19
Shimoga,Shimoga APMC,Tomato,1200,40,2026-03-19
Bijapur,Bijapur APMC,Onion,900,108.1,2026-03-19
Haveri,Ranebennur APMC,Onion,2500,3,2026-03-19
Kolar,Gowribidanoor APMC,Onion,1800,0.2,2026-03-19
Shimoga,Shimoga APMC,Onion,1750,5,2026-03-19
Kolar,Gowribidanoor APMC,Potato,2000,0.2,2026-03-19
Shimoga,Shimoga APMC,Potato,2400,2,2026-03-19
Bangalore,"Binny Mill (F&V), Bangalore APMC",Tomato,1400,40.3,2026-03-20
Bangalore,Channapatana APMC,Tomato,750,3.5,2026-03-20
Bangalore,Doddaballa Pur APMC,Tomato,1000,0.6,2026-03-20
Bangalore,Kanakapura APMC,Tomato,1200,0.5,2026-03-20
Bangalore,Ramanagara APMC,Tomato,1200,4,2026-03-20
Bellary,Hospet APMC,Tomato,800,2,2026-03-20
Chamrajnagar,Chamaraj Nagar APMC,Tomato,1300,4,2026-03-20
Chamrajnagar,Gundlupet APMC,Tomato,1700,12.2,2026-03-20
Chikmagalur,Chikkamagalore APMC,Tomato,1624,7.7,2026-03-20
Chikmagalur,Kadur APMC,Tomato,1189,9.7,2026-03-20
Davangere,Davangere APMC,Tomato,800,3,2026-03-20
Hassan,Channarayapatna APMC,Tomato,3000,4.4,2026-03-20
Haveri,Ranebennur APMC,Tomato,2100,0.5,2026-03-20
Kalburgi,Kalburgi APMC,Tomato,750,5,2026-03-20
Kolar,Bangarpet APMC,Tomato,1000,2.5,2026-03-20
Kolar,Bhagepalli APMC,Tomato,615,32.5,2026-03-20
Kolar,Chickkaballapura APMC,Tomato,1110,5.5,2026-03-20
Kolar,Chintamani APMC,Tomato,1000,27.7,2026-03-20
Kolar,Gowribidanoor APMC,Tomato,1500,0.4,2026-03-20
Kolar,Kolar APMC,Tomato,660,389.6,2026-03-20
Kolar,Mulabagilu APMC,Tomato,666,127.3,2026-03-20
Mysore,Mysore (Bandipalya) APMC,Tomato,1700,8.6,2026-03-20
Mysore,T. Narasipura APMC,Tomato,1000,3,2026-03-20
Shimoga,Shimoga APMC,Tomato,1200,27.5,2026-03-20
Bangalore,Bangalore APMC,Onion,400,444.6,2026-03-20
Bangalore,Bangalore APMC,Onion,1000,666.9,2026-03-20
Bangalore,Bangalore APMC,Onion,1500,444.6,2026-03-20
Bangalore,Bangalore APMC,Onion,1500,666.9,2026-03-20
Bangalore,Doddaballa Pur APMC,Onion,1700,2.1,2026-03-20
Belgaum,Belgaum APMC,Onion,1000,41.4,2026-03-20
Chikmagalur,Chikkamagalore APMC,Onion,1667,11,2026-03-20
Chikmagalur,Kadur APMC,Onion,1850,0.9,2026-03-20
Dharwad,Hubli (Amaragol) APMC,Onion,1400,340,2026-03-20
Hassan,Channarayapatna APMC,Onion,3000,5.4,2026-03-20
Kolar,Bangarpet APMC,Onion,1500,1.5,2026-03-20
Kolar,Chickkaballapura APMC,Onion,1550,3.5,2026-03-20
Kolar,Gowribidanoor APMC,Onion,1500,0.2,2026-03-20
Mysore,T. Narasipura APMC,Onion,2000,5,2026-03-20
Raichur,Raichur APMC,Onion,1000,20.5,2026-03-20
Shimoga,Shimoga APMC,Onion,1750,5,2026-03-20
Bangalore,Bangalore APMC,Potato,1300,396.6,2026-03-20
Bangalore,Bangalore APMC,Potato,1600,595,2026-03-20
Bangalore,Doddaballa Pur APMC,Potato,1500,0.3,2026-03-20
Belgaum,Belgaum APMC,Potato,800,112.3,2026-03-20
Chikmagalur,Chikkamagalore APMC,Potato,1598,7.3,2026-03-20
Davangere,Davangere APMC,Potato,1700,3,2026-03-20
Dharwad,Hubli (Amaragol) APMC,Potato,1500,142,2026-03-20
Hassan,Channarayapatna APMC,Potato,3500,1.6,2026-03-20
Hassan,Hassan APMC,Potato,500,4.5,2026-03-20
Kalburgi,Kalburgi APMC,Potato,500,40,2026-03-20
Kolar,Bangarpet APMC,Potato,2000,0.9,2026-03-20
Kolar,Chickkaballapura APMC,Potato,1000,7.5,2026-03-20
Kolar,Gowribidanoor APMC,Potato,2000,0.1,2026-03-20
Mysore,T. Narasipura APMC,Potato,2000,1.1,2026-03-20
Shimoga,Shimoga APMC,Potato,2400,2,2026-03-20
Bangalore,Channapatana APMC,Tomato,1000,2.2,2026-03-21
Bangalore,Ramanagara APMC,Tomato,1500,2,2026-03-21
Haveri,Ranebennur APMC,Tomato,2000,0.6,2026-03-21
Kolar,Bangarpet APMC,Tomato,600,2.2,2026-03-21
Kolar,Bhagepalli APMC,Tomato,615,38.2,2026-03-21
Kolar,Chickkaballapura APMC,Tomato,1110,5.5,2026-03-21
Kolar,Chintamani APMC,Tomato,600,33.7,2026-03-21
Kolar,Gowribidanoor APMC,Tomato,1500,1.5,2026-03-21
Kolar,Kolar APMC,Tomato,660,353,2026-03-21
Kolar,Mulabagilu APMC,Tomato,666,212.6,2026-03-21
Kolar,Bangarpet APMC,Onion,1500,0.5,2026-03-21
Kolar,Chickkaballapura APMC,Onion,1550,4,2026-03-21
Kolar,Gowribidanoor APMC,Onion,1500,0.4,2026-03-21
Mysore,Mysore (Bandipalya) APMC,Onion,1000,196.2,2026-03-21
Udupi,Udupi APMC,Onion,1700,29.9,2026-03-21
Kolar,Bangarpet APMC,Potato,1500,0.8,2026-03-21
Kolar,Chickkaballapura APMC,Potato,1000,5,2026-03-21
Kolar,Gowribidanoor APMC,Potato,1500,0.3,2026-03-21
Mysore,Mysore (Bandipalya) APMC,Potato,1000,102.4,2026-03-21
Udupi,Udupi APMC,Potato,1400,13.3,2026-03-21
Bangalore,Ramanagara APMC,Tomato,1200,8.4,2026-03-22
Bellary,Hospet APMC,Tomato,600,19,2026-03-22
Hassan,Belur APMC,Tomato,1500,0.4,2026-03-22
Haveri,Ranebennur APMC,Tomato,2100,0.7,2026-03-22
Kolar,Bhagepalli APMC,Tomato,846,43.8,2026-03-22
Kolar,Chickkaballapura APMC,Tomato,1110,28.5,2026-03-22
Kolar,Chintamani APMC,Tomato,530,24.7,2026-03-22
Kolar,Gowribidanoor APMC,Tomato,1500,1.5,2026-03-22
Kolar,Kolar APMC,Tomato,660,554,2026-03-22
Kolar,Mulabagilu APMC,Tomato,600,243.9,2026-03-22
Mandya,K.R. Pet APMC,Tomato,1300,4.8,2026-03-22
Mysore,Mysore (Bandipalya) APMC,Tomato,1300,12.5,2026-03-22
Shimoga,Shimoga APMC,Tomato,800,27.5,2026-03-22
Bellary,Hospet APMC,Onion,1200,26,2026-03-22
Bijapur,Bijapur APMC,Onion,800,34,2026-03-22
Kolar,Chickkaballapura APMC,Onion,1550,4.5,2026-03-22
Kolar,Gowribidanoor APMC,Onion,1500,0.3,2026-03-22
Shimoga,Shimoga APMC,Onion,1750,5,2026-03-22
Bellary,Hospet APMC,Potato,1200,18,2026-03-22
Hassan,Hassan APMC,Potato,400,10.6,2026-03-22
Kolar,Bhagepalli APMC,Potato,1800,0.2,2026-03-22
Kolar,Chickkaballapura APMC,Potato,800,8,2026-03-22
Kolar,Gowribidanoor APMC,Potato,1500,0.4,2026-03-22
Kolar,Kolar APMC,Potato,1100,2.3,2026-03-22
Shimoga,Shimoga APMC,Potato,2000,2,2026-03-22
Bangalore,"Binny Mill (F&V), Bangalore APMC",Tomato,1400,77.1,2026-03-23
Bangalore,Channapatana APMC,Tomato,900,7.3,2026-03-23
Bangalore,Kanakapura APMC,Tomato,1000,1.4,2026-03-23
Bangalore,Ramanagara APMC,Tomato,1000,14.4,2026-03-23
Bellary,Hospet APMC,Tomato,500,6,2026-03-23
Chamrajnagar,Chamaraj Nagar APMC,Tomato,700,5,2026-03-23
Chamrajnagar,Gundlupet APMC,Tomato,1400,25.2,2026-03-23
Chikmagalur,Chikkamagalore APMC,Tomato,1806,12,2026-03-23
Chikmagalur,Kadur APMC,Tomato,1282,15,2026-03-23
Hassan,Arasikere APMC,Tomato,1000,34.2,2026-03-23
Hassan,Belur APMC,Tomato,1200,2.3,2026-03-23
Haveri,Ranebennur APMC,Tomato,2000,0.3,2026-03-23
Kalburgi,Kalburgi APMC,Tomato,900,7.5,2026-03-23
Kolar,Bangarpet APMC,Tomato,1000,3.2,2026-03-23
Kolar,Bhagepalli APMC,Tomato,615,33.7,2026-03-23
Kolar,Chickkaballapura APMC,Tomato,1110,28.7,2026-03-23
Kolar,Chintamani APMC,Tomato,660,29.2,2026-03-23
Kolar,Gowribidanoor APMC,Tomato,1500,1.5,2026-03-23
Kolar,Kolar APMC,Tomato,600,425,2026-03-23
Kolar,Mulabagilu APMC,Tomato,600,213.2,2026-03-23
Mandya,Nagamangala APMC,Tomato,1000,3.3,2026-03-23
Mysore,Mysore (Bandipalya) APMC,Tomato,900,11.8,2026-03-23
Mysore,Nanjangud APMC,Tomato,2380,10.7,2026-03-23
Shimoga,Shimoga APMC,Tomato,800,40,2026-03-23
Tumkur,Tumkur APMC,Tomato,1150,14,2026-03-23
Bangalore,Bangalore APMC,Onion,500,452.9,2026-03-23
Bangalore,Bangalore APMC,Onion,800,452.9,2026-03-23
Bangalore,Bangalore APMC,Onion,1300,452.9,2026-03-23
Bangalore,Bangalore APMC,Onion,1300,905.8,2026-03-23
Bijapur,Bijapur APMC,Onion,800,198.2,2026-03-23
Chikmagalur,Chikkamagalore APMC,Onion,1778,15,2026-03-23
Chikmagalur,Kadur APMC,Onion,1983,3.4,2026-03-23
Davangere,Davangere APMC,Onion,1000,175,2026-03-23
Dharwad,Hubli (Amaragol) APMC,Onion,1700,322,2026-03-23
Kolar,Bangarpet APMC,Onion,1500,1,2026-03-23
Kolar,Chickkaballapura APMC,Onion,1750,4,2026-03-23
Kolar,Gowribidanoor APMC,Onion,1500,0.5,2026-03-23
Mysore,Mysore (Bandipalya) APMC,Onion,800,42.8,2026-03-23
Mysore,T. Narasipura APMC,Onion,2000,6.6,2026-03-23
Raichur,Raichur APMC,Onion,900,145,2026-03-23
Shimoga,Shimoga APMC,Onion,1750,5,2026-03-23
Tumkur,Tumkur APMC,Onion,1400,15,2026-03-23
Udupi,Udupi APMC,Onion,1700,10.8,2026-03-23
Bangalore,Bangalore APMC,Potato,1100,607.9,2026-03-23
Bangalore,Bangalore APMC,Potato,1200,405.3,2026-03-23
Bellary,Hospet APMC,Potato,1600,19.6,2026-03-23
Chamrajnagar,Gundlupet APMC,Potato,1800,1.8,2026-03-23
Chikmagalur,Chikkamagalore APMC,Potato,1755,1.9,2026-03-23
Dharwad,Hubli (Amaragol) APMC,Potato,1600,215,2026-03-23
Hassan,Arasikere APMC,Potato,1600,10.5,2026-03-23
Kalburgi,Kalburgi APMC,Potato,500,25,2026-03-23
Kolar,Bangarpet APMC,Potato,1500,0.9,2026-03-23
Kolar,Chickkaballapura APMC,Potato,1000,11,2026-03-23
Kolar,Gowribidanoor APMC,Potato,1500,0.5,2026-03-23
Mysore,Nanjangud APMC,Potato,3030,6.1,2026-03-23
Mysore,T. Narasipura APMC,Potato,2000,1.4,2026-03-23
Shimoga,Shimoga APMC,Potato,2000,2,2026-03-23
Tumkur,Tumkur APMC,Potato,2400,11,2026-03-23
Udupi,Udupi APMC,Potato,1400,9,2026-03-23
Bangalore,"Binny Mill (F&V), Bangalore APMC",Tomato,1500,52,2026-03-24
Bangalore,Channapatana APMC,Tomato,550,8.9,2026-03-24
Bangalore,Kanakapura APMC,Tomato,1000,1.4,2026-03-24
Bangalore,Ramanagara APMC,Tomato,1000,14.4,2026-03-24
Bellary,Hospet APMC,Tomato,500,2,2026-03-24
Chamrajnagar,Chamaraj Nagar APMC,Tomato,800,6,2026-03-24
Chamrajnagar,Gundlupet APMC,Tomato,890,14.5,2026-03-24
Chikmagalur,Chikkamagalore APMC,Tomato,1389,9.6,2026-03-24
Chikmagalur,Kadur APMC,Tomato,1040,7.9,2026-03-24
Davangere,Davangere APMC,Tomato,800,4,2026-03-24
Haveri,Ranebennur APMC,Tomato,2200,0.4,2026-03-24
Kalburgi,Kalburgi APMC,Tomato,900,7,2026-03-24
Kolar,Bangarpet APMC,Tomato,500,2.5,2026-03-24
Kolar,Bhagepalli APMC,Tomato,769,31.2,2026-03-24
Kolar,Chickkaballapura APMC,Tomato,1110,24.7,2026-03-24
Kolar,Chintamani APMC,Tomato,660,31.5,2026-03-24
Kolar,Kolar APMC,Tomato,600,466.3,2026-03-24
Kolar,Mulabagilu APMC,Tomato,600,227.7,2026-03-24
Mandya,K.R. Pet APMC,Tomato,1000,1,2026-03-24
Mysore,Mysore (Bandipalya) APMC,Tomato,900,12.7,2026-03-24
Mysore,Nanjangud APMC,Tomato,1851,11,2026-03-24
Shimoga,Shimoga APMC,Tomato,800,51.2,2026-03-24
Bagalkot,Bagalakot APMC,Onion,800,178,2026-03-24
Bangalore,Bangalore APMC,Onion,500,592.3,2026-03-24
Bangalore,Bangalore APMC,Onion,800,592.3,2026-03-24
Bangalore,Bangalore APMC,Onion,1300,592.3,2026-03-24
Bangalore,Bangalore APMC,Onion,1300,1184.3,2026-03-24
Belgaum,Belgaum APMC,Onion,1000,47.8,2026-03-24
Bellary,Hospet APMC,Onion,1200,3.5,2026-03-24
Chikmagalur,Chikkamagalore APMC,Onion,1802,3.7,2026-03-24
Chikmagalur,Kadur APMC,Onion,1666,0.5,2026-03-24
Davangere,Davangere APMC,Onion,900,150,2026-03-24
Dharwad,Hubli (Amaragol) APMC,Onion,1800,410,2026-03-24
Hassan,Hassan APMC,Onion,900,174.1,2026-03-24
Kolar,Chickkaballapura APMC,Onion,1700,5,2026-03-24
Mysore,Mysore (Bandipalya) APMC,Onion,900,131.3,2026-03-24
Raichur,Raichur APMC,Onion,750,62.5,2026-03-24
Shimoga,Shimoga APMC,Onion,1750,5,2026-03-24
Tumkur,Tumkur APMC,Onion,1200,8,2026-03-24
Udupi,Udupi APMC,Onion,1700,4.4,2026-03-24
Bangalore,Bangalore APMC,Potato,1100,597.2,2026-03-24
Bangalore,Bangalore APMC,Potato,1200,398.1,2026-03-24
Belgaum,Belgaum APMC,Potato,1200,169.6,2026-03-24
Chikmagalur,Chikkamagalore APMC,Potato,1667,2,2026-03-24
Davangere,Davangere APMC,Potato,2000,4,2026-03-24
Dharwad,Hubli (Amaragol) APMC,Potato,1600,215,2026-03-24
Hassan,Hassan APMC,Potato,700,37.3,2026-03-24
Kalburgi,Kalburgi APMC,Potato,480,23,2026-03-24
Kolar,Chickkaballapura APMC,Potato,800,25,2026-03-24
Kolar,Malur APMC,Potato,1000,83.4,2026-03-24
Mysore,Nanjangud APMC,Potato,3030,6.9,2026-03-24
Shimoga,Shimoga APMC,Potato,2000,2,2026-03-24
Udupi,Udupi APMC,Potato,1400,3.6,2026-03-24
Bangalore,"Binny Mill (F&V), Bangalore APMC",Tomato,1400,42.6,2026-03-25
Bangalore,Channapatana APMC,Tomato,1000,7.6,2026-03-25
Bangalore,Kanakapura APMC,Tomato,1000,1.2,2026-03-25
Bangalore,Ramanagara APMC,Tomato,1000,12.4,2026-03-25
Belgaum,Belgaum APMC,Tomato,1500,7.5,2026-03-25
Bellary,Hospet APMC,Tomato,600,15.6,2026-03-25
Chamrajnagar,Chamaraj Nagar APMC,Tomato,800,5,2026-03-25
Chamrajnagar,Gundlupet APMC,Tomato,900,21.2,2026-03-25
Chikmagalur,Chikkamagalore APMC,Tomato,1563,9.6,2026-03-25
Chikmagalur,Kadur APMC,Tomato,1110,5.5,2026-03-25
Davangere,Davangere APMC,Tomato,1500,1.5,2026-03-25
Hassan,Belur APMC,Tomato,1800,2.2,2026-03-25
Hassan,Hassan APMC,Tomato,1490,12.9,2026-03-25
Haveri,Ranebennur APMC,Tomato,2100,0.4,2026-03-25
Kalburgi,Kalburgi APMC,Tomato,800,9.5,2026-03-25
Kolar,Bangarpet APMC,Tomato,500,0.7,2026-03-25
Kolar,Bhagepalli APMC,Tomato,615,20.4,2026-03-25
Kolar,Chickkaballapura APMC,Tomato,1155,23,2026-03-25
Kolar,Chintamani APMC,Tomato,600,47.2,2026-03-25
Kolar,Gowribidanoor APMC,Tomato,1500,1.5,2026-03-25
Kolar,Kolar APMC,Tomato,530,615,2026-03-25
Kolar,Mulabagilu APMC,Tomato,666,238.2,2026-03-25
Mandya,Nagamangala APMC,Tomato,1200,2.8,2026-03-25
Mysore,Mysore (Bandipalya) APMC,Tomato,1100,16.2,2026-03-25
Mysore,Nanjangud APMC,Tomato,1851,13.7,2026-03-25
Mysore,T. Narasipura APMC,Tomato,1000,1,2026-03-25
Shimoga,Shimoga APMC,Tomato,900,40,2026-03-25
Bangalore,Bangalore APMC,Onion,500,529.4,2026-03-25
Bangalore,Bangalore APMC,Onion,800,529.4,2026-03-25
Bangalore,Bangalore APMC,Onion,1300,529.4,2026-03-25
Bangalore,Bangalore APMC,Onion,1300,1058.8,2026-03-25
Bangalore,Ramanagara APMC,Onion,2000,25,2026-03-25
Belgaum,Belgaum APMC,Onion,1000,1005.2,2026-03-25
Bellary,Hospet APMC,Onion,1900,8.5,2026-03-25
Bijapur,Bijapur APMC,Onion,800,63.3,2026-03-25
Chikmagalur,Chikkamagalore APMC,Onion,1836,5.9,2026-03-25
Davangere,Davangere APMC,Onion,1000,195,2026-03-25
Dharwad,Hubli (Amaragol) APMC,Onion,1600,310,2026-03-25
Hassan,Belur APMC,Onion,1500,4.4,2026-03-25
Hassan,Hassan APMC,Onion,1100,671.4,2026-03-25
Haveri,Ranebennur APMC,Onion,1475,194.5,2026-03-25
Kalburgi,Kalburgi APMC,Onion,750,120.2,2026-03-25
Kolar,Bangarpet APMC,Onion,1500,0.8,2026-03-25
Kolar,Chickkaballapura APMC,Onion,1800,9,2026-03-25
Kolar,Gowribidanoor APMC,Onion,1500,0.4,2026-03-25
Mysore,Mysore (Bandipalya) APMC,Onion,800,36.8,2026-03-25
Mysore,T. Narasipura APMC,Onion,2000,3.2,2026-03-25
Raichur,Raichur APMC,Onion,830,100.4,2026-03-25
Shimoga,Shimoga APMC,Onion,1750,5,2026-03-25
Udupi,Udupi APMC,Onion,1500,33.1,2026-03-25
Bangalore,Bangalore APMC,Potato,1100,604,2026-03-25
Bangalore,Bangalore APMC,Potato,1200,402.6,2026-03-25
Belgaum,Belgaum APMC,Potato,1400,277.8,2026-03-25
Bellary,Hospet APMC,Potato,2000,8.5,2026-03-25
Chikmagalur,Chikkamagalore APMC,Potato,1796,10.3,2026-03-25
Davangere,Davangere APMC,Potato,1800,3,2026-03-25
Dharwad,Hubli (Amaragol) APMC,Potato,1700,220,2026-03-25
Hassan,Hassan APMC,Potato,1000,420.7,2026-03-25
Kalburgi,Kalburgi APMC,Potato,600,5,2026-03-25
Kolar,Bangarpet APMC,Potato,1000,0.8,2026-03-25
Kolar,Bhagepalli APMC,Potato,1600,0.3,2026-03-25
Kolar,Chickkaballapura APMC,Potato,800,27.5,2026-03-25
Kolar,Gowribidanoor APMC,Potato,2000,0.4,2026-03-25
Mysore,Nanjangud APMC,Potato,2564,6.9,2026-03-25
Mysore,T. Narasipura APMC,Potato,2000,0.8,2026-03-25
Shimoga,Shimoga APMC,Potato,2000,1.6,2026-03-25
Udupi,Udupi APMC,Potato,1600,21.3,2026-03-25
Bangalore,"Binny Mill (F&V), Bangalore APMC",Tomato,1500,38.9,2026-03-26
Bangalore,Channapatana APMC,Tomato,1250,4.7,2026-03-26
Bangalore,Doddaballa Pur APMC,Tomato,1300,1.7,2026-03-26
Bangalore,Kanakapura APMC,Tomato,1400,0.8,2026-03-26
Bangalore,Ramanagara APMC,Tomato,1400,8.8,2026-03-26
Chamrajnagar,Chamaraj Nagar APMC,Tomato,1000,7,2026-03-26
Chamrajnagar,Gundlupet APMC,Tomato,1100,16,2026-03-26
Chikmagalur,Chikkamagalore APMC,Tomato,1111,4.5,2026-03-26
Chikmagalur,Kadur APMC,Tomato,1041,4.8,2026-03-26
Davangere,Davangere APMC,Tomato,1000,3.5,2026-03-26
Hassan,Belur APMC,Tomato,1500,2.2,2026-03-26
Hassan,Hassan APMC,Tomato,600,5.6,2026-03-26
Haveri,Ranebennur APMC,Tomato,2000,0.4,2026-03-26
Kalburgi,Kalburgi APMC,Tomato,1000,6.5,2026-03-26
Kolar,Bangarpet APMC,Tomato,700,2.8,2026-03-26
Kolar,Bhagepalli APMC,Tomato,769,35.9,2026-03-26
Kolar,Chintamani APMC,Tomato,600,33.7,2026-03-26
Kolar,Gowribidanoor APMC,Tomato,1500,1.5,2026-03-26
Kolar,Kolar APMC,Tomato,660,420.6,2026-03-26
Kolar,Mulabagilu APMC,Tomato,600,197,2026-03-26
Mysore,Mysore (Bandipalya) APMC,Tomato,1100,16.5,2026-03-26
Mysore,Nanjangud APMC,Tomato,1851,19,2026-03-26
Shimoga,Shimoga APMC,Tomato,1000,40,2026-03-26
Bangalore,Bangalore APMC,Onion,500,565.7,2026-03-26
Bangalore,Bangalore APMC,Onion,800,565.7,2026-03-26
Bangalore,Bangalore APMC,Onion,1300,565.7,2026-03-26
Bangalore,Bangalore APMC,Onion,1300,1131.2,2026-03-26
Bangalore,Doddaballa Pur APMC,Onion,1700,2.1,2026-03-26
Belgaum,Belgaum APMC,Onion,1000,38.2,2026-03-26
Bijapur,Bijapur APMC,Onion,800,284.5,2026-03-26
Chikmagalur,Chikkamagalore APMC,Onion,1827,7.3,2026-03-26
Chikmagalur,Kadur APMC,Onion,1665,1.9,2026-03-26
Davangere,Davangere APMC,Onion,1100,192,2026-03-26
Dharwad,Hubli (Amaragol) APMC,Onion,1600,238,2026-03-26
Hassan,Hassan APMC,Onion,700,10,2026-03-26
Kolar,Bangarpet APMC,Onion,1500,1.7,2026-03-26
Kolar,Chintamani APMC,Onion,1400,20.5,2026-03-26
Kolar,Gowribidanoor APMC,Onion,1500,0.4,2026-03-26
Mysore,Mysore (Bandipalya) APMC,Onion,900,13.2,2026-03-26
Mysore,T. Narasipura APMC,Onion,2000,2.5,2026-03-26
Shimoga,Shimoga APMC,Onion,1750,5,2026-03-26
Udupi,Udupi APMC,Onion,1500,25,2026-03-26
Bangalore,Bangalore APMC,Potato,1100,822.1,2026-03-26
Bangalore,Bangalore APMC,Potato,1200,548,2026-03-26
Bangalore,Doddaballa Pur APMC,Potato,1600,1.5,2026-03-26
Belgaum,Belgaum APMC,Potato,1400,74.8,2026-03-26
Chikmagalur,Chikkamagalore APMC,Potato,1786,2.8,2026-03-26
Davangere,Davangere APMC,Potato,1700,4,2026-03-26
Dharwad,Hubli (Amaragol) APMC,Potato,1700,169,2026-03-26
Hassan,Hassan APMC,Potato,690,11.5,2026-03-26
Kalburgi,Kalburgi APMC,Potato,600,20,2026-03-26
Kolar,Bangarpet APMC,Potato,1200,1.5,2026-03-26
Kolar,Gowribidanoor APMC,Potato,2000,0.4,2026-03-26
Kolar,Kolar APMC,Potato,1100,2.8,2026-03-26
Mysore,T. Narasipura APMC,Potato,1200,0.3,2026-03-26
Shimoga,Shimoga APMC,Potato,2000,2,2026-03-26
Udupi,Udupi APMC,Potato,1600,21.8,2026-03-26
Bangalore,"Binny Mill (F&V), Bangalore APMC",Tomato,1500,38.7,2026-03-27
Bangalore,Channapatana APMC,Tomato,1250,5.1,2026-03-27
Bangalore,Kanakapura APMC,Tomato,1500,0.8,2026-03-27
Bangalore,Ramanagara APMC,Tomato,1200,10.4,2026-03-27
Chamrajnagar,Chamaraj Nagar APMC,Tomato,800,6,2026-03-27
Chamrajnagar,Gundlupet APMC,Tomato,1100,5.8,2026-03-27
Chikmagalur,Chikkamagalore APMC,Tomato,1667,4,2026-03-27
Chikmagalur,Kadur APMC,Tomato,1110,7.6,2026-03-27
Davangere,Davangere APMC,Tomato,1100,3.5,2026-03-27
Hassan,Channarayapatna APMC,Tomato,3000,2.8,2026-03-27
Haveri,Ranebennur APMC,Tomato,2100,0.7,2026-03-27
Kalburgi,Kalburgi APMC,Tomato,800,7,2026-03-27
Kolar,Bangarpet APMC,Tomato,1200,2.5,2026-03-27
Kolar,Bhagepalli APMC,Tomato,615,18.9,2026-03-27
Kolar,Chickkaballapura APMC,Tomato,1230,22.6,2026-03-27
Kolar,Chintamani APMC,Tomato,600,42.1,2026-03-27
Kolar,Gowribidanoor APMC,Tomato,1500,1.5,2026-03-27
Kolar,Kolar APMC,Tomato,660,440,2026-03-27
Kolar,Mulabagilu APMC,Tomato,600,166.1,2026-03-27
Mandya,K.R. Pet APMC,Tomato,1000,13.5,2026-03-27
Mandya,Nagamangala APMC,Tomato,3500,0.9,2026-03-27
Mysore,Mysore (Bandipalya) APMC,Tomato,1100,13.7,2026-03-27
Mysore,Nanjangud APMC,Tomato,1851,19,2026-03-27
Shimoga,Shimoga APMC,Tomato,900,43.7,2026-03-27
Bangalore,Bangalore APMC,Onion,500,578.7,2026-03-27
Bangalore,Bangalore APMC,Onion,800,868,2026-03-27
Bangalore,Bangalore APMC,Onion,1200,578.7,2026-03-27
Bangalore,Bangalore APMC,Onion,1200,868.1,2026-03-27
Belgaum,Belgaum APMC,Onion,1000,49.7,2026-03-27
Bijapur,Bijapur APMC,Onion,800,38.2,2026-03-27
Chikmagalur,Chikkamagalore APMC,Onion,1802,3.7,2026-03-27
Chikmagalur,Kadur APMC,Onion,1850,0.9,2026-03-27
Dharwad,Hubli (Amaragol) APMC,Onion,1800,254,2026-03-27
Kolar,Bangarpet APMC,Onion,1500,0.9,2026-03-27
Kolar,Chickkaballapura APMC,Onion,1800,5.5,2026-03-27
Kolar,Gowribidanoor APMC,Onion,1500,0.4,2026-03-27
Mysore,T. Narasipura APMC,Onion,2000,1.6,2026-03-27
Raichur,Raichur APMC,Onion,755,104.2,2026-03-27
Shimoga,Shimoga APMC,Onion,1750,5,2026-03-27
Udupi,Udupi APMC,Onion,1500,6.1,2026-03-27
Bangalore,Bangalore APMC,Potato,1100,948.9,2026-03-27
Bangalore,Bangalore APMC,Potato,1200,632.6,2026-03-27
Belgaum,Belgaum APMC,Potato,1400,168.9,2026-03-27
Chikmagalur,Chikkamagalore APMC,Potato,1823,6.4,2026-03-27
Davangere,Davangere APMC,Potato,1900,3.5,2026-03-27
Dharwad,Hubli (Amaragol) APMC,Potato,1500,138,2026-03-27
Hassan,Channarayapatna APMC,Potato,3500,2.4,2026-03-27
Kolar,Bangarpet APMC,Potato,1500,1.1,2026-03-27
Kolar,Chickkaballapura APMC,Potato,900,21,2026-03-27
Kolar,Gowribidanoor APMC,Potato,2000,0.3,2026-03-27
Mysore,T. Narasipura APMC,Potato,2000,0.8,2026-03-27
Udupi,Udupi APMC,Potato,1600,4.1,2026-03-27
Bangalore,Channapatana APMC,Tomato,1100,8.5,2026-03-28
Bangalore,Kanakapura APMC,Tomato,1500,0.8,2026-03-28
Bangalore,Ramanagara APMC,Tomato,1500,8.4,2026-03-28
Belgaum,Belgaum APMC,Tomato,1350,14.3,2026-03-28
Bellary,Hospet APMC,Tomato,600,4,2026-03-28
Chamrajnagar,Chamaraj Nagar APMC,Tomato,1000,5,2026-03-28
Haveri,Ranebennur APMC,Tomato,2000,0.4,2026-03-28
Kalburgi,Kalburgi APMC,Tomato,800,9.5,2026-03-28
Kolar,Bangarpet APMC,Tomato,1000,2.3,2026-03-28
Kolar,Bhagepalli APMC,Tomato,846,20.7,2026-03-28
Kolar,Chickkaballapura APMC,Tomato,1270,18.5,2026-03-28
Kolar,Chintamani APMC,Tomato,600,87.5,2026-03-28
Kolar,Gowribidanoor APMC,Tomato,1300,1.5,2026-03-28
Kolar,Kolar APMC,Tomato,660,315,2026-03-28
Kolar,Mulabagilu APMC,Tomato,666,172.6,2026-03-28
Bagalkot,Bagalakot APMC,Onion,820,169.6,2026-03-28
Bagalkot,Jamakhandi APMC,Onion,800,26,2026-03-28
Bangalore,Bangalore APMC,Onion,500,559.9,2026-03-28
Bangalore,Bangalore APMC,Onion,800,839.7,2026-03-28
Bangalore,Bangalore APMC,Onion,1200,559.8,2026-03-28
Bangalore,Bangalore APMC,Onion,1200,839.7,2026-03-28
Belgaum,Belgaum APMC,Onion,1100,999.3,2026-03-28
Bellary,Hospet APMC,Onion,1300,17,2026-03-28
Dharwad,Hubli (Amaragol) APMC,Onion,1600,243,2026-03-28
Kalburgi,Kalburgi APMC,Onion,550,175,2026-03-28
Kolar,Bangarpet APMC,Onion,1700,0.9,2026-03-28
Kolar,Chickkaballapura APMC,Onion,1800,5,2026-03-28
Kolar,Gowribidanoor APMC,Onion,1500,0.4,2026-03-28
Bangalore,Bangalore APMC,Potato,1100,716.3,2026-03-28
Bangalore,Bangalore APMC,Potato,1200,477.6,2026-03-28
Belgaum,Belgaum APMC,Potato,1200,243,2026-03-28
Bellary,Hospet APMC,Potato,1200,9.5,2026-03-28
Dharwad,Hubli (Amaragol) APMC,Potato,1500,165,2026-03-28
Kalburgi,Kalburgi APMC,Potato,1100,40,2026-03-28
Kolar,Bangarpet APMC,Potato,1200,0.9,2026-03-28
Kolar,Chickkaballapura APMC,Potato,800,15.5,2026-03-28
Kolar,Gowribidanoor APMC,Potato,1500,0.5,2026-03-28
Bellary,Hospet APMC,Tomato,500,1.2,2026-03-29
Hassan,Belur APMC,Tomato,1000,4,2026-03-29
Haveri,Ranebennur APMC,Tomato,2000,0.4,2026-03-29
Kolar,Bhagepalli APMC,Tomato,1000,33.7,2026-03-29
Kolar,Chickkaballapura APMC,Tomato,1290,25.4,2026-03-29
Kolar,Chintamani APMC,Tomato,600,40.5,2026-03-29
Kolar,Gowribidanoor APMC,Tomato,1300,1.5,2026-03-29
Kolar,Kolar APMC,Tomato,660,528.8,2026-03-29
Kolar,Mulabagilu APMC,Tomato,666,205,2026-03-29
Mandya,K.R. Pet APMC,Tomato,1000,0.5,2026-03-29
Mysore,Mysore (Bandipalya) APMC,Tomato,1200,11.5,2026-03-29
Shimoga,Shimoga APMC,Tomato,700,55,2026-03-29
Bellary,Hospet APMC,Onion,1000,0.8,2026-03-29
Bijapur,Bijapur APMC,Onion,800,85.5,2026-03-29
Kolar,Chickkaballapura APMC,Onion,1700,3,2026-03-29
Kolar,Gowribidanoor APMC,Onion,1500,0.4,2026-03-29
Shimoga,Shimoga APMC,Onion,1750,5,2026-03-29
Bellary,Hospet APMC,Potato,2000,15,2026-03-29
Kolar,Chickkaballapura APMC,Potato,800,20,2026-03-29
Kolar,Gowribidanoor APMC,Potato,1800,0.4,2026-03-29
Shimoga,Shimoga APMC,Potato,2000,1,2026-03-29
Bangalore,Channapatana APMC,Tomato,1000,6.2,2026-03-30
Bangalore,Kanakapura APMC,Tomato,1400,1.1,2026-03-30
Bangalore,Ramanagara APMC,Tomato,1400,11,2026-03-30
Chamrajnagar,Chamaraj Nagar APMC,Tomato,800,7,2026-03-30
Hassan,Belur APMC,Tomato,1000,6.5,2026-03-30
Haveri,Ranebennur APMC,Tomato,2000,0.6,2026-03-30
Kolar,Bangarpet APMC,Tomato,400,3.2,2026-03-30
Kolar,Bhagepalli APMC,Tomato,615,24.8,2026-03-30
Kolar,Chickkaballapura APMC,Tomato,1116,20.7,2026-03-30
Kolar,Chintamani APMC,Tomato,666,89.7,2026-03-30
Kolar,Gowribidanoor APMC,Tomato,1200,1.5,2026-03-30
Kolar,Kolar APMC,Tomato,800,427.4,2026-03-30
Kolar,Mulabagilu APMC,Tomato,666,225.8,2026-03-30
Mandya,Nagamangala APMC,Tomato,1300,2.5,2026-03-30
Mysore,Mysore (Bandipalya) APMC,Tomato,1200,9.8,2026-03-30
Shimoga,Shimoga APMC,Tomato,1200,27.5,2026-03-30
Bangalore,Bangalore APMC,Onion,500,725.5,2026-03-30
Bangalore,Bangalore APMC,Onion,800,1088.1,2026-03-30
Bangalore,Bangalore APMC,Onion,1200,725.4,2026-03-30
Bangalore,Bangalore APMC,Onion,1200,1088.1,2026-03-30
Belgaum,Belgaum APMC,Onion,1100,84.5,2026-03-30
Bijapur,Bijapur APMC,Onion,600,431.3,2026-03-30
Kolar,Bangarpet APMC,Onion,1700,1,2026-03-30
Kolar,Chickkaballapura APMC,Onion,1700,3.5,2026-03-30
Kolar,Gowribidanoor APMC,Onion,1500,0.4,2026-03-30
Mysore,Mysore (Bandipalya) APMC,Onion,1200,42.2,2026-03-30
Shimoga,Shimoga APMC,Onion,1750,5,2026-03-30
Bangalore,Bangalore APMC,Potato,1100,943.8,2026-03-30
Bangalore,Bangalore APMC,Potato,1200,629.2,2026-03-30
Belgaum,Belgaum APMC,Potato,1200,30.4,2026-03-30
Kolar,Bangarpet APMC,Potato,1100,0.7,2026-03-30
Kolar,Chickkaballapura APMC,Potato,800,18,2026-03-30
Kolar,Gowribidanoor APMC,Potato,1500,0.5,2026-03-30
Kolar,Mulabagilu APMC,Potato,2200,113.6,2026-03-30
Mysore,Mysore (Bandipalya) APMC,Potato,1000,24.2,2026-03-30
Shimoga,Shimoga APMC,Potato,2000,0.8,2026-03-30
Bangalore,"Binny Mill (F&V), Bangalore APMC",Tomato,1400,131.2,2026-03-31
Bangalore,Channapatana APMC,Tomato,1250,5.4,2026-03-31
Bangalore,Kanakapura APMC,Tomato,1400,0.8,2026-03-31
Bangalore,Ramanagara APMC,Tomato,1400,8.4,2026-03-31
Bellary,Hospet APMC,Tomato,500,1.2,2026-03-31
Chamrajnagar,Chamaraj Nagar APMC,Tomato,800,6,2026-03-31
Chamrajnagar,Gundlupet APMC,Tomato,1200,42.6,2026-03-31
Chikmagalur,Chikkamagalore APMC,Tomato,1554,11.8,2026-03-31
Chikmagalur,Kadur APMC,Tomato,1280,24.3,2026-03-31
Davangere,Davangere APMC,Tomato,1200,4,2026-03-31
Hassan,Arasikere APMC,Tomato,1600,18.1,2026-03-31
Haveri,Ranebennur APMC,Tomato,2200,0.3,2026-03-31
Kalburgi,Kalburgi APMC,Tomato,650,8,2026-03-31
Kolar,Bangarpet APMC,Tomato,700,2.5,2026-03-31
Kolar,Bhagepalli APMC,Tomato,769,37.5,2026-03-31
Kolar,Chickkaballapura APMC,Tomato,1100,18.4,2026-03-31
Kolar,Chintamani APMC,Tomato,660,70.5,2026-03-31
Kolar,Kolar APMC,Tomato,800,465,2026-03-31
Kolar,Mulabagilu APMC,Tomato,666,272.3,2026-03-31
Mandya,K.R. Pet APMC,Tomato,1400,0.7,2026-03-31
Mysore,Mysore (Bandipalya) APMC,Tomato,1300,11.8,2026-03-31
Mysore,Nanjangud APMC,Tomato,2083,19,2026-03-31
Shimoga,Shimoga APMC,Tomato,1000,40,2026-03-31
Bagalkot,Bagalakot APMC,Onion,900,247.6,2026-03-31
Bangalore,Bangalore APMC,Onion,500,602.5,2026-03-31
Bangalore,Bangalore APMC,Onion,800,903.6,2026-03-31
Bangalore,Bangalore APMC,Onion,1200,602.4,2026-03-31
Bangalore,Bangalore APMC,Onion,1200,903.6,2026-03-31
Belgaum,Belgaum APMC,Onion,1100,36.6,2026-03-31
Bellary,Hospet APMC,Onion,1000,0.8,2026-03-31
Chikmagalur,Chikkamagalore APMC,Onion,1795,15.3,2026-03-31
Chikmagalur,Kadur APMC,Onion,1665,18,2026-03-31
Davangere,Davangere APMC,Onion,1000,187.5,2026-03-31
Dharwad,Hubli (Amaragol) APMC,Onion,1700,314,2026-03-31
Kolar,Bangarpet APMC,Onion,1500,0.8,2026-03-31
Kolar,Chickkaballapura APMC,Onion,1700,3,2026-03-31
Mysore,Mysore (Bandipalya) APMC,Onion,1000,203.8,2026-03-31
Mysore,T. Narasipura APMC,Onion,2000,4.9,2026-03-31
Shimoga,Shimoga APMC,Onion,1750,5,2026-03-31
Udupi,Udupi APMC,Onion,1500,33,2026-03-31
Bangalore,Bangalore APMC,Potato,1100,852.7,2026-03-31
Bangalore,Bangalore APMC,Potato,1200,568.4,2026-03-31
Belgaum,Belgaum APMC,Potato,1200,216.7,2026-03-31
Bellary,Hospet APMC,Potato,2000,15,2026-03-31
Chikmagalur,Chikkamagalore APMC,Potato,1839,6.8,2026-03-31
Davangere,Davangere APMC,Potato,1800,4,2026-03-31
Dharwad,Hubli (Amaragol) APMC,Potato,1600,220,2026-03-31
Hassan,Arasikere APMC,Potato,1500,9.3,2026-03-31
Hassan,Hassan APMC,Potato,690,11.5,2026-03-31
Kalburgi,Kalburgi APMC,Potato,1000,40,2026-03-31
Kolar,Bangarpet APMC,Potato,1300,0.9,2026-03-31
Kolar,Bhagepalli APMC,Potato,1000,0.2,2026-03-31
Kolar,Chickkaballapura APMC,Potato,800,35,2026-03-31
Kolar,Kolar APMC,Potato,1100,3.1,2026-03-31
Mysore,T. Narasipura APMC,Potato,2000,1.1,2026-03-31
Shimoga,Shimoga APMC,Potato,2000,1.2,2026-03-31
Udupi,Udupi APMC,Potato,1600,18.2,2026-03-31
Bangalore,"Binny Mill (F&V), Bangalore APMC",Tomato,1500,43.9,2026-04-01
Bangalore,Channapatana APMC,Tomato,1400,4.5,2026-04-01
Bangalore,Doddaballa Pur APMC,Tomato,1000,1.6,2026-04-01
Bangalore,Kanakapura APMC,Tomato,1300,0.8,2026-04-01
Bangalore,Ramanagara APMC,Tomato,1300,8.4,2026-04-01
Bellary,Hospet APMC,Tomato,800,15.6,2026-04-01
Chamrajnagar,Chamaraj Nagar APMC,Tomato,800,6.5,2026-04-01
Chamrajnagar,Gundlupet APMC,Tomato,1300,6.3,2026-04-01
Chikmagalur,Chikkamagalore APMC,Tomato,1640,6.1,2026-04-01
Chikmagalur,Kadur APMC,Tomato,1111,7.4,2026-04-01
Davangere,Davangere APMC,Tomato,1300,3,2026-04-01
Hassan,Belur APMC,Tomato,1200,2.8,2026-04-01
Hassan,Hassan APMC,Tomato,1127,20.4,2026-04-01
Haveri,Ranebennur APMC,Tomato,2000,0.5,2026-04-01
Kalburgi,Kalburgi APMC,Tomato,625,9.5,2026-04-01
Kolar,Bangarpet APMC,Tomato,1000,1.9,2026-04-01
Kolar,Bhagepalli APMC,Tomato,615,26.8,2026-04-01
Kolar,Chickkaballapura APMC,Tomato,1110,21.7,2026-04-01
Kolar,Chintamani APMC,Tomato,600,48.8,2026-04-01
Kolar,Gowribidanoor APMC,Tomato,1500,1.5,2026-04-01
Kolar,Kolar APMC,Tomato,730,455.1,2026-04-01
Kolar,Mulabagilu APMC,Tomato,600,225,2026-04-01
Mysore,Mysore (Bandipalya) APMC,Tomato,1300,13.5,2026-04-01
Mysore,Nanjangud APMC,Tomato,1851,19,2026-04-01
Shimoga,Shimoga APMC,Tomato,700,35,2026-04-01
Bangalore,Bangalore APMC,Onion,300,504.5,2026-04-01
Bangalore,Bangalore APMC,Onion,600,756.6,2026-04-01
Bangalore,Bangalore APMC,Onion,1000,756.6,2026-04-01
Bangalore,Bangalore APMC,Onion,1200,504.5,2026-04-01
Bangalore,Doddaballa Pur APMC,Onion,1700,2,2026-04-01
Belgaum,Belgaum APMC,Onion,1000,809.2,2026-04-01
Bellary,Hospet APMC,Onion,1600,28.5,2026-04-01
Bijapur,Bijapur APMC,Onion,800,60,2026-04-01
Chikmagalur,Chikkamagalore APMC,Onion,1634,5.1,2026-04-01
Davangere,Davangere APMC,Onion,1100,167.5,2026-04-01
Dharwad,Hubli (Amaragol) APMC,Onion,1800,314,2026-04-01
Hassan,Belur APMC,Onion,1500,4.4,2026-04-01
Hassan,Hassan APMC,Onion,800,525.4,2026-04-01
Haveri,Ranebennur APMC,Onion,1426,154.3,2026-04-01
Kalburgi,Kalburgi APMC,Onion,550,113.8,2026-04-01
Kolar,Bangarpet APMC,Onion,1500,0.3,2026-04-01
Kolar,Chickkaballapura APMC,Onion,1800,8,2026-04-01
Kolar,Gowribidanoor APMC,Onion,1500,0.4,2026-04-01
Mysore,Mysore (Bandipalya) APMC,Onion,1000,168.6,2026-04-01
Shimoga,Shimoga APMC,Onion,1750,5,2026-04-01
Udupi,Udupi APMC,Onion,1400,52,2026-04-01
Bangalore,Bangalore APMC,Potato,1000,353.6,2026-04-01
Bangalore,Bangalore APMC,Potato,1400,530.4,2026-04-01
Bangalore,Doddaballa Pur APMC,Potato,1650,1.8,2026-04-01
Belgaum,Belgaum APMC,Potato,1200,229.7,2026-04-01
Bellary,Hospet APMC,Potato,1600,19,2026-04-01
Chikmagalur,Chikkamagalore APMC,Potato,1802,3.7,2026-04-01
Davangere,Davangere APMC,Potato,1600,3,2026-04-01
Dharwad,Hubli (Amaragol) APMC,Potato,1600,215,2026-04-01
Hassan,Hassan APMC,Potato,750,422.9,2026-04-01
Kalburgi,Kalburgi APMC,Potato,750,20,2026-04-01
Kolar,Bangarpet APMC,Potato,1300,0.9,2026-04-01
Kolar,Bhagepalli APMC,Potato,1300,0.2,2026-04-01
Kolar,Chickkaballapura APMC,Potato,800,20,2026-04-01
Kolar,Gowribidanoor APMC,Potato,2000,0.5,2026-04-01
Mysore,Nanjangud APMC,Potato,2564,10,2026-04-01
Shimoga,Shimoga APMC,Potato,2000,2,2026-04-01
Udupi,Udupi APMC,Potato,1300,23.8,2026-04-01
Bangalore,"Binny Mill (F&V), Bangalore APMC",Tomato,1400,42.4,2026-04-02
Bangalore,Channapatana APMC,Tomato,1250,5.3,2026-04-02
Bangalore,Doddaballa Pur APMC,Tomato,1100,2,2026-04-02
Bangalore,Kanakapura APMC,Tomato,1000,1.1,2026-04-02
Bangalore,Ramanagara APMC,Tomato,1600,0.8,2026-04-02
Chamrajnagar,Chamaraj Nagar APMC,Tomato,750,6,2026-04-02
Chamrajnagar,Gundlupet APMC,Tomato,1300,17.5,2026-04-02
Chikmagalur,Chikkamagalore APMC,Tomato,1282,7.8,2026-04-02
Chikmagalur,Kadur APMC,Tomato,1110,7.5,2026-04-02
Davangere,Davangere APMC,Tomato,1500,4,2026-04-02
Hassan,Belur APMC,Tomato,1500,3.1,2026-04-02
Haveri,Ranebennur APMC,Tomato,1500,0.4,2026-04-02
Kalburgi,Kalburgi APMC,Tomato,625,5.8,2026-04-02
Kolar,Bangarpet APMC,Tomato,800,1.8,2026-04-02
Kolar,Bhagepalli APMC,Tomato,846,31.5,2026-04-02
Kolar,Chintamani APMC,Tomato,800,33.7,2026-04-02
Kolar,Gowribidanoor APMC,Tomato,1500,1.4,2026-04-02
Kolar,Kolar APMC,Tomato,600,630,2026-04-02
Kolar,Mulabagilu APMC,Tomato,666,238.3,2026-04-02
Mandya,K.R. Pet APMC,Tomato,1000,6,2026-04-02
Mysore,Mysore (Bandipalya) APMC,Tomato,1100,13.6,2026-04-02
Mysore,Nanjangud APMC,Tomato,1851,20,2026-04-02
Shimoga,Shimoga APMC,Tomato,800,40,2026-04-02
Tumkur,Tumkur APMC,Tomato,520,8,2026-04-02
Bangalore,Bangalore APMC,Onion,300,586.9,2026-04-02
Bangalore,Bangalore APMC,Onion,600,880.4,2026-04-02
Bangalore,Bangalore APMC,Onion,1000,880.4,2026-04-02
Bangalore,Bangalore APMC,Onion,1200,587,2026-04-02
Bangalore,Doddaballa Pur APMC,Onion,1700,2.5,2026-04-02
Belgaum,Belgaum APMC,Onion,1000,79.1,2026-04-02
Bijapur,Bijapur APMC,Onion,700,707.2,2026-04-02
Chikmagalur,Chikkamagalore APMC,Onion,1116,3.9,2026-04-02
Chikmagalur,Kadur APMC,Onion,1665,1.9,2026-04-02
Davangere,Davangere APMC,Onion,1000,165,2026-04-02
Dharwad,Hubli (Amaragol) APMC,Onion,1400,330,2026-04-02
Hassan,Hassan APMC,Onion,1100,201.8,2026-04-02
Kolar,Bangarpet APMC,Onion,1500,2,2026-04-02
Kolar,Gowribidanoor APMC,Onion,1500,0.5,2026-04-02
Mysore,Mysore (Bandipalya) APMC,Onion,1300,63,2026-04-02
Mysore,T. Narasipura APMC,Onion,2000,2.4,2026-04-02
Shimoga,Shimoga APMC,Onion,1750,5,2026-04-02
Udupi,Udupi APMC,Onion,1400,13.5,2026-04-02
Bangalore,Bangalore APMC,Potato,1000,877.1,2026-04-02
Bangalore,Bangalore APMC,Potato,1400,451.4,2026-04-02
Bangalore,Doddaballa Pur APMC,Potato,1600,1.5,2026-04-02
Belgaum,Belgaum APMC,Potato,1200,62.7,2026-04-02
Chikmagalur,Chikkamagalore APMC,Potato,1818,5.5,2026-04-02
Davangere,Davangere APMC,Potato,1800,4,2026-04-02
Dharwad,Hubli (Amaragol) APMC,Potato,1500,260,2026-04-02
Hassan,Hassan APMC,Potato,650,171.3,2026-04-02
Kalburgi,Kalburgi APMC,Potato,650,20,2026-04-02
Kolar,Bangarpet APMC,Potato,1000,0.5,2026-04-02
Kolar,Gowribidanoor APMC,Potato,1800,0.5,2026-04-02
Mysore,T. Narasipura APMC,Potato,2000,0.8,2026-04-02
Shimoga,Shimoga APMC,Potato,2000,2,2026-04-02
Udupi,Udupi APMC,Potato,1300,9.5,2026-04-02
Bangalore,Channapatana APMC,Tomato,1250,4.8,2026-04-03
Bangalore,Ramanagara APMC,Tomato,1000,11.4,2026-04-03
Chamrajnagar,Chamaraj Nagar APMC,Tomato,800,5,2026-04-03
Haveri,Ranebennur APMC,Tomato,2000,0.3,2026-04-03
Kolar,Bangarpet APMC,Tomato,700,1.8,2026-04-03
Kolar,Bhagepalli APMC,Tomato,1000,34.1,2026-04-03
Kolar,Chickkaballapura APMC,Tomato,1116,21.1,2026-04-03
Kolar,Chintamani APMC,Tomato,600,37.5,2026-04-03
Kolar,Gowribidanoor APMC,Tomato,1300,1.5,2026-04-03
Kolar,Kolar APMC,Tomato,600,511.5,2026-04-03
Kolar,Mulabagilu APMC,Tomato,600,207.6,2026-04-03
Mysore,Mysore (Bandipalya) APMC,Tomato,900,12.6,2026-04-03
Shimoga,Shimoga APMC,Tomato,900,35,2026-04-03
Bangalore,Bangalore APMC,Onion,300,653.1,2026-04-03
Bangalore,Bangalore APMC,Onion,600,435.4,2026-04-03
Bangalore,Bangalore APMC,Onion,1000,653.1,2026-04-03
Bangalore,Bangalore APMC,Onion,1200,435.3,2026-04-03
Bijapur,Bijapur APMC,Onion,500,133.1,2026-04-03
Kolar,Bangarpet APMC,Onion,1500,2.2,2026-04-03
Kolar,Chickkaballapura APMC,Onion,1650,2.5,2026-04-03
Kolar,Gowribidanoor APMC,Onion,1500,0.4,2026-04-03
Mysore,Mysore (Bandipalya) APMC,Onion,1300,159.3,2026-04-03
Shimoga,Shimoga APMC,Onion,1750,5,2026-04-03
Bangalore,Bangalore APMC,Potato,1000,521.6,2026-04-03
Bangalore,Bangalore APMC,Potato,1400,347.7,2026-04-03
Hassan,Hassan APMC,Potato,700,10.5,2026-04-03
Kolar,Bangarpet APMC,Potato,1200,0.9,2026-04-03
Kolar,Chickkaballapura APMC,Potato,800,16,2026-04-03
Kolar,Gowribidanoor APMC,Potato,1500,0.6,2026-04-03
Kolar,Kolar APMC,Potato,1100,3,2026-04-03
Mysore,Mysore (Bandipalya) APMC,Potato,1000,28.7,2026-04-03
Shimoga,Shimoga APMC,Potato,2000,2,2026-04-03
Bangalore,"Binny Mill (F&V), Bangalore APMC",Tomato,1400,92.9,2026-04-04
Bangalore,Channapatana APMC,Tomato,1300,4.6,2026-04-04
Bangalore,Doddaballa Pur APMC,Tomato,1000,1.5,2026-04-04
Bangalore,Kanakapura APMC,Tomato,1000,0.8,2026-04-04
Bangalore,Ramanagara APMC,Tomato,1000,8.4,2026-04-04
Bellary,Hospet APMC,Tomato,1000,7.1,2026-04-04
Chamrajnagar,Chamaraj Nagar APMC,Tomato,900,5,2026-04-04
Chamrajnagar,Gundlupet APMC,Tomato,1000,22.1,2026-04-04
Chikmagalur,Chikkamagalore APMC,Tomato,1608,19.7,2026-04-04
Chikmagalur,Kadur APMC,Tomato,1110,10.6,2026-04-04
Davangere,Davangere APMC,Tomato,1100,3,2026-04-04
Haveri,Ranebennur APMC,Tomato,1800,0.4,2026-04-04
Kalburgi,Kalburgi APMC,Tomato,625,8,2026-04-04
Kolar,Bangarpet APMC,Tomato,700,2,2026-04-04
Kolar,Bhagepalli APMC,Tomato,1000,34.1,2026-04-04
Kolar,Chickkaballapura APMC,Tomato,1116,22.2,2026-04-04
Kolar,Chintamani APMC,Tomato,600,37,2026-04-04
Kolar,Gowribidanoor APMC,Tomato,1500,1.5,2026-04-04
Kolar,Kolar APMC,Tomato,600,518,2026-04-04
Kolar,Mulabagilu APMC,Tomato,666,267.7,2026-04-04
Mysore,Nanjangud APMC,Tomato,1851,19,2026-04-04
Mysore,T. Narasipura APMC,Tomato,2000,1.5,2026-04-04
Bagalkot,Bagalakot APMC,Onion,900,282.7,2026-04-04
Bangalore,Bangalore APMC,Onion,300,613.5,2026-04-04
Bangalore,Bangalore APMC,Onion,600,409,2026-04-04
Bangalore,Bangalore APMC,Onion,1000,613.5,2026-04-04
Bangalore,Bangalore APMC,Onion,1200,409,2026-04-04
Bangalore,Doddaballa Pur APMC,Onion,1700,2.1,2026-04-04
Bangalore,Ramanagara APMC,Onion,1400,19.3,2026-04-04
Belgaum,Belgaum APMC,Onion,1200,475.5,2026-04-04
Bellary,Hospet APMC,Onion,1600,3.5,2026-04-04
Chikmagalur,Chikkamagalore APMC,Onion,1699,15.7,2026-04-04
Chikmagalur,Kadur APMC,Onion,1665,1,2026-04-04
Davangere,Davangere APMC,Onion,1000,170,2026-04-04
Dharwad,Hubli (Amaragol) APMC,Onion,1600,310,2026-04-04
Kalburgi,Kalburgi APMC,Onion,550,145.7,2026-04-04
Kolar,Bangarpet APMC,Onion,1700,0.7,2026-04-04
Kolar,Chickkaballapura APMC,Onion,1650,8,2026-04-04
Kolar,Gowribidanoor APMC,Onion,1500,0.4,2026-04-04
Mysore,Mysore (Bandipalya) APMC,Onion,1000,122.4,2026-04-04
Mysore,T. Narasipura APMC,Onion,2000,4.9,2026-04-04
Udupi,Udupi APMC,Onion,1400,21.3,2026-04-04
Bangalore,Bangalore APMC,Potato,1000,473.8,2026-04-04
Bangalore,Bangalore APMC,Potato,1400,315.8,2026-04-04
Bangalore,Doddaballa Pur APMC,Potato,1700,1.6,2026-04-04
Bangalore,Ramanagara APMC,Potato,2000,8,2026-04-04
Belgaum,Belgaum APMC,Potato,1400,197.2,2026-04-04
Bellary,Hospet APMC,Potato,1400,3.5,2026-04-04
Chikmagalur,Chikkamagalore APMC,Potato,1823,6.4,2026-04-04
Davangere,Davangere APMC,Potato,1600,3,2026-04-04
Dharwad,Hubli (Amaragol) APMC,Potato,1500,220,2026-04-04
Kalburgi,Kalburgi APMC,Potato,700,39,2026-04-04
Kolar,Bangarpet APMC,Potato,1200,0.8,2026-04-04
Kolar,Chickkaballapura APMC,Potato,800,32.5,2026-04-04
Kolar,Gowribidanoor APMC,Potato,1500,0.6,2026-04-04
Mysore,Mysore (Bandipalya) APMC,Potato,1000,147.6,2026-04-04
Mysore,T. Narasipura APMC,Potato,1500,1.2,2026-04-04
Udupi,Udupi APMC,Potato,1300,9.3,2026-04-04
Bangalore,Ramanagara APMC,Tomato,1400,7.2,2026-04-05
Hassan,Belur APMC,Tomato,2000,0.6,2026-04-05
Haveri,Ranebennur APMC,Tomato,2100,0.7,2026-04-05
Kolar,Bhagepalli APMC,Tomato,1192,39.9,2026-04-05
Kolar,Chickkaballapura APMC,Tomato,1116,23.1,2026-04-05
Kolar,Chintamani APMC,Tomato,600,48,2026-04-05
Kolar,Gowribidanoor APMC,Tomato,1500,1.5,2026-04-05
Kolar,Kolar APMC,Tomato,660,561.3,2026-04-05
Kolar,Mulabagilu APMC,Tomato,600,181,2026-04-05
Mysore,Mysore (Bandipalya) APMC,Tomato,1300,12.7,2026-04-05
Shimoga,Shimoga APMC,Tomato,1200,32.5,2026-04-05
Kolar,Chickkaballapura APMC,Onion,1600,3,2026-04-05
Kolar,Gowribidanoor APMC,Onion,1500,0.5,2026-04-05
Shimoga,Shimoga APMC,Onion,1800,5,2026-04-05
Bellary,Hospet APMC,Potato,1600,12.5,2026-04-05
Kolar,Bhagepalli APMC,Potato,850,0.3,2026-04-05
Kolar,Chickkaballapura APMC,Potato,800,17.5,2026-04-05
Kolar,Gowribidanoor APMC,Potato,1500,0.5,2026-04-05
Shimoga,Shimoga APMC,Potato,2100,2,2026-04-05
Bangalore,"Binny Mill (F&V), Bangalore APMC",Tomato,1400,42.2,2026-04-06
Bangalore,Channapatana APMC,Tomato,1300,4.9,2026-04-06
Bangalore,Doddaballa Pur APMC,Tomato,1200,2.1,2026-04-06
Bangalore,Kanakapura APMC,Tomato,1400,0.7,2026-04-06
Bangalore,Ramanagara APMC,Tomato,1600,6,2026-04-06
Belgaum,Belgaum APMC,Tomato,1300,5.4,2026-04-06
Bellary,Hospet APMC,Tomato,800,8,2026-04-06
Chamrajnagar,Chamaraj Nagar APMC,Tomato,900,4.5,2026-04-06
Chamrajnagar,Gundlupet APMC,Tomato,1300,8.9,2026-04-06
Chikmagalur,Chikkamagalore APMC,Tomato,1598,16.7,2026-04-06
Chikmagalur,Kadur APMC,Tomato,1110,10.9,2026-04-06
Hassan,Arasikere APMC,Tomato,1000,11.8,2026-04-06
Hassan,Belur APMC,Tomato,1500,2.1,2026-04-06
Hassan,Channarayapatna APMC,Tomato,3000,4.4,2026-04-06
Haveri,Ranebennur APMC,Tomato,1500,0.4,2026-04-06
Kalburgi,Kalburgi APMC,Tomato,600,7,2026-04-06
Kolar,Bangarpet APMC,Tomato,600,0.5,2026-04-06
Kolar,Bhagepalli APMC,Tomato,1000,34.2,2026-04-06
Kolar,Chickkaballapura APMC,Tomato,960,17.5,2026-04-06
Kolar,Gowribidanoor APMC,Tomato,1500,1.5,2026-04-06
Kolar,Kolar APMC,Tomato,730,421.6,2026-04-06
Kolar,Mulabagilu APMC,Tomato,800,235.2,2026-04-06
Mysore,Mysore (Bandipalya) APMC,Tomato,1300,12.7,2026-04-06
Mysore,Nanjangud APMC,Tomato,1851,20,2026-04-06
Mysore,T. Narasipura APMC,Tomato,1000,1.5,2026-04-06
Shimoga,Shimoga APMC,Tomato,900,28.7,2026-04-06
Bangalore,Bangalore APMC,Onion,300,436.6,2026-04-06
Bangalore,Bangalore APMC,Onion,600,655,2026-04-06
Bangalore,Bangalore APMC,Onion,1000,655,2026-04-06
Bangalore,Bangalore APMC,Onion,1200,436.6,2026-04-06
Bangalore,Doddaballa Pur APMC,Onion,1700,2.5,2026-04-06
Belgaum,Belgaum APMC,Onion,1200,182.3,2026-04-06
Bellary,Hospet APMC,Onion,1200,1.2,2026-04-06
Bijapur,Bijapur APMC,Onion,500,559.3,2026-04-06
Chikmagalur,Chikkamagalore APMC,Onion,1873,8.9,2026-04-06
Chikmagalur,Kadur APMC,Onion,1665,14.4,2026-04-06
Davangere,Davangere APMC,Onion,1200,195,2026-04-06
Dharwad,Hubli (Amaragol) APMC,Onion,1700,410,2026-04-06
Hassan,Arasikere APMC,Onion,2000,2.5,2026-04-06
Hassan,Channarayapatna APMC,Onion,3000,7.8,2026-04-06
Kolar,Bangarpet APMC,Onion,1500,0.9,2026-04-06
Kolar,Chickkaballapura APMC,Onion,1650,4.5,2026-04-06
Kolar,Gowribidanoor APMC,Onion,1500,0.5,2026-04-06
Mandya,K.R. Pet APMC,Onion,1500,3,2026-04-06
Mysore,Mysore (Bandipalya) APMC,Onion,1200,30.5,2026-04-06
Mysore,T. Narasipura APMC,Onion,2000,4.9,2026-04-06
Shimoga,Shimoga APMC,Onion,1750,5,2026-04-06
Tumkur,Gubbi APMC,Onion,2500,4.5,2026-04-06
Udupi,Udupi APMC,Onion,1400,18.8,2026-04-06
Bangalore,Bangalore APMC,Potato,1000,663.4,2026-04-06
Bangalore,Bangalore APMC,Potato,1400,442.2,2026-04-06
Bangalore,Doddaballa Pur APMC,Potato,1650,1.5,2026-04-06
Belgaum,Belgaum APMC,Potato,1400,151.2,2026-04-06
Chikmagalur,Chikkamagalore APMC,Potato,1755,5.7,2026-04-06
Dharwad,Hubli (Amaragol) APMC,Potato,1500,290,2026-04-06
Hassan,Arasikere APMC,Potato,1400,8,2026-04-06
Hassan,Channarayapatna APMC,Potato,3500,1.6,2026-04-06
Hassan,Hassan APMC,Potato,690,10.2,2026-04-06
Kalburgi,Kalburgi APMC,Potato,700,35,2026-04-06
Kolar,Bangarpet APMC,Potato,1000,1,2026-04-06
Kolar,Chickkaballapura APMC,Potato,800,21,2026-04-06
Kolar,Gowribidanoor APMC,Potato,2000,0.5,2026-04-06
Kolar,Kolar APMC,Potato,1300,3.2,2026-04-06
Mysore,Mysore (Bandipalya) APMC,Potato,1100,24,2026-04-06
Mysore,Nanjangud APMC,Potato,1851,19,2026-04-06
Mysore,T. Narasipura APMC,Potato,2000,1.8,2026-04-06
Shimoga,Shimoga APMC,Potato,2000,2,2026-04-06
Udupi,Udupi APMC,Potato,1300,6.6,2026-04-06
Bangalore,"Binny Mill (F&V), Bangalore APMC",Tomato,1500,53.7,2026-04-07
Bangalore,Channapatana APMC,Tomato,1600,4,2026-04-07
Bangalore,Doddaballa Pur APMC,Tomato,1200,2,2026-04-07
Bangalore,Kanakapura APMC,Tomato,1500,0.8,2026-04-07
Bangalore,Ramanagara APMC,Tomato,1500,8,2026-04-07
Bellary,Hospet APMC,Tomato,800,4,2026-04-07
Chamrajnagar,Chamaraj Nagar APMC,Tomato,800,5,2026-04-07
Chamrajnagar,Gundlupet APMC,Tomato,1300,7.3,2026-04-07
Chikmagalur,Chikkamagalore APMC,Tomato,1634,5.1,2026-04-07
Chikmagalur,Kadur APMC,Tomato,1041,6.2,2026-04-07
Davangere,Davangere APMC,Tomato,1300,4,2026-04-07
Haveri,Ranebennur APMC,Tomato,2000,0.4,2026-04-07
Kalburgi,Kalburgi APMC,Tomato,600,6.5,2026-04-07
Kolar,Bhagepalli APMC,Tomato,1076,31.5,2026-04-07
Kolar,Chickkaballapura APMC,Tomato,1193,18.1,2026-04-07
Kolar,Chintamani APMC,Tomato,666,38.5,2026-04-07
Kolar,Kolar APMC,Tomato,730,487.3,2026-04-07
Kolar,Mulabagilu APMC,Tomato,600,245,2026-04-07
Mandya,K.R. Pet APMC,Tomato,1200,0.4,2026-04-07
Mysore,Mysore (Bandipalya) APMC,Tomato,1300,21.5,2026-04-07
Mysore,Nanjangud APMC,Tomato,1200,19,2026-04-07
Shimoga,Shimoga APMC,Tomato,900,40,2026-04-07
Bagalkot,Bagalakot APMC,Onion,950,165.2,2026-04-07
Bangalore,Bangalore APMC,Onion,300,453.6,2026-04-07
Bangalore,Bangalore APMC,Onion,600,680.4,2026-04-07
Bangalore,Bangalore APMC,Onion,1000,453.6,2026-04-07
Bangalore,Bangalore APMC,Onion,1200,680.5,2026-04-07
Bangalore,Doddaballa Pur APMC,Onion,1700,2.5,2026-04-07
Belgaum,Belgaum APMC,Onion,1200,98.8,2026-04-07
Bellary,Hospet APMC,Onion,1200,6,2026-04-07
Chikmagalur,Chikkamagalore APMC,Onion,1795,6.5,2026-04-07
Chikmagalur,Kadur APMC,Onion,1665,1,2026-04-07
Davangere,Davangere APMC,Onion,1000,170,2026-04-07
Kolar,Bangarpet APMC,Onion,1500,0.5,2026-04-07
Kolar,Chickkaballapura APMC,Onion,1600,4,2026-04-07
Shimoga,Shimoga APMC,Onion,1750,5,2026-04-07
Udupi,Udupi APMC,Onion,1400,7,2026-04-07
Bangalore,Bangalore APMC,Potato,1000,387,2026-04-07
Bangalore,Bangalore APMC,Potato,1400,386.9,2026-04-07
Bangalore,Doddaballa Pur APMC,Potato,1600,1.5,2026-04-07
Belgaum,Belgaum APMC,Potato,1400,187.3,2026-04-07
Bellary,Hospet APMC,Potato,1200,3.5,2026-04-07
Davangere,Davangere APMC,Potato,1600,4,2026-04-07
Hassan,Hassan APMC,Potato,690,10.5,2026-04-07
Kalburgi,Kalburgi APMC,Potato,700,35,2026-04-07
Kolar,Bangarpet APMC,Potato,1300,0.9,2026-04-07
Kolar,Chickkaballapura APMC,Potato,800,22.5,2026-04-07
Kolar,Kolar APMC,Potato,1100,3.5,2026-04-07
Shimoga,Shimoga APMC,Potato,2000,2,2026-04-07
Udupi,Udupi APMC,Potato,1300,9,2026-04-07
Bangalore,"Binny Mill (F&V), Bangalore APMC",Tomato,1500,43.6,2026-04-08
Bangalore,Channapatana APMC,Tomato,1500,3.9,2026-04-08
Bangalore,Doddaballa Pur APMC,Tomato,1200,2,2026-04-08
Bangalore,Kanakapura APMC,Tomato,1500,0.7,2026-04-08
Bangalore,Ramanagara APMC,Tomato,1500,7.2,2026-04-08
Bellary,Hospet APMC,Tomato,800,9.6,2026-04-08
Chamrajnagar,Chamaraj Nagar APMC,Tomato,750,5.5,2026-04-08
Chamrajnagar,Gundlupet APMC,Tomato,1300,12.2,2026-04-08
Chikmagalur,Chikkamagalore APMC,Tomato,1421,12.9,2026-04-08
Chikmagalur,Kadur APMC,Tomato,1086,4.6,2026-04-08
Davangere,Davangere APMC,Tomato,1050,3,2026-04-08
Hassan,Belur APMC,Tomato,1000,6.2,2026-04-08
Hassan,Hassan APMC,Tomato,1000,116.7,2026-04-08
Haveri,Ranebennur APMC,Tomato,2200,0.3,2026-04-08
Kolar,Bangarpet APMC,Tomato,700,68,2026-04-08
Kolar,Bhagepalli APMC,Tomato,1076,25.5,2026-04-08
Kolar,Chickkaballapura APMC,Tomato,1155,17.3,2026-04-08
Kolar,Chintamani APMC,Tomato,600,41.2,2026-04-08
Kolar,Gowribidanoor APMC,Tomato,1800,1.2,2026-04-08
Kolar,Kolar APMC,Tomato,730,476.1,2026-04-08
Kolar,Mulabagilu APMC,Tomato,666,270,2026-04-08
Mandya,Nagamangala APMC,Tomato,1400,2.3,2026-04-08
Mysore,Mysore (Bandipalya) APMC,Tomato,1300,25.8,2026-04-08
Mysore,Nanjangud APMC,Tomato,1200,19,2026-04-08
Mysore,T. Narasipura APMC,Tomato,2000,1.5,2026-04-08
Shimoga,Shimoga APMC,Tomato,800,21.2,2026-04-08
Bangalore,Bangalore APMC,Onion,300,434,2026-04-08
Bangalore,Bangalore APMC,Onion,600,650.9,2026-04-08
Bangalore,Bangalore APMC,Onion,1000,434,2026-04-08
Bangalore,Bangalore APMC,Onion,1200,650.9,2026-04-08
Bangalore,Doddaballa Pur APMC,Onion,1700,1.5,2026-04-08
Bangalore,Ramanagara APMC,Onion,1500,31,2026-04-08
Belgaum,Belgaum APMC,Onion,1200,1062.9,2026-04-08
Bellary,Hospet APMC,Onion,1000,16,2026-04-08
Chikmagalur,Chikkamagalore APMC,Onion,1812,9.2,2026-04-08
Chikmagalur,Kadur APMC,Onion,1513,2.2,2026-04-08
Davangere,Davangere APMC,Onion,1000,160,2026-04-08
Dharwad,Hubli (Amaragol) APMC,Onion,1600,310,2026-04-08
Hassan,Arasikere APMC,Onion,700,7.4,2026-04-08
Hassan,Belur APMC,Onion,1200,5.6,2026-04-08
Hassan,Hassan APMC,Onion,1500,491.4,2026-04-08
Haveri,Ranebennur APMC,Onion,852,47.4,2026-04-08
Kolar,Bangarpet APMC,Onion,1500,0.6,2026-04-08
Kolar,Chickkaballapura APMC,Onion,1650,8,2026-04-08
Kolar,Gowribidanoor APMC,Onion,1500,0.5,2026-04-08
Mysore,Mysore (Bandipalya) APMC,Onion,1000,40,2026-04-08
Mysore,T. Narasipura APMC,Onion,2000,4.1,2026-04-08
Shimoga,Shimoga APMC,Onion,1750,5,2026-04-08
Udupi,Udupi APMC,Onion,1400,44.5,2026-04-08
Bangalore,Bangalore APMC,Potato,1000,495.7,2026-04-08
Bangalore,Bangalore APMC,Potato,1400,495.6,2026-04-08
Bangalore,Doddaballa Pur APMC,Potato,1500,1.2,2026-04-08
Bangalore,Ramanagara APMC,Potato,2000,18,2026-04-08
Belgaum,Belgaum APMC,Potato,1000,239.8,2026-04-08
Bellary,Hospet APMC,Potato,2000,12,2026-04-08
Chikmagalur,Chikkamagalore APMC,Potato,1755,3.8,2026-04-08
Davangere,Davangere APMC,Potato,1300,3,2026-04-08
Dharwad,Hubli (Amaragol) APMC,Potato,1500,240,2026-04-08
Hassan,Hassan APMC,Potato,578,314.2,2026-04-08
Kolar,Bangarpet APMC,Potato,1100,1,2026-04-08
Kolar,Bhagepalli APMC,Potato,800,0.2,2026-04-08
Kolar,Chickkaballapura APMC,Potato,800,22.5,2026-04-08
Kolar,Gowribidanoor APMC,Potato,2000,0.5,2026-04-08
Kolar,Kolar APMC,Potato,1100,3.6,2026-04-08
Mysore,Nanjangud APMC,Potato,1851,19,2026-04-08
Mysore,T. Narasipura APMC,Potato,2000,1.2,2026-04-08
Shimoga,Shimoga APMC,Potato,2000,2,2026-04-08
Udupi,Udupi APMC,Potato,1500,32.1,2026-04-08
Bangalore,"Binny Mill (F&V), Bangalore APMC",Tomato,1500,46.2,2026-04-09
Bangalore,Channapatana APMC,Tomato,1600,4.1,2026-04-09
Bangalore,Doddaballa Pur APMC,Tomato,1200,2.5,2026-04-09
Bangalore,Kanakapura APMC,Tomato,1500,0.8,2026-04-09
Bangalore,Ramanagara APMC,Tomato,1500,8.4,2026-04-09
Chamrajnagar,Chamaraj Nagar APMC,Tomato,1300,5,2026-04-09
Chamrajnagar,Gundlupet APMC,Tomato,1300,6.4,2026-04-09
Chikmagalur,Kadur APMC,Tomato,1110,4.5,2026-04-09
Davangere,Davangere APMC,Tomato,1100,4,2026-04-09
Hassan,Belur APMC,Tomato,1200,3,2026-04-09
Haveri,Ranebennur APMC,Tomato,2000,0.3,2026-04-09
Kalburgi,Kalburgi APMC,Tomato,575,8,2026-04-09
Kolar,Bangarpet APMC,Tomato,1000,71.1,2026-04-09
Kolar,Bhagepalli APMC,Tomato,1308,31.5,2026-04-09
Kolar,Chintamani APMC,Tomato,666,39.5,2026-04-09
Kolar,Gowribidanoor APMC,Tomato,1500,1.2,2026-04-09
Kolar,Kolar APMC,Tomato,800,486.1,2026-04-09
Kolar,Mulabagilu APMC,Tomato,866,255.5,2026-04-09
Mandya,K.R. Pet APMC,Tomato,1000,5,2026-04-09
Mysore,Mysore (Bandipalya) APMC,Tomato,1300,15.4,2026-04-09
Mysore,Nanjangud APMC,Tomato,1851,19,2026-04-09
Shimoga,Shimoga APMC,Tomato,1200,37.5,2026-04-09
Tumkur,Tumkur APMC,Tomato,680,6,2026-04-09
Bangalore,Bangalore APMC,Onion,300,531.8,2026-04-09
Bangalore,Bangalore APMC,Onion,600,797.6,2026-04-09
Bangalore,Bangalore APMC,Onion,1000,531.8,2026-04-09
Bangalore,Bangalore APMC,Onion,1200,797.6,2026-04-09
Bangalore,Doddaballa Pur APMC,Onion,2000,1.5,2026-04-09
Belgaum,Belgaum APMC,Onion,1200,64.8,2026-04-09
Bijapur,Bijapur APMC,Onion,800,540.1,2026-04-09
Chikmagalur,Chikkamagalore APMC,Onion,1894,4.4,2026-04-09
Chikmagalur,Kadur APMC,Onion,1665,1.9,2026-04-09
Davangere,Davangere APMC,Onion,1100,168,2026-04-09
Dharwad,Hubli (Amaragol) APMC,Onion,1600,284,2026-04-09
Hassan,Hassan APMC,Onion,1058,177.8,2026-04-09
Kolar,Bangarpet APMC,Onion,1500,19,2026-04-09
Kolar,Chintamani APMC,Onion,1200,4.5,2026-04-09
Kolar,Gowribidanoor APMC,Onion,1500,0.5,2026-04-09
Mangalore(Dakshin Kannad),Mangalore APMC,Onion,1600,5,2026-04-09
Mysore,Mysore (Bandipalya) APMC,Onion,1000,112.7,2026-04-09
Mysore,T. Narasipura APMC,Onion,2000,0.8,2026-04-09
Shimoga,Shimoga APMC,Onion,1700,5,2026-04-09
Tumkur,Tumkur APMC,Onion,1200,8,2026-04-09
Udupi,Udupi APMC,Onion,1400,10.4,2026-04-09
Bangalore,Bangalore APMC,Potato,1000,537,2026-04-09
Bangalore,Bangalore APMC,Potato,1400,536.9,2026-04-09
Bangalore,Doddaballa Pur APMC,Potato,1700,1.2,2026-04-09
Belgaum,Belgaum APMC,Potato,1000,103.5,2026-04-09
Chikmagalur,Chikkamagalore APMC,Potato,848,1.9,2026-04-09
Davangere,Davangere APMC,Potato,1100,4,2026-04-09
Dharwad,Hubli (Amaragol) APMC,Potato,1500,225,2026-04-09
Hassan,Hassan APMC,Potato,1423,398.7,2026-04-09
Kalburgi,Kalburgi APMC,Potato,850,19,2026-04-09
Kolar,Bangarpet APMC,Potato,1100,1.5,2026-04-09
Kolar,Chintamani APMC,Potato,1100,1,2026-04-09
Kolar,Gowribidanoor APMC,Potato,2000,0.5,2026-04-09
Kolar,Kolar APMC,Potato,1100,2.2,2026-04-09
Mangalore(Dakshin Kannad),Mangalore APMC,Potato,1600,5,2026-04-09
Shimoga,Shimoga APMC,Potato,2000,2,2026-04-09
Udupi,Udupi APMC,Potato,1500,7.7,2026-04-09
Bangalore,"Binny Mill (F&V), Bangalore APMC",Tomato,1300,42.3,2026-04-10
Bangalore,Channapatana APMC,Tomato,1500,3.9,2026-04-10
Bangalore,Doddaballa Pur APMC,Tomato,1200,1.5,2026-04-10
Bangalore,Kanakapura APMC,Tomato,1600,0.7,2026-04-10
Bangalore,Ramanagara APMC,Tomato,1600,7.6,2026-04-10
Chamrajnagar,Chamaraj Nagar APMC,Tomato,1300,5,2026-04-10
Chamrajnagar,Gundlupet APMC,Tomato,1300,7.3,2026-04-10
Chikmagalur,Chikkamagalore APMC,Tomato,1812,9.2,2026-04-10
Chikmagalur,Kadur APMC,Tomato,1111,9.5,2026-04-10
Davangere,Davangere APMC,Tomato,800,3,2026-04-10
Haveri,Ranebennur APMC,Tomato,2200,0.4,2026-04-10
Kalburgi,Kalburgi APMC,Tomato,525,7,2026-04-10
Kolar,Bangarpet APMC,Tomato,700,5.7,2026-04-10
Kolar,Bhagepalli APMC,Tomato,1385,27.3,2026-04-10
Kolar,Chickkaballapura APMC,Tomato,1270,16.5,2026-04-10
Kolar,Chintamani APMC,Tomato,660,32.2,2026-04-10
Kolar,Gowribidanoor APMC,Tomato,1800,1.2,2026-04-10
Kolar,Kolar APMC,Tomato,800,585,2026-04-10
Kolar,Mulabagilu APMC,Tomato,933,249.8,2026-04-10
Mysore,Mysore (Bandipalya) APMC,Tomato,1500,19.6,2026-04-10
Mysore,Nanjangud APMC,Tomato,2564,19,2026-04-10
Shimoga,Shimoga APMC,Tomato,1000,50,2026-04-10
Bangalore,Bangalore APMC,Onion,300,640.3,2026-04-10
Bangalore,Bangalore APMC,Onion,600,960.4,2026-04-10
Bangalore,Bangalore APMC,Onion,1000,640.3,2026-04-10
Bangalore,Bangalore APMC,Onion,1200,960.3,2026-04-10
Bangalore,Doddaballa Pur APMC,Onion,1700,1.8,2026-04-10
Belgaum,Belgaum APMC,Onion,1200,72,2026-04-10
Bijapur,Bijapur APMC,Onion,1000,51.8,2026-04-10
Chikmagalur,Chikkamagalore APMC,Onion,1220,1.5,2026-04-10
Chikmagalur,Kadur APMC,Onion,1850,0.9,2026-04-10
Davangere,Davangere APMC,Onion,1000,182,2026-04-10
Dharwad,Hubli (Amaragol) APMC,Onion,1800,330,2026-04-10
Kolar,Bangarpet APMC,Onion,1500,0.4,2026-04-10
Kolar,Chickkaballapura APMC,Onion,1550,4,2026-04-10
Kolar,Gowribidanoor APMC,Onion,1500,0.4,2026-04-10
Mysore,Mysore (Bandipalya) APMC,Onion,1000,56.4,2026-04-10
Shimoga,Shimoga APMC,Onion,1750,5,2026-04-10
Udupi,Udupi APMC,Onion,1400,6.9,2026-04-10
Bangalore,Bangalore APMC,Potato,1000,724.8,2026-04-10
Bangalore,Bangalore APMC,Potato,1400,724.8,2026-04-10
Bangalore,Doddaballa Pur APMC,Potato,1600,1.6,2026-04-10
Belgaum,Belgaum APMC,Potato,1000,166.3,2026-04-10
Chikmagalur,Chikkamagalore APMC,Potato,1650,10.2,2026-04-10
Chikmagalur,Kadur APMC,Potato,2776,0.3,2026-04-10
Davangere,Davangere APMC,Potato,900,3,2026-04-10
Dharwad,Hubli (Amaragol) APMC,Potato,1500,260,2026-04-10
Kalburgi,Kalburgi APMC,Potato,750,18,2026-04-10
Kolar,Bangarpet APMC,Potato,1100,0.9,2026-04-10
Kolar,Chickkaballapura APMC,Potato,800,25,2026-04-10
Kolar,Gowribidanoor APMC,Potato,2000,0.5,2026-04-10
Kolar,Kolar APMC,Potato,1100,3,2026-04-10
Mysore,Nanjangud APMC,Potato,2380,19,2026-04-10
Shimoga,Shimoga APMC,Potato,2000,2,2026-04-10
Udupi,Udupi APMC,Potato,1500,5.7,2026-04-10
Bangalore,Channapatana APMC,Tomato,1500,3.6,2026-04-11
Bangalore,Kanakapura APMC,Tomato,2000,0.7,2026-04-11
Bangalore,Ramanagara APMC,Tomato,2000,6.4,2026-04-11
Belgaum,Belgaum APMC,Tomato,1000,11.5,2026-04-11
Bellary,Hospet APMC,Tomato,800,23.6,2026-04-11
Chamrajnagar,Chamaraj Nagar APMC,Tomato,1300,4.5,2026-04-11
Haveri,Ranebennur APMC,Tomato,2000,0.4,2026-04-11
Kolar,Bangarpet APMC,Tomato,600,0.4,2026-04-11
Kolar,Bhagepalli APMC,Tomato,1538,30.4,2026-04-11
Kolar,Chickkaballapura APMC,Tomato,1347,17.9,2026-04-11
Kolar,Chintamani APMC,Tomato,1000,34.9,2026-04-11
Kolar,Gowribidanoor APMC,Tomato,2000,1.2,2026-04-11
Kolar,Kolar APMC,Tomato,1000,537.7,2026-04-11
Kolar,Mulabagilu APMC,Tomato,866,189,2026-04-11
Bagalkot,Bagalakot APMC,Onion,1000,235.8,2026-04-11
Bangalore,Bangalore APMC,Onion,300,583.7,2026-04-11
Bangalore,Bangalore APMC,Onion,600,875.5,2026-04-11
Bangalore,Bangalore APMC,Onion,1000,583.7,2026-04-11
Bangalore,Bangalore APMC,Onion,1200,875.5,2026-04-11
Belgaum,Belgaum APMC,Onion,1400,1101.8,2026-04-11
Bellary,Hospet APMC,Onion,1200,14.5,2026-04-11
Dharwad,Hubli (Amaragol) APMC,Onion,1800,330,2026-04-11
Kolar,Bangarpet APMC,Onion,1800,0.3,2026-04-11
Kolar,Chickkaballapura APMC,Onion,1550,10.5,2026-04-11
Kolar,Gowribidanoor APMC,Onion,1500,0.4,2026-04-11
Bangalore,Bangalore APMC,Potato,1000,622.5,2026-04-11
Bangalore,Bangalore APMC,Potato,1400,622.4,2026-04-11
Belgaum,Belgaum APMC,Potato,1000,234.4,2026-04-11
Bellary,Hospet APMC,Potato,2000,10,2026-04-11
Dharwad,Hubli (Amaragol) APMC,Potato,1500,240,2026-04-11
Kolar,Bangarpet APMC,Potato,1100,0.3,2026-04-11
Kolar,Bhagepalli APMC,Potato,1200,0.2,2026-04-11
Kolar,Chickkaballapura APMC,Potato,800,25,2026-04-11
Kolar,Gowribidanoor APMC,Potato,2000,0.3,2026-04-11
Bangalore,Ramanagara APMC,Tomato,1800,7.2,2026-04-12
Bellary,Hospet APMC,Tomato,800,22,2026-04-12
Hassan,Belur APMC,Tomato,1200,0.7,2026-04-12
Haveri,Ranebennur APMC,Tomato,2100,0.7,2026-04-12
Kolar,Bhagepalli APMC,Tomato,2231,29.3,2026-04-12
Kolar,Chickkaballapura APMC,Tomato,1328,20.3,2026-04-12
Kolar,Chintamani APMC,Tomato,1000,41,2026-04-12
Kolar,Gowribidanoor APMC,Tomato,1500,1.5,2026-04-12
Kolar,Kolar APMC,Tomato,1200,572.2,2026-04-12
Kolar,Mulabagilu APMC,Tomato,1000,224.2,2026-04-12
Kolar,Srinivasapur APMC,Tomato,1600,19.5,2026-04-12
Mysore,Mysore (Bandipalya) APMC,Tomato,2500,28.6,2026-04-12
Shimoga,Shimoga APMC,Tomato,1300,37.5,2026-04-12
Bellary,Hospet APMC,Onion,1200,19,2026-04-12
Kolar,Chickkaballapura APMC,Onion,1550,4,2026-04-12
Kolar,Gowribidanoor APMC,Onion,1500,0.5,2026-04-12
Shimoga,Shimoga APMC,Onion,1750,5,2026-04-12
Bellary,Hospet APMC,Potato,1200,20,2026-04-12
Kolar,Chickkaballapura APMC,Potato,800,11,2026-04-12
Kolar,Gowribidanoor APMC,Potato,2000,0.4,2026-04-12
Kolar,Kolar APMC,Potato,1000,3,2026-04-12
Shimoga,Shimoga APMC,Potato,2000,2,2026-04-12
Bangalore,"Binny Mill (F&V), Bangalore APMC",Tomato,1400,85.1,2026-04-13
Bangalore,Channapatana APMC,Tomato,2500,2.6,2026-04-13
Bangalore,Doddaballa Pur APMC,Tomato,1200,1.8,2026-04-13
Bangalore,Kanakapura APMC,Tomato,2000,8,2026-04-13
Bangalore,Ramanagara APMC,Tomato,2000,8,2026-04-13
Bellary,Hospet APMC,Tomato,800,22,2026-04-13
Chamrajnagar,Chamaraj Nagar APMC,Tomato,1000,5.5,2026-04-13
Chamrajnagar,Gundlupet APMC,Tomato,2600,6.5,2026-04-13
Chikmagalur,Chikkamagalore APMC,Tomato,2080,12.1,2026-04-13
Chikmagalur,Kadur APMC,Tomato,1111,8.8,2026-04-13
Hassan,Arasikere APMC,Tomato,1000,19,2026-04-13
Hassan,Belur APMC,Tomato,2000,1.7,2026-04-13
Hassan,Channarayapatna APMC,Tomato,3000,4.4,2026-04-13
Haveri,Ranebennur APMC,Tomato,1600,0.3,2026-04-13
Kalburgi,Kalburgi APMC,Tomato,600,7,2026-04-13
Kolar,Bangarpet APMC,Tomato,800,0.7,2026-04-13
Kolar,Bhagepalli APMC,Tomato,2231,26.4,2026-04-13
Kolar,Chickkaballapura APMC,Tomato,1424,18.3,2026-04-13
Kolar,Chintamani APMC,Tomato,1133,40.5,2026-04-13
Kolar,Gowribidanoor APMC,Tomato,1500,1.5,2026-04-13
Kolar,Kolar APMC,Tomato,1200,537.7,2026-04-13
Kolar,Mulabagilu APMC,Tomato,1200,212.8,2026-04-13
Kolar,Srinivasapur APMC,Tomato,1466,13.1,2026-04-13
Mandya,Nagamangala APMC,Tomato,2200,1.5,2026-04-13
Mysore,Mysore (Bandipalya) APMC,Tomato,2100,21.1,2026-04-13
Mysore,Nanjangud APMC,Tomato,2564,19,2026-04-13
Mysore,T. Narasipura APMC,Tomato,1500,3,2026-04-13
Shimoga,Shimoga APMC,Tomato,1000,23.7,2026-04-13
Bagalkot,Jamakhandi APMC,Onion,800,43,2026-04-13
Bangalore,Bangalore APMC,Onion,300,912.4,2026-04-13
Bangalore,Bangalore APMC,Onion,600,1368.7,2026-04-13
Bangalore,Bangalore APMC,Onion,1000,912.4,2026-04-13
Bangalore,Bangalore APMC,Onion,1200,1368.7,2026-04-13
Bangalore,Doddaballa Pur APMC,Onion,1700,2,2026-04-13
Belgaum,Belgaum APMC,Onion,1400,97.3,2026-04-13
Bellary,Hospet APMC,Onion,1200,19,2026-04-13
Chikmagalur,Chikkamagalore APMC,Onion,1378,25.4,2026-04-13
Chikmagalur,Kadur APMC,Onion,1601,14.8,2026-04-13
Davangere,Davangere APMC,Onion,1200,167,2026-04-13
Dharwad,Hubli (Amaragol) APMC,Onion,1600,320,2026-04-13
Kolar,Bangarpet APMC,Onion,1600,0.7,2026-04-13
Kolar,Chickkaballapura APMC,Onion,1550,3.5,2026-04-13
Kolar,Gowribidanoor APMC,Onion,1500,0.4,2026-04-13
Mysore,Mysore (Bandipalya) APMC,Onion,1000,45.1,2026-04-13
Mysore,T. Narasipura APMC,Onion,2000,6.5,2026-04-13
Shimoga,Shimoga APMC,Onion,1600,2.5,2026-04-13
Udupi,Udupi APMC,Onion,1400,37.7,2026-04-13
Bangalore,Bangalore APMC,Potato,1000,737.5,2026-04-13
Bangalore,Bangalore APMC,Potato,1400,737.4,2026-04-13
Bangalore,Doddaballa Pur APMC,Potato,1700,1,2026-04-13
Belgaum,Belgaum APMC,Potato,1000,56.2,2026-04-13
Bellary,Hospet APMC,Potato,1200,20,2026-04-13
Chikmagalur,Chikkamagalore APMC,Potato,1604,18.7,2026-04-13
Dharwad,Hubli (Amaragol) APMC,Potato,1500,214,2026-04-13
Hassan,Arasikere APMC,Potato,1500,6,2026-04-13
Hassan,Channarayapatna APMC,Potato,3500,2.4,2026-04-13
Kalburgi,Kalburgi APMC,Potato,1000,29,2026-04-13
Kolar,Chickkaballapura APMC,Potato,800,20,2026-04-13
Kolar,Gowribidanoor APMC,Potato,2000,0.5,2026-04-13
Mysore,T. Narasipura APMC,Potato,2000,1.1,2026-04-13
Shimoga,Shimoga APMC,Potato,2000,2,2026-04-13
Udupi,Udupi APMC,Potato,1500,11.6,2026-04-13
Bangalore,Channapatana APMC,Tomato,1750,3.7,2026-04-14
Bangalore,Ramanagara APMC,Tomato,2000,8,2026-04-14
Chamrajnagar,Chamaraj Nagar APMC,Tomato,1750,4.5,2026-04-14
Haveri,Ranebennur APMC,Tomato,2100,0.7,2026-04-14
Kolar,Bangarpet APMC,Tomato,700,0.3,2026-04-14
Kolar,Bhagepalli APMC,Tomato,2308,30.7,2026-04-14
Kolar,Chickkaballapura APMC,Tomato,1420,20.7,2026-04-14
Kolar,Chintamani APMC,Tomato,800,39.7,2026-04-14
Kolar,Kolar APMC,Tomato,930,765,2026-04-14
Kolar,Mulabagilu APMC,Tomato,1000,253.1,2026-04-14
Kolar,Srinivasapur APMC,Tomato,1333,3.5,2026-04-14
Mysore,Mysore (Bandipalya) APMC,Tomato,1400,12.6,2026-04-14
Bagalkot,Bagalakot APMC,Onion,900,329.4,2026-04-14
Kolar,Bangarpet APMC,Onion,1600,0.4,2026-04-14
Kolar,Chickkaballapura APMC,Onion,1500,2.5,2026-04-14
Kolar,Bangarpet APMC,Potato,800,0.4,2026-04-14
Kolar,Chickkaballapura APMC,Potato,1000,14,2026-04-14
Kolar,Kolar APMC,Potato,900,3,2026-04-14
Bangalore,"Binny Mill (F&V), Bangalore APMC",Tomato,1900,87,2026-04-15
Bangalore,Channapatana APMC,Tomato,1750,3.1,2026-04-15
Bangalore,Doddaballa Pur APMC,Tomato,1500,1.5,2026-04-15
Bangalore,Kanakapura APMC,Tomato,2000,0.7,2026-04-15
Bangalore,Ramanagara APMC,Tomato,2000,6.8,2026-04-15
Belgaum,Belgaum APMC,Tomato,1100,3.4,2026-04-15
Bellary,Hospet APMC,Tomato,1200,5.5,2026-04-15
Chamrajnagar,Chamaraj Nagar APMC,Tomato,2300,5,2026-04-15
Chamrajnagar,Gundlupet APMC,Tomato,2200,4.5,2026-04-15
Chikmagalur,Chikkamagalore APMC,Tomato,2078,7.3,2026-04-15
Chikmagalur,Kadur APMC,Tomato,1513,7.9,2026-04-15
Davangere,Davangere APMC,Tomato,1200,4,2026-04-15
Hassan,Belur APMC,Tomato,1500,2.6,2026-04-15
Hassan,Hassan APMC,Tomato,1000,13.9,2026-04-15
Haveri,Ranebennur APMC,Tomato,2000,0.4,2026-04-15
Kalburgi,Kalburgi APMC,Tomato,600,9.5,2026-04-15
Kolar,Bangarpet APMC,Tomato,1000,0.3,2026-04-15
Kolar,Bhagepalli APMC,Tomato,1923,37.6,2026-04-15
Kolar,Chickkaballapura APMC,Tomato,1424,30,2026-04-15
Kolar,Chintamani APMC,Tomato,1000,41,2026-04-15
Kolar,Gowribidanoor APMC,Tomato,1800,1,2026-04-15
Kolar,Kolar APMC,Tomato,1150,597,2026-04-15
Kolar,Mulabagilu APMC,Tomato,1000,254.5,2026-04-15
Kolar,Srinivasapur APMC,Tomato,1200,13.8,2026-04-15
Mandya,Nagamangala APMC,Tomato,1800,1.8,2026-04-15
Mysore,Mysore (Bandipalya) APMC,Tomato,1700,21,2026-04-15
Mysore,Nanjangud APMC,Tomato,2564,19,2026-04-15
Shimoga,Shimoga APMC,Tomato,1500,72,2026-04-15
Bangalore,Bangalore APMC,Onion,300,784.1,2026-04-15
Bangalore,Bangalore APMC,Onion,600,1176.2,2026-04-15
Bangalore,Bangalore APMC,Onion,1100,1176.2,2026-04-15
Bangalore,Bangalore APMC,Onion,1100,784.1,2026-04-15
Bangalore,Doddaballa Pur APMC,Onion,1700,2,2026-04-15
Bangalore,Ramanagara APMC,Onion,1400,24,2026-04-15
Belgaum,Belgaum APMC,Onion,1300,1004.7,2026-04-15
Bellary,Hospet APMC,Onion,1200,3,2026-04-15
Chikmagalur,Chikkamagalore APMC,Onion,1476,17.5,2026-04-15
Chikmagalur,Kadur APMC,Onion,1665,3.6,2026-04-15
Davangere,Davangere APMC,Onion,1000,165,2026-04-15
Dharwad,Hubli (Amaragol) APMC,Onion,1800,285,2026-04-15
Hassan,Belur APMC,Onion,1500,2.2,2026-04-15
Hassan,Hassan APMC,Onion,1150,565.2,2026-04-15
Haveri,Ranebennur APMC,Onion,1150,79,2026-04-15
Kalburgi,Kalburgi APMC,Onion,550,165,2026-04-15
Kolar,Bangarpet APMC,Onion,1800,0.4,2026-04-15
Kolar,Chickkaballapura APMC,Onion,1600,10,2026-04-15
Kolar,Gowribidanoor APMC,Onion,1750,0.5,2026-04-15
Mysore,T. Narasipura APMC,Onion,2000,4,2026-04-15
Shimoga,Shimoga APMC,Onion,1600,10,2026-04-15
Tumkur,Tumkur APMC,Onion,1450,12,2026-04-15
Udupi,Udupi APMC,Onion,1400,54.1,2026-04-15
Bangalore,Bangalore APMC,Potato,1000,560.6,2026-04-15
Bangalore,Bangalore APMC,Potato,1300,560.5,2026-04-15
Bangalore,Doddaballa Pur APMC,Potato,1500,1.5,2026-04-15
Belgaum,Belgaum APMC,Potato,1000,147.3,2026-04-15
Bellary,Hospet APMC,Potato,1200,13,2026-04-15
Chikmagalur,Chikkamagalore APMC,Potato,1812,4.6,2026-04-15
Davangere,Davangere APMC,Potato,800,4,2026-04-15
Dharwad,Hubli (Amaragol) APMC,Potato,1500,210,2026-04-15
Hassan,Belur APMC,Potato,1400,2.4,2026-04-15
Hassan,Hassan APMC,Potato,663,324.2,2026-04-15
Kalburgi,Kalburgi APMC,Potato,950,55.1,2026-04-15
Kolar,Bangarpet APMC,Potato,800,0.7,2026-04-15
Kolar,Bhagepalli APMC,Potato,1100,0.3,2026-04-15
Kolar,Chickkaballapura APMC,Potato,1000,22,2026-04-15
Kolar,Gowribidanoor APMC,Potato,900,1,2026-04-15
Kolar,Kolar APMC,Potato,1300,2.6,2026-04-15
Mysore,T. Narasipura APMC,Potato,1000,0.3,2026-04-15
Shimoga,Shimoga APMC,Potato,2000,4,2026-04-15
Udupi,Udupi APMC,Potato,1500,27,2026-04-15
Bangalore,"Binny Mill (F&V), Bangalore APMC",Tomato,1900,46,2026-04-16
Bangalore,Channapatana APMC,Tomato,1750,3.2,2026-04-16
Bangalore,Doddaballa Pur APMC,Tomato,1500,1.5,2026-04-16
Bangalore,Kanakapura APMC,Tomato,2500,0.8,2026-04-16
Bangalore,Ramanagara APMC,Tomato,2500,7.2,2026-04-16
Chamrajnagar,Chamaraj Nagar APMC,Tomato,400,5.5,2026-04-16
Chamrajnagar,Gundlupet APMC,Tomato,1800,5.5,2026-04-16
Chikmagalur,Chikkamagalore APMC,Tomato,2088,1.6,2026-04-16
Chikmagalur,Kadur APMC,Tomato,1250,4,2026-04-16
Davangere,Davangere APMC,Tomato,1000,3,2026-04-16
Haveri,Ranebennur APMC,Tomato,2100,0.4,2026-04-16
Kalburgi,Kalburgi APMC,Tomato,600,5,2026-04-16
Kolar,Bangarpet APMC,Tomato,1000,0.2,2026-04-16
Kolar,Bhagepalli APMC,Tomato,1923,27,2026-04-16
Kolar,Chintamani APMC,Tomato,1066,40.6,2026-04-16
Kolar,Gowribidanoor APMC,Tomato,2000,1,2026-04-16
Kolar,Kolar APMC,Tomato,1200,645,2026-04-16
Kolar,Mulabagilu APMC,Tomato,766,273.1,2026-04-16
Kolar,Srinivasapur APMC,Tomato,800,31.8,2026-04-16
Mysore,Mysore (Bandipalya) APMC,Tomato,1700,18.2,2026-04-16
Mysore,Nanjangud APMC,Tomato,3030,10.4,2026-04-16
Mysore,T. Narasipura APMC,Tomato,2000,0.8,2026-04-16
Shimoga,Shimoga APMC,Tomato,1200,60,2026-04-16
Bagalkot,Jamakhandi APMC,Onion,1000,37,2026-04-16
Bangalore,Bangalore APMC,Onion,300,561.2,2026-04-16
Bangalore,Bangalore APMC,Onion,600,841.7,2026-04-16
Bangalore,Bangalore APMC,Onion,1100,841.8,2026-04-16
Bangalore,Bangalore APMC,Onion,1100,561.2,2026-04-16
Bangalore,Doddaballa Pur APMC,Onion,1700,1.5,2026-04-16
Belgaum,Belgaum APMC,Onion,1300,17.5,2026-04-16
Bijapur,Bijapur APMC,Onion,500,900,2026-04-16
Chikmagalur,Chikkamagalore APMC,Onion,1465,7.1,2026-04-16
Davangere,Davangere APMC,Onion,1100,170,2026-04-16
Dharwad,Hubli (Amaragol) APMC,Onion,1600,290,2026-04-16
Hassan,Hassan APMC,Onion,600,74.9,2026-04-16
Kolar,Chintamani APMC,Onion,1100,12,2026-04-16
Kolar,Gowribidanoor APMC,Onion,1500,0.4,2026-04-16
Mysore,Mysore (Bandipalya) APMC,Onion,1000,65.8,2026-04-16
Mysore,T. Narasipura APMC,Onion,2000,1.6,2026-04-16
Shimoga,Shimoga APMC,Onion,1500,5,2026-04-16
Udupi,Udupi APMC,Onion,1400,3.4,2026-04-16
Bangalore,Bangalore APMC,Potato,1000,433.1,2026-04-16
Bangalore,Bangalore APMC,Potato,1300,433,2026-04-16
Bangalore,Doddaballa Pur APMC,Potato,1400,1,2026-04-16
Belgaum,Belgaum APMC,Potato,1000,41.7,2026-04-16
Chikmagalur,Chikkamagalore APMC,Potato,1818,11,2026-04-16
Davangere,Davangere APMC,Potato,1000,3,2026-04-16
Dharwad,Hubli (Amaragol) APMC,Potato,1400,210,2026-04-16
Hassan,Hassan APMC,Potato,670,11.5,2026-04-16
Kalburgi,Kalburgi APMC,Potato,950,20,2026-04-16
Kolar,Chintamani APMC,Potato,1000,6.5,2026-04-16
Kolar,Gowribidanoor APMC,Potato,2000,0.4,2026-04-16
Kolar,Kolar APMC,Potato,1100,2.6,2026-04-16
Mysore,Nanjangud APMC,Potato,2777,10,2026-04-16
Mysore,T. Narasipura APMC,Potato,2000,1.2,2026-04-16
Shimoga,Shimoga APMC,Potato,2100,2,2026-04-16
Udupi,Udupi APMC,Potato,1500,5.5,2026-04-16
Bangalore,"Binny Mill (F&V), Bangalore APMC",Tomato,2000,39.2,2026-04-17
Bangalore,Channapatana APMC,Tomato,1750,3,2026-04-17
Bangalore,Doddaballa Pur APMC,Tomato,1500,1.2,2026-04-17
Bangalore,Kanakapura APMC,Tomato,2500,0.8,2026-04-17
Bangalore,Ramanagara APMC,Tomato,2500,6.4,2026-04-17
Belgaum,Belgaum APMC,Tomato,1350,4.5,2026-04-17
Bellary,Hospet APMC,Tomato,1000,3,2026-04-17
Chamrajnagar,Chamaraj Nagar APMC,Tomato,2300,5.5,2026-04-17
Chamrajnagar,Gundlupet APMC,Tomato,2200,7.5,2026-04-17
Chikmagalur,Chikkamagalore APMC,Tomato,2321,7.9,2026-04-17
Chikmagalur,Kadur APMC,Tomato,1315,9,2026-04-17
Davangere,Davangere APMC,Tomato,900,3.3,2026-04-17
Hassan,Channarayapatna APMC,Tomato,3000,4.8,2026-04-17
Haveri,Ranebennur APMC,Tomato,1300,0.4,2026-04-17
Kalburgi,Kalburgi APMC,Tomato,600,7.5,2026-04-17
Kolar,Bangarpet APMC,Tomato,700,0.3,2026-04-17
Kolar,Bhagepalli APMC,Tomato,1230,32.1,2026-04-17
Kolar,Chickkaballapura APMC,Tomato,1230,23.6,2026-04-17
Kolar,Chintamani APMC,Tomato,1133,41.2,2026-04-17
Kolar,Gowribidanoor APMC,Tomato,2000,1.1,2026-04-17
Kolar,Kolar APMC,Tomato,1000,543,2026-04-17
Kolar,Mulabagilu APMC,Tomato,1066,233.7,2026-04-17
Kolar,Srinivasapur APMC,Tomato,1133,21.5,2026-04-17
Mandya,K.R. Pet APMC,Tomato,1500,0.6,2026-04-17
Mysore,Mysore (Bandipalya) APMC,Tomato,1800,11,2026-04-17
Mysore,Nanjangud APMC,Tomato,2777,13.7,2026-04-17
Shimoga,Shimoga APMC,Tomato,1000,47.5,2026-04-17
Bangalore,Bangalore APMC,Onion,300,691.5,2026-04-17
Bangalore,Bangalore APMC,Onion,600,1037.4,2026-04-17
Bangalore,Bangalore APMC,Onion,1100,1037.4,2026-04-17
Bangalore,Bangalore APMC,Onion,1100,691.5,2026-04-17
Bangalore,Doddaballa Pur APMC,Onion,1700,2,2026-04-17
Belgaum,Belgaum APMC,Onion,1300,40.3,2026-04-17
Bijapur,Bijapur APMC,Onion,648,97.6,2026-04-17
Chikmagalur,Chikkamagalore APMC,Onion,1316,7.6,2026-04-17
Chikmagalur,Kadur APMC,Onion,1665,1,2026-04-17
Davangere,Davangere APMC,Onion,1100,155,2026-04-17
Dharwad,Hubli (Amaragol) APMC,Onion,1700,310,2026-04-17
Kolar,Bangarpet APMC,Onion,1700,0.2,2026-04-17
Kolar,Chickkaballapura APMC,Onion,2300,3,2026-04-17
Kolar,Gowribidanoor APMC,Onion,1500,0.4,2026-04-17
Shimoga,Shimoga APMC,Onion,1600,5,2026-04-17
Udupi,Udupi APMC,Onion,1400,8.4,2026-04-17
Bangalore,Bangalore APMC,Potato,1000,471.7,2026-04-17
Bangalore,Bangalore APMC,Potato,1300,471.7,2026-04-17
Bangalore,Doddaballa Pur APMC,Potato,1400,1.5,2026-04-17
Belgaum,Belgaum APMC,Potato,1000,102.4,2026-04-17
Chikmagalur,Chikkamagalore APMC,Potato,1572,5.3,2026-04-17
Davangere,Davangere APMC,Potato,1000,3.5,2026-04-17
Dharwad,Hubli (Amaragol) APMC,Potato,1500,220,2026-04-17
Hassan,Channarayapatna APMC,Potato,3500,1.6,2026-04-17
Hassan,Hassan APMC,Potato,670,11.5,2026-04-17
Kalburgi,Kalburgi APMC,Potato,1050,25,2026-04-17
Kolar,Bangarpet APMC,Potato,800,0.6,2026-04-17
Kolar,Chickkaballapura APMC,Potato,1000,15,2026-04-17
Kolar,Gowribidanoor APMC,Potato,2000,0.2,2026-04-17
Mysore,Nanjangud APMC,Potato,6666,19,2026-04-17
Shimoga,Shimoga APMC,Potato,2000,2,2026-04-17
Udupi,Udupi APMC,Potato,1500,8.6,2026-04-17
Bangalore,"Binny Mill (F&V), Bangalore APMC",Tomato,2100,44.9,2026-04-18
Bangalore,Channapatana APMC,Tomato,1750,3.1,2026-04-18
Bangalore,Doddaballa Pur APMC,Tomato,1500,1.7,2026-04-18
Bangalore,Kanakapura APMC,Tomato,2400,0.8,2026-04-18
Bangalore,Ramanagara APMC,Tomato,2500,6.4,2026-04-18
Bellary,Hospet APMC,Tomato,1200,12.8,2026-04-18
Chamrajnagar,Chamaraj Nagar APMC,Tomato,1800,5.5,2026-04-18
Chamrajnagar,Gundlupet APMC,Tomato,1900,12.6,2026-04-18
Chikmagalur,Chikkamagalore APMC,Tomato,2071,4.9,2026-04-18
Chikmagalur,Kadur APMC,Tomato,1319,4.8,2026-04-18
Davangere,Davangere APMC,Tomato,1060,3,2026-04-18
Hassan,Arasikere APMC,Tomato,1000,16.9,2026-04-18
Haveri,Ranebennur APMC,Tomato,2200,0.4,2026-04-18
Kalburgi,Kalburgi APMC,Tomato,900,8,2026-04-18
Kolar,Bangarpet APMC,Tomato,1000,0.4,2026-04-18
Kolar,Bhagepalli APMC,Tomato,1923,33.2,2026-04-18
Kolar,Chickkaballapura APMC,Tomato,1290,23.4,2026-04-18
Kolar,Chintamani APMC,Tomato,1200,38.2,2026-04-18
Kolar,Gowribidanoor APMC,Tomato,2000,1,2026-04-18
Kolar,Kolar APMC,Tomato,1000,630,2026-04-18
Kolar,Mulabagilu APMC,Tomato,1000,222,2026-04-18
Kolar,Srinivasapur APMC,Tomato,1467,14.5,2026-04-18
Mysore,Nanjangud APMC,Tomato,2564,19,2026-04-18
Tumkur,Tumkur APMC,Tomato,1250,8,2026-04-18
Bagalkot,Bagalakot APMC,Onion,700,373.7,2026-04-18
Bangalore,Bangalore APMC,Onion,300,569.8,2026-04-18
Bangalore,Bangalore APMC,Onion,600,854.8,2026-04-18
Bangalore,Bangalore APMC,Onion,1100,854.8,2026-04-18
Bangalore,Bangalore APMC,Onion,1100,569.9,2026-04-18
Bangalore,Doddaballa Pur APMC,Onion,1700,1.5,2026-04-18
Bangalore,Ramanagara APMC,Onion,1600,37.2,2026-04-18
Belgaum,Belgaum APMC,Onion,800,1112.3,2026-04-18
Bellary,Hospet APMC,Onion,1500,14.5,2026-04-18
Chikmagalur,Chikkamagalore APMC,Onion,1241,16.1,2026-04-18
Chikmagalur,Kadur APMC,Onion,1513,2.1,2026-04-18
Davangere,Davangere APMC,Onion,1050,170,2026-04-18
Dharwad,Hubli (Amaragol) APMC,Onion,1600,284,2026-04-18
Kalburgi,Kalburgi APMC,Onion,500,155,2026-04-18
Kolar,Bangarpet APMC,Onion,1800,0.4,2026-04-18
Kolar,Chickkaballapura APMC,Onion,1100,11,2026-04-18
Kolar,Gowribidanoor APMC,Onion,1500,0.4,2026-04-18
Mysore,Mysore (Bandipalya) APMC,Onion,1000,420.2,2026-04-18
Tumkur,Tumkur APMC,Onion,1200,12,2026-04-18
Udupi,Udupi APMC,Onion,1400,21,2026-04-18
Bangalore,Bangalore APMC,Potato,1000,415.1,2026-04-18
Bangalore,Bangalore APMC,Potato,1300,415.1,2026-04-18
Bangalore,Doddaballa Pur APMC,Potato,1500,1,2026-04-18
Bangalore,Ramanagara APMC,Potato,2000,3.5,2026-04-18
Belgaum,Belgaum APMC,Potato,700,148.6,2026-04-18
Bellary,Hospet APMC,Potato,1900,12,2026-04-18
Chikmagalur,Chikkamagalore APMC,Potato,1344,24.5,2026-04-18
Davangere,Davangere APMC,Potato,800,3,2026-04-18
Dharwad,Hubli (Amaragol) APMC,Potato,1200,220,2026-04-18
Hassan,Arasikere APMC,Potato,1500,6.5,2026-04-18
Hassan,Hassan APMC,Potato,725,11.5,2026-04-18
Kalburgi,Kalburgi APMC,Potato,1000,14.8,2026-04-18
Kolar,Bangarpet APMC,Potato,800,1.3,2026-04-18
Kolar,Bhagepalli APMC,Potato,1000,0.2,2026-04-18
Kolar,Chickkaballapura APMC,Potato,1000,17.5,2026-04-18
Kolar,Gowribidanoor APMC,Potato,2000,0.5,2026-04-18
Mysore,Mysore (Bandipalya) APMC,Potato,1000,179.7,2026-04-18
Mysore,Nanjangud APMC,Potato,2777,19,2026-04-18
Tumkur,Tumkur APMC,Potato,2400,6,2026-04-18
Udupi,Udupi APMC,Potato,1500,21.2,2026-04-18
Bangalore,Ramanagara APMC,Tomato,2500,7.2,2026-04-19
Bellary,Hospet APMC,Tomato,1200,19,2026-04-19
Hassan,Belur APMC,Tomato,1500,1.5,2026-04-19
Haveri,Ranebennur APMC,Tomato,1500,0.4,2026-04-19
Kolar,Bhagepalli APMC,Tomato,2231,28,2026-04-19
Kolar,Chickkaballapura APMC,Tomato,1350,24.4,2026-04-19
Kolar,Chintamani APMC,Tomato,1200,36.6,2026-04-19
Kolar,Gowribidanoor APMC,Tomato,1500,1.5,2026-04-19
Kolar,Kolar APMC,Tomato,1200,544.6,2026-04-19
Kolar,Mulabagilu APMC,Tomato,1066,222,2026-04-19
Kolar,Srinivasapur APMC,Tomato,1467,15,2026-04-19
Mysore,Mysore (Bandipalya) APMC,Tomato,1800,12.7,2026-04-19
Bellary,Hospet APMC,Onion,1400,15,2026-04-19
Hassan,Belur APMC,Onion,1250,1.3,2026-04-19
Kolar,Chickkaballapura APMC,Onion,1100,4,2026-04-19
Kolar,Gowribidanoor APMC,Onion,1800,0.4,2026-04-19
Bellary,Hospet APMC,Potato,1800,16,2026-04-19
Kolar,Chickkaballapura APMC,Potato,1100,9,2026-04-19
Kolar,Gowribidanoor APMC,Potato,2000,0.4,2026-04-19
Bangalore,Channapatana APMC,Tomato,2500,2.5,2026-04-20
Bangalore,Ramanagara APMC,Tomato,2500,8,2026-04-20
Chamrajnagar,Chamaraj Nagar APMC,Tomato,2000,5.5,2026-04-20
Hassan,Belur APMC,Tomato,1600,5.6,2026-04-20
Haveri,Ranebennur APMC,Tomato,2000,0.3,2026-04-20
Kolar,Bangarpet APMC,Tomato,1000,3,2026-04-20
Kolar,Bhagepalli APMC,Tomato,1846,21.6,2026-04-20
Kolar,Chickkaballapura APMC,Tomato,1310,24.5,2026-04-20
Kolar,Chintamani APMC,Tomato,1333,47.2,2026-04-20
Kolar,Gowribidanoor APMC,Tomato,1600,1.2,2026-04-20
Kolar,Kolar APMC,Tomato,1200,495,2026-04-20
Kolar,Mulabagilu APMC,Tomato,1000,225,2026-04-20
Kolar,Srinivasapur APMC,Tomato,1333,17.9,2026-04-20
Mysore,Mysore (Bandipalya) APMC,Tomato,1900,16.9,2026-04-20
Bangalore,Bangalore APMC,Onion,300,498,2026-04-20
Bangalore,Bangalore APMC,Onion,600,746.9,2026-04-20
Bangalore,Bangalore APMC,Onion,1100,746.9,2026-04-20
Bangalore,Bangalore APMC,Onion,1100,498.1,2026-04-20
Bijapur,Bijapur APMC,Onion,500,935.5,2026-04-20
Kolar,Bangarpet APMC,Onion,1500,1,2026-04-20
Kolar,Chickkaballapura APMC,Onion,1100,3,2026-04-20
Kolar,Gowribidanoor APMC,Onion,1500,0.4,2026-04-20
Bangalore,Bangalore APMC,Potato,1000,573.9,2026-04-20
Bangalore,Bangalore APMC,Potato,1300,573.8,2026-04-20
Kolar,Bangarpet APMC,Potato,1000,1.5,2026-04-20
Kolar,Chickkaballapura APMC,Potato,1000,7,2026-04-20
Kolar,Gowribidanoor APMC,Potato,2000,0.4,2026-04-20
Bangalore,"Binny Mill (F&V), Bangalore APMC",Tomato,2000,81.4,2026-04-21
Bangalore,Channapatana APMC,Tomato,3000,2.1,2026-04-21
Bangalore,Doddaballa Pur APMC,Tomato,1300,1.8,2026-04-21
Bangalore,Kanakapura APMC,Tomato,3000,0.5,2026-04-21
Bangalore,Ramanagara APMC,Tomato,3000,4.4,2026-04-21
Chamrajnagar,Chamaraj Nagar APMC,Tomato,1650,5.5,2026-04-21
Chamrajnagar,Gundlupet APMC,Tomato,1900,14.9,2026-04-21
Chikmagalur,Chikkamagalore APMC,Tomato,2041,14.7,2026-04-21
Chikmagalur,Kadur APMC,Tomato,1613,16.6,2026-04-21
Davangere,Davangere APMC,Tomato,1000,4,2026-04-21
Hassan,Channarayapatna APMC,Tomato,3000,4.4,2026-04-21
Haveri,Ranebennur APMC,Tomato,2100,0.4,2026-04-21
Kalburgi,Kalburgi APMC,Tomato,800,6,2026-04-21
Kolar,Bangarpet APMC,Tomato,1000,2.5,2026-04-21
Kolar,Bhagepalli APMC,Tomato,2077,24.3,2026-04-21
Kolar,Chickkaballapura APMC,Tomato,1500,19.4,2026-04-21
Kolar,Chintamani APMC,Tomato,1333,52.5,2026-04-21
Kolar,Kolar APMC,Tomato,1330,615,2026-04-21
Kolar,Mulabagilu APMC,Tomato,1200,227.3,2026-04-21
Kolar,Srinivasapur APMC,Tomato,1800,32.4,2026-04-21
Mysore,Mysore (Bandipalya) APMC,Tomato,3100,18.9,2026-04-21
Mysore,Nanjangud APMC,Tomato,3703,19,2026-04-21
Mysore,Santhesargur APMC,Tomato,1383,1.2,2026-04-21
Shimoga,Shimoga APMC,Tomato,2000,96.2,2026-04-21
Bagalkot,Bagalakot APMC,Onion,600,206,2026-04-21
Bangalore,Bangalore APMC,Onion,400,430.5,2026-04-21
Bangalore,Bangalore APMC,Onion,800,645.8,2026-04-21
Bangalore,Bangalore APMC,Onion,1100,645.8,2026-04-21
Bangalore,Bangalore APMC,Onion,1000,430.5,2026-04-21
Bangalore,Doddaballa Pur APMC,Onion,1700,2.5,2026-04-21
Belgaum,Belgaum APMC,Onion,800,74.4,2026-04-21
Bellary,Hospet APMC,Onion,1300,15,2026-04-21
Chikmagalur,Chikkamagalore APMC,Onion,1244,30.8,2026-04-21
Chikmagalur,Kadur APMC,Onion,1665,15.6,2026-04-21
Davangere,Davangere APMC,Onion,1000,160,2026-04-21
Dharwad,Hubli (Amaragol) APMC,Onion,1600,310,2026-04-21
Kolar,Bangarpet APMC,Onion,1500,0.8,2026-04-21
Kolar,Chickkaballapura APMC,Onion,1100,3.5,2026-04-21
Mysore,Mysore (Bandipalya) APMC,Onion,900,77.3,2026-04-21
Shimoga,Shimoga APMC,Onion,1700,15,2026-04-21
Udupi,Udupi APMC,Onion,1400,41.7,2026-04-21
Bangalore,Bangalore APMC,Potato,1000,480.1,2026-04-21
Bangalore,Bangalore APMC,Potato,1300,480,2026-04-21
Bangalore,Doddaballa Pur APMC,Potato,1700,1.5,2026-04-21
Belgaum,Belgaum APMC,Potato,700,55.6,2026-04-21
Chikmagalur,Chikkamagalore APMC,Potato,1536,19.6,2026-04-21
Chikmagalur,Kadur APMC,Potato,1666,0.5,2026-04-21
Davangere,Davangere APMC,Potato,1000,3,2026-04-21
Dharwad,Hubli (Amaragol) APMC,Potato,1500,240,2026-04-21
Hassan,Channarayapatna APMC,Potato,3500,2.4,2026-04-21
Hassan,Hassan APMC,Potato,760,10.2,2026-04-21
Kalburgi,Kalburgi APMC,Potato,1000,25,2026-04-21
Kolar,Bangarpet APMC,Potato,1000,0.5,2026-04-21
Kolar,Chickkaballapura APMC,Potato,1000,10,2026-04-21
Kolar,Kolar APMC,Potato,1200,3,2026-04-21
Mysore,Nanjangud APMC,Potato,3030,19,2026-04-21
Shimoga,Shimoga APMC,Potato,2000,6,2026-04-21
Udupi,Udupi APMC,Potato,1500,11.3,2026-04-21
Bangalore,"Binny Mill (F&V), Bangalore APMC",Tomato,1900,41.6,2026-04-22
Bangalore,Channapatana APMC,Tomato,3000,2.3,2026-04-22
Bangalore,Doddaballa Pur APMC,Tomato,1300,1.7,2026-04-22
Bangalore,Kanakapura APMC,Tomato,3000,0.5,2026-04-22
Bangalore,Ramanagara APMC,Tomato,3000,4.4,2026-04-22
Bellary,Hospet APMC,Tomato,1800,6,2026-04-22
Chamrajnagar,Chamaraj Nagar APMC,Tomato,2300,5.5,2026-04-22
Chamrajnagar,Gundlupet APMC,Tomato,3000,3.1,2026-04-22
Chikmagalur,Chikkamagalore APMC,Tomato,2381,2.8,2026-04-22
Chikmagalur,Kadur APMC,Tomato,1387,2.3,2026-04-22
Davangere,Davangere APMC,Tomato,850,3,2026-04-22
Hassan,Belur APMC,Tomato,2000,3.3,2026-04-22
Hassan,Hassan APMC,Tomato,1500,10.4,2026-04-22
Haveri,Ranebennur APMC,Tomato,2000,0.3,2026-04-22
Kalburgi,Kalburgi APMC,Tomato,1000,11,2026-04-22
Kolar,Bangarpet APMC,Tomato,1000,2.4,2026-04-22
Kolar,Bhagepalli APMC,Tomato,2462,20.3,2026-04-22
Kolar,Chickkaballapura APMC,Tomato,1810,20,2026-04-22
Kolar,Chintamani APMC,Tomato,1333,61.5,2026-04-22
Kolar,Gowribidanoor APMC,Tomato,2000,1.2,2026-04-22
Kolar,Kolar APMC,Tomato,1330,615,2026-04-22
Kolar,Mulabagilu APMC,Tomato,1200,98.6,2026-04-22
Kolar,Srinivasapur APMC,Tomato,1667,21.2,2026-04-22
Mandya,Nagamangala APMC,Tomato,3200,0.5,2026-04-22
Mysore,Mysore (Bandipalya) APMC,Tomato,3100,11.8,2026-04-22
Mysore,Nanjangud APMC,Tomato,3030,19,2026-04-22
Shimoga,Shimoga APMC,Tomato,2000,28.7,2026-04-22
Bangalore,Bangalore APMC,Onion,400,306.3,2026-04-22
Bangalore,Bangalore APMC,Onion,800,459.3,2026-04-22
Bangalore,Bangalore APMC,Onion,1100,459.3,2026-04-22
Bangalore,Bangalore APMC,Onion,1000,306.4,2026-04-22
Bangalore,Doddaballa Pur APMC,Onion,1700,2,2026-04-22
Belgaum,Belgaum APMC,Onion,1200,545.7,2026-04-22
Bellary,Hospet APMC,Onion,1200,9.5,2026-04-22
Chikmagalur,Kadur APMC,Onion,1665,1.9,2026-04-22
Davangere,Davangere APMC,Onion,1050,170,2026-04-22
Dharwad,Hubli (Amaragol) APMC,Onion,1500,270,2026-04-22
Hassan,Belur APMC,Onion,1200,2.8,2026-04-22
Hassan,Hassan APMC,Onion,850,588.6,2026-04-22
Haveri,Ranebennur APMC,Onion,1000,100,2026-04-22
Kalburgi,Kalburgi APMC,Onion,500,75,2026-04-22
Kolar,Bangarpet APMC,Onion,1500,1.5,2026-04-22
Kolar,Chickkaballapura APMC,Onion,1550,9,2026-04-22
Kolar,Gowribidanoor APMC,Onion,1500,0.4,2026-04-22
Kolar,Malur APMC,Onion,2000,2.5,2026-04-22
Shimoga,Shimoga APMC,Onion,1500,5,2026-04-22
Udupi,Udupi APMC,Onion,1400,50.2,2026-04-22
Bangalore,Bangalore APMC,Potato,1000,306.2,2026-04-22
Bangalore,Bangalore APMC,Potato,1300,306.2,2026-04-22
Bangalore,Doddaballa Pur APMC,Potato,1800,1.5,2026-04-22
Belgaum,Belgaum APMC,Potato,1500,124.9,2026-04-22
Bellary,Hospet APMC,Potato,1200,12,2026-04-22
Chikmagalur,Chikkamagalore APMC,Potato,1534,23.9,2026-04-22
Chikmagalur,Kadur APMC,Potato,1666,0.5,2026-04-22
Davangere,Davangere APMC,Potato,1100,2.5,2026-04-22
Dharwad,Hubli (Amaragol) APMC,Potato,1400,230,2026-04-22
Hassan,Belur APMC,Potato,1200,2.8,2026-04-22
Hassan,Hassan APMC,Potato,822,270.4,2026-04-22
Kalburgi,Kalburgi APMC,Potato,750,20,2026-04-22
Kolar,Bangarpet APMC,Potato,1200,1,2026-04-22
Kolar,Bhagepalli APMC,Potato,1650,0.2,2026-04-22
Kolar,Chickkaballapura APMC,Potato,1000,15,2026-04-22
Kolar,Gowribidanoor APMC,Potato,2000,0.5,2026-04-22
Kolar,Kolar APMC,Potato,1100,3.2,2026-04-22
Mysore,Nanjangud APMC,Potato,3333,19,2026-04-22
Shimoga,Shimoga APMC,Potato,2000,2,2026-04-22
Udupi,Udupi APMC,Potato,1300,42,2026-04-22
Bangalore,"Binny Mill (F&V), Bangalore APMC",Tomato,3700,37.3,2026-04-23
Bangalore,Channapatana APMC,Tomato,3000,2.2,2026-04-23
Bangalore,Doddaballa Pur APMC,Tomato,1500,1.4,2026-04-23
Bangalore,Kanakapura APMC,Tomato,3000,0.6,2026-04-23
Bangalore,Ramanagara APMC,Tomato,3200,4.8,2026-04-23
Chamrajnagar,Chamaraj Nagar APMC,Tomato,1750,5.5,2026-04-23
Chamrajnagar,Gundlupet APMC,Tomato,3200,2.6,2026-04-23
Chikmagalur,Chikkamagalore APMC,Tomato,2500,2,2026-04-23
Chikmagalur,Kadur APMC,Tomato,1850,0.9,2026-04-23
Davangere,Davangere APMC,Tomato,1100,4,2026-04-23
Hassan,Belur APMC,Tomato,1800,1.9,2026-04-23
Haveri,Ranebennur APMC,Tomato,2500,0.3,2026-04-23
Kalburgi,Kalburgi APMC,Tomato,1000,8,2026-04-23
Kolar,Bangarpet APMC,Tomato,1000,3.2,2026-04-23
Kolar,Bhagepalli APMC,Tomato,2923,22.8,2026-04-23
Kolar,Chintamani APMC,Tomato,1660,37.5,2026-04-23
Kolar,Gowribidanoor APMC,Tomato,2500,1.2,2026-04-23
Kolar,Kolar APMC,Tomato,1530,574.5,2026-04-23
Kolar,Mulabagilu APMC,Tomato,1200,245.2,2026-04-23
Kolar,Srinivasapur APMC,Tomato,1733,16.3,2026-04-23
Mysore,Mysore (Bandipalya) APMC,Tomato,2900,12.5,2026-04-23
Mysore,Nanjangud APMC,Tomato,3703,19,2026-04-23
Shimoga,Shimoga APMC,Tomato,1500,45,2026-04-23
Bagalkot,Jamakhandi APMC,Onion,700,18,2026-04-23
Bangalore,Bangalore APMC,Onion,400,244.4,2026-04-23
Bangalore,Bangalore APMC,Onion,800,366.6,2026-04-23
Bangalore,Bangalore APMC,Onion,1100,366.6,2026-04-23
Bangalore,Bangalore APMC,Onion,1000,244.4,2026-04-23
Bangalore,Doddaballa Pur APMC,Onion,1700,1.5,2026-04-23
Belgaum,Belgaum APMC,Onion,1200,53.1,2026-04-23
Bijapur,Bijapur APMC,Onion,500,764,2026-04-23
Chikmagalur,Chikkamagalore APMC,Onion,1500,10.5,2026-04-23
Davangere,Davangere APMC,Onion,1000,165,2026-04-23
Dharwad,Hubli (Amaragol) APMC,Onion,1600,295,2026-04-23
Hassan,Arasikere APMC,Onion,1500,6,2026-04-23
Kolar,Bangarpet APMC,Onion,1500,1.5,2026-04-23
Kolar,Gowribidanoor APMC,Onion,1500,0.5,2026-04-23
Mysore,Mysore (Bandipalya) APMC,Onion,900,81.3,2026-04-23
Shimoga,Shimoga APMC,Onion,1500,5,2026-04-23
Udupi,Udupi APMC,Onion,1400,20.2,2026-04-23
Bangalore,Bangalore APMC,Potato,1000,261.3,2026-04-23
Bangalore,Bangalore APMC,Potato,1300,261.2,2026-04-23
Bangalore,Doddaballa Pur APMC,Potato,1800,1,2026-04-23
Belgaum,Belgaum APMC,Potato,1500,55.6,2026-04-23
Davangere,Davangere APMC,Potato,1300,4,2026-04-23
Dharwad,Hubli (Amaragol) APMC,Potato,1500,214,2026-04-23
Hassan,Hassan APMC,Potato,838,52.8,2026-04-23
Kalburgi,Kalburgi APMC,Potato,750,30,2026-04-23
Kolar,Bangarpet APMC,Potato,1300,1.2,2026-04-23
Kolar,Gowribidanoor APMC,Potato,2000,0.4,2026-04-23
Kolar,Kolar APMC,Potato,1100,3,2026-04-23
Mysore,Mysore (Bandipalya) APMC,Potato,1000,56,2026-04-23
Mysore,Nanjangud APMC,Potato,3333,19,2026-04-23
Shimoga,Shimoga APMC,Potato,2000,2,2026-04-23
Udupi,Udupi APMC,Potato,1300,6.6,2026-04-23
Bangalore,"Binny Mill (F&V), Bangalore APMC",Tomato,2000,38.1,2026-04-24
Bangalore,Channapatana APMC,Tomato,3000,2.3,2026-04-24
Bangalore,Doddaballa Pur APMC,Tomato,1500,1.5,2026-04-24
Bangalore,Kanakapura APMC,Tomato,3000,0.5,2026-04-24
Bangalore,Ramanagara APMC,Tomato,3000,4.8,2026-04-24
Chamrajnagar,Chamaraj Nagar APMC,Tomato,2200,5.5,2026-04-24
Chamrajnagar,Gundlupet APMC,Tomato,3200,2.6,2026-04-24
Chikmagalur,Chikkamagalore APMC,Tomato,2222,6,2026-04-24
Chikmagalur,Kadur APMC,Tomato,1470,3.4,2026-04-24
Davangere,Davangere APMC,Tomato,1200,3.5,2026-04-24
Haveri,Ranebennur APMC,Tomato,2000,0.3,2026-04-24
Kolar,Bangarpet APMC,Tomato,1200,2.3,2026-04-24
Kolar,Bhagepalli APMC,Tomato,2923,22.2,2026-04-24
Kolar,Chickkaballapura APMC,Tomato,1808,21.1,2026-04-24
Kolar,Gowribidanoor APMC,Tomato,2000,1.2,2026-04-24
Kolar,Kolar APMC,Tomato,1660,510,2026-04-24
Kolar,Mulabagilu APMC,Tomato,1200,288,2026-04-24
Kolar,Srinivasapur APMC,Tomato,1867,20.7,2026-04-24
Mandya,K.R. Pet APMC,Tomato,3000,1.3,2026-04-24
Mysore,Mysore (Bandipalya) APMC,Tomato,3200,15.9,2026-04-24
Mysore,Nanjangud APMC,Tomato,3333,10.7,2026-04-24
Shimoga,Shimoga APMC,Tomato,1800,50,2026-04-24
Bangalore,Bangalore APMC,Onion,400,492.9,2026-04-24
Bangalore,Bangalore APMC,Onion,800,739.4,2026-04-24
Bangalore,Bangalore APMC,Onion,1100,739.4,2026-04-24
Bangalore,Bangalore APMC,Onion,1000,492.9,2026-04-24
Bangalore,Doddaballa Pur APMC,Onion,1700,2,2026-04-24
Bangalore,Ramanagara APMC,Onion,1600,35.5,2026-04-24
Belgaum,Belgaum APMC,Onion,1200,71.1,2026-04-24
Chikmagalur,Chikkamagalore APMC,Onion,1220,8.2,2026-04-24
Chikmagalur,Kadur APMC,Onion,1513,2.1,2026-04-24
Davangere,Davangere APMC,Onion,1050,170,2026-04-24
Dharwad,Hubli (Amaragol) APMC,Onion,1500,290,2026-04-24
Hassan,Hassan APMC,Onion,1174,22.6,2026-04-24
Kolar,Bangarpet APMC,Onion,1500,10,2026-04-24
Kolar,Chickkaballapura APMC,Onion,1550,5,2026-04-24
Kolar,Gowribidanoor APMC,Onion,1500,0.5,2026-04-24
Shimoga,Shimoga APMC,Onion,1700,5,2026-04-24
Tumkur,Tumkur APMC,Onion,1420,11,2026-04-24
Udupi,Udupi APMC,Onion,1400,17.1,2026-04-24
Bangalore,Bangalore APMC,Potato,1000,354.6,2026-04-24
Bangalore,Bangalore APMC,Potato,1300,354.5,2026-04-24
Bangalore,Doddaballa Pur APMC,Potato,1800,1.5,2026-04-24
Belgaum,Belgaum APMC,Potato,1500,116.8,2026-04-24
Chikmagalur,Chikkamagalore APMC,Potato,1515,3.3,2026-04-24
Davangere,Davangere APMC,Potato,1000,3,2026-04-24
Dharwad,Hubli (Amaragol) APMC,Potato,1600,230,2026-04-24
Hassan,Hassan APMC,Potato,700,22.9,2026-04-24
Kalburgi,Kalburgi APMC,Potato,1000,20,2026-04-24
Kolar,Bangarpet APMC,Potato,1000,8.5,2026-04-24
Kolar,Chickkaballapura APMC,Potato,1000,25,2026-04-24
Kolar,Gowribidanoor APMC,Potato,2000,0.3,2026-04-24
Kolar,Kolar APMC,Potato,1100,2.9,2026-04-24
Shimoga,Shimoga APMC,Potato,2000,2,2026-04-24
Udupi,Udupi APMC,Potato,1300,5,2026-04-24
Bangalore,Channapatana APMC,Tomato,3000,1.8,2026-04-25
Bangalore,Kanakapura APMC,Tomato,4000,0.6,2026-04-25
Bangalore,Ramanagara APMC,Tomato,4000,6,2026-04-25
Bellary,Hospet APMC,Tomato,800,9,2026-04-25
Chamrajnagar,Chamaraj Nagar APMC,Tomato,1750,5,2026-04-25
Haveri,Ranebennur APMC,Tomato,2200,0.3,2026-04-25
Kalburgi,Kalburgi APMC,Tomato,750,8.5,2026-04-25
Kolar,Bangarpet APMC,Tomato,1500,1.5,2026-04-25
Kolar,Bhagepalli APMC,Tomato,2462,25.4,2026-04-25
Kolar,Chickkaballapura APMC,Tomato,1920,19.4,2026-04-25
Kolar,Chintamani APMC,Tomato,1660,36.6,2026-04-25
Kolar,Gowribidanoor APMC,Tomato,2500,1.2,2026-04-25
Kolar,Kolar APMC,Tomato,1800,585,2026-04-25
Kolar,Mulabagilu APMC,Tomato,1500,282.4,2026-04-25
Kolar,Srinivasapur APMC,Tomato,2400,38.4,2026-04-25
Bagalkot,Bagalakot APMC,Onion,800,251.6,2026-04-25
Bangalore,Bangalore APMC,Onion,400,442.5,2026-04-25
Bangalore,Bangalore APMC,Onion,800,663.8,2026-04-25
Bangalore,Bangalore APMC,Onion,1100,663.8,2026-04-25
Bangalore,Bangalore APMC,Onion,1000,442.6,2026-04-25
Belgaum,Belgaum APMC,Onion,1300,823.2,2026-04-25
Bellary,Hospet APMC,Onion,1400,16,2026-04-25
Kalburgi,Kalburgi APMC,Onion,500,104.5,2026-04-25
Kolar,Bangarpet APMC,Onion,1700,0.9,2026-04-25
Kolar,Chickkaballapura APMC,Onion,1500,9,2026-04-25
Kolar,Gowribidanoor APMC,Onion,1500,0.5,2026-04-25
Mysore,Mysore (Bandipalya) APMC,Onion,900,25.4,2026-04-25
Bangalore,Bangalore APMC,Potato,1000,444.9,2026-04-25
Bangalore,Bangalore APMC,Potato,1300,444.8,2026-04-25
Belgaum,Belgaum APMC,Potato,1500,234.8,2026-04-25
Bellary,Hospet APMC,Potato,1200,5,2026-04-25
Kalburgi,Kalburgi APMC,Potato,1000,20,2026-04-25
Kolar,Bangarpet APMC,Potato,1000,0.8,2026-04-25
Kolar,Bhagepalli APMC,Potato,1600,0.2,2026-04-25
Kolar,Chickkaballapura APMC,Potato,1000,11.5,2026-04-25
Kolar,Gowribidanoor APMC,Potato,2000,0.4,2026-04-25
Mysore,Mysore (Bandipalya) APMC,Potato,1000,147.1,2026-04-25
Hassan,Belur APMC,Tomato,1250,1.3,2026-04-26
Haveri,Ranebennur APMC,Tomato,2400,0.4,2026-04-26
Kolar,Bhagepalli APMC,Tomato,1923,12.1,2026-04-26
Kolar,Chickkaballapura APMC,Tomato,1920,19.4,2026-04-26
Kolar,Chintamani APMC,Tomato,1400,52.5,2026-04-26
Kolar,Gowribidanoor APMC,Tomato,2500,1,2026-04-26
Kolar,Kolar APMC,Tomato,1800,680,2026-04-26
Kolar,Mulabagilu APMC,Tomato,1500,264.8,2026-04-26
Kolar,Srinivasapur APMC,Tomato,2533,37.3,2026-04-26
Mysore,Mysore (Bandipalya) APMC,Tomato,3400,19.8,2026-04-26
Shimoga,Shimoga APMC,Tomato,2500,45,2026-04-26
Kolar,Chickkaballapura APMC,Onion,1550,4,2026-04-26
Kolar,Gowribidanoor APMC,Onion,1500,0.4,2026-04-26
Shimoga,Shimoga APMC,Onion,1500,7.5,2026-04-26
Hassan,Belur APMC,Potato,1300,2.6,2026-04-26
Kolar,Chickkaballapura APMC,Potato,1000,7,2026-04-26
Kolar,Gowribidanoor APMC,Potato,2000,0.5,2026-04-26
Kolar,Kolar APMC,Potato,1100,3,2026-04-26
Shimoga,Shimoga APMC,Potato,2000,1.6,2026-04-26
Bangalore,"Binny Mill (F&V), Bangalore APMC",Tomato,2400,37.9,2026-04-27
Bangalore,Channapatana APMC,Tomato,3500,2,2026-04-27
Bangalore,Doddaballa Pur APMC,Tomato,1750,1.6,2026-04-27
Bangalore,Kanakapura APMC,Tomato,4000,0.5,2026-04-27
Bangalore,Ramanagara APMC,Tomato,4000,4.4,2026-04-27
Chamrajnagar,Chamaraj Nagar APMC,Tomato,2600,5.5,2026-04-27
Chamrajnagar,Gundlupet APMC,Tomato,3500,2.9,2026-04-27
Chikmagalur,Chikkamagalore APMC,Tomato,2622,8.9,2026-04-27
Chikmagalur,Kadur APMC,Tomato,2081,8.2,2026-04-27
Hassan,Arasikere APMC,Tomato,1000,20,2026-04-27
Haveri,Ranebennur APMC,Tomato,2000,0.3,2026-04-27
Kalburgi,Kalburgi APMC,Tomato,1000,6,2026-04-27
Kolar,Bangarpet APMC,Tomato,1300,3.5,2026-04-27
Kolar,Bhagepalli APMC,Tomato,3154,22.6,2026-04-27
Kolar,Chickkaballapura APMC,Tomato,1810,20.9,2026-04-27
Kolar,Chintamani APMC,Tomato,1400,41.8,2026-04-27
Kolar,Gowribidanoor APMC,Tomato,3000,1,2026-04-27
Kolar,Kolar APMC,Tomato,1800,537,2026-04-27
Kolar,Mulabagilu APMC,Tomato,2000,240.3,2026-04-27
Kolar,Srinivasapur APMC,Tomato,2933,31,2026-04-27
Mandya,Nagamangala APMC,Tomato,3500,0.9,2026-04-27
Mysore,Mysore (Bandipalya) APMC,Tomato,3400,18.7,2026-04-27
Mysore,Nanjangud APMC,Tomato,3700,20,2026-04-27
Shimoga,Shimoga APMC,Tomato,2000,46.2,2026-04-27
Bangalore,Bangalore APMC,Onion,400,479.7,2026-04-27
Bangalore,Bangalore APMC,Onion,800,719.6,2026-04-27
Bangalore,Bangalore APMC,Onion,1100,719.6,2026-04-27
Bangalore,Bangalore APMC,Onion,1000,479.6,2026-04-27
Bangalore,Doddaballa Pur APMC,Onion,1500,2,2026-04-27
Belgaum,Belgaum APMC,Onion,1300,64.5,2026-04-27
Bellary,Hospet APMC,Onion,1000,8,2026-04-27
Bijapur,Bijapur APMC,Onion,500,783.3,2026-04-27
Chikmagalur,Chikkamagalore APMC,Onion,1522,18,2026-04-27
Chikmagalur,Kadur APMC,Onion,1665,16.3,2026-04-27
Davangere,Davangere APMC,Onion,1050,160,2026-04-27
Hassan,Belur APMC,Onion,1200,0.3,2026-04-27
Kolar,Bangarpet APMC,Onion,1500,0.9,2026-04-27
Kolar,Chickkaballapura APMC,Onion,1550,5,2026-04-27
Kolar,Gowribidanoor APMC,Onion,1500,0.4,2026-04-27
Mysore,Mysore (Bandipalya) APMC,Onion,1300,45,2026-04-27
Shimoga,Shimoga APMC,Onion,1500,5,2026-04-27
Udupi,Udupi APMC,Onion,1400,20.1,2026-04-27
Bangalore,Bangalore APMC,Potato,1400,452.8,2026-04-27
Bangalore,Bangalore APMC,Potato,1600,682,2026-04-27
Bangalore,Doddaballa Pur APMC,Potato,1800,0.4,2026-04-27
Belgaum,Belgaum APMC,Potato,1500,54.4,2026-04-27
Bellary,Hospet APMC,Potato,1400,8,2026-04-27
Chikmagalur,Chikkamagalore APMC,Potato,1590,17.8,2026-04-27
Hassan,Arasikere APMC,Potato,1500,4,2026-04-27
Kalburgi,Kalburgi APMC,Potato,1000,40,2026-04-27
Kolar,Bangarpet APMC,Potato,1000,1.5,2026-04-27
Kolar,Chickkaballapura APMC,Potato,1000,12,2026-04-27
Kolar,Gowribidanoor APMC,Potato,2000,0.5,2026-04-27
Kolar,Kolar APMC,Potato,1200,3.2,2026-04-27
Mysore,Nanjangud APMC,Potato,3333,19,2026-04-27
Shimoga,Shimoga APMC,Potato,2000,2,2026-04-27
Udupi,Udupi APMC,Potato,1300,14.9,2026-04-27
Bangalore,"Binny Mill (F&V), Bangalore APMC",Tomato,2400,40.7,2026-04-28
Bangalore,Channapatana APMC,Tomato,3500,2.1,2026-04-28
Bangalore,Doddaballa Pur APMC,Tomato,1800,1.2,2026-04-28
Bangalore,Kanakapura APMC,Tomato,4000,0.6,2026-04-28
Bangalore,Ramanagara APMC,Tomato,4000,4,2026-04-28
Chamrajnagar,Chamaraj Nagar APMC,Tomato,2600,5,2026-04-28
Chamrajnagar,Gundlupet APMC,Tomato,3500,1.9,2026-04-28
Chikmagalur,Chikkamagalore APMC,Tomato,2667,5,2026-04-28
Chikmagalur,Kadur APMC,Tomato,1785,2.8,2026-04-28
Davangere,Davangere APMC,Tomato,1600,4,2026-04-28
Haveri,Ranebennur APMC,Tomato,2500,0.4,2026-04-28
Kalburgi,Kalburgi APMC,Tomato,750,5,2026-04-28
Kolar,Bangarpet APMC,Tomato,1300,2.5,2026-04-28
Kolar,Bhagepalli APMC,Tomato,3231,22.8,2026-04-28
Kolar,Chickkaballapura APMC,Tomato,1885,21.4,2026-04-28
Kolar,Chintamani APMC,Tomato,1400,38.2,2026-04-28
Kolar,Kolar APMC,Tomato,2000,705,2026-04-28
Kolar,Mulabagilu APMC,Tomato,1666,258.7,2026-04-28
Kolar,Srinivasapur APMC,Tomato,1600,34.3,2026-04-28
Mandya,K.R. Pet APMC,Tomato,3000,0.3,2026-04-28
Mysore,Mysore (Bandipalya) APMC,Tomato,3400,16.8,2026-04-28
Mysore,Nanjangud APMC,Tomato,3703,25,2026-04-28
Shimoga,Shimoga APMC,Tomato,2200,40,2026-04-28
Tumkur,Tumkur APMC,Tomato,3100,8,2026-04-28
Bagalkot,Bagalakot APMC,Onion,800,206.7,2026-04-28
Bangalore,Bangalore APMC,Onion,400,463.2,2026-04-28
Bangalore,Bangalore APMC,Onion,800,694.9,2026-04-28
Bangalore,Bangalore APMC,Onion,1100,694.9,2026-04-28
Bangalore,Bangalore APMC,Onion,1000,463.2,2026-04-28
Bangalore,Doddaballa Pur APMC,Onion,1700,2,2026-04-28
Belgaum,Belgaum APMC,Onion,1300,127.9,2026-04-28
Chikmagalur,Chikkamagalore APMC,Onion,1515,4.4,2026-04-28
Chikmagalur,Kadur APMC,Onion,1665,1,2026-04-28
Davangere,Davangere APMC,Onion,1000,175,2026-04-28
Dharwad,Hubli (Amaragol) APMC,Onion,1700,215,2026-04-28
Hassan,Hassan APMC,Onion,1041,132.1,2026-04-28
Kolar,Bangarpet APMC,Onion,1500,0.8,2026-04-28
Kolar,Chickkaballapura APMC,Onion,1550,4.5,2026-04-28
Mysore,Mysore (Bandipalya) APMC,Onion,850,61.8,2026-04-28
Shimoga,Shimoga APMC,Onion,1500,5,2026-04-28
Tumkur,Tumkur APMC,Onion,1650,10,2026-04-28
Udupi,Udupi APMC,Onion,1400,14.2,2026-04-28
Bangalore,Bangalore APMC,Potato,1400,459.7,2026-04-28
Bangalore,Bangalore APMC,Potato,1600,689.5,2026-04-28
Bangalore,Doddaballa Pur APMC,Potato,1800,1.5,2026-04-28
Belgaum,Belgaum APMC,Potato,1500,76.8,2026-04-28
Chikmagalur,Chikkamagalore APMC,Potato,1508,22.1,2026-04-28
Davangere,Davangere APMC,Potato,1200,4,2026-04-28
Dharwad,Hubli (Amaragol) APMC,Potato,1500,148,2026-04-28
Hassan,Hassan APMC,Potato,760,240,2026-04-28
Kalburgi,Kalburgi APMC,Potato,1000,20,2026-04-28
Kolar,Bangarpet APMC,Potato,1500,0.5,2026-04-28
Kolar,Chickkaballapura APMC,Potato,1100,12.5,2026-04-28
Shimoga,Shimoga APMC,Potato,2000,2,2026-04-28
Udupi,Udupi APMC,Potato,1300,5.4,2026-04-28
Bangalore,"Binny Mill (F&V), Bangalore APMC",Tomato,2800,37.5,2026-04-29
Bangalore,Channapatana APMC,Tomato,3500,1.8,2026-04-29
Bangalore,Doddaballa Pur APMC,Tomato,2000,1.4,2026-04-29
Bangalore,Kanakapura APMC,Tomato,4000,0.5,2026-04-29
Bangalore,Ramanagara APMC,Tomato,4000,4.4,2026-04-29
Chamrajnagar,Chamaraj Nagar APMC,Tomato,2800,5,2026-04-29
Chamrajnagar,Gundlupet APMC,Tomato,3500,1.4,2026-04-29
Chikmagalur,Chikkamagalore APMC,Tomato,3010,7.2,2026-04-29
Chikmagalur,Kadur APMC,Tomato,1785,2.8,2026-04-29
Davangere,Davangere APMC,Tomato,1700,3,2026-04-29
Hassan,Belur APMC,Tomato,2500,1.3,2026-04-29
Hassan,Hassan APMC,Tomato,3500,4.3,2026-04-29
Haveri,Ranebennur APMC,Tomato,2500,0.4,2026-04-29
Kalburgi,Kalburgi APMC,Tomato,2500,8,2026-04-29
Kolar,Bangarpet APMC,Tomato,1500,3.2,2026-04-29
Kolar,Bhagepalli APMC,Tomato,3000,22,2026-04-29
Kolar,Chickkaballapura APMC,Tomato,1880,19,2026-04-29
Kolar,Chintamani APMC,Tomato,1400,41.8,2026-04-29
Kolar,Gowribidanoor APMC,Tomato,3000,1,2026-04-29
Kolar,Kolar APMC,Tomato,1860,620.3,2026-04-29
Kolar,Mulabagilu APMC,Tomato,1200,260.2,2026-04-29
Kolar,Srinivasapur APMC,Tomato,1533,39.5,2026-04-29
Mandya,Nagamangala APMC,Tomato,3300,1.5,2026-04-29
Mysore,Mysore (Bandipalya) APMC,Tomato,3400,12.7,2026-04-29
Mysore,Nanjangud APMC,Tomato,3703,30,2026-04-29
Shimoga,Shimoga APMC,Tomato,2200,27.5,2026-04-29
Tumkur,Tumkur APMC,Tomato,3200,6,2026-04-29
Bangalore,Bangalore APMC,Onion,500,434.6,2026-04-29
Bangalore,Bangalore APMC,Onion,1200,652,2026-04-29
Bangalore,Bangalore APMC,Onion,1500,652,2026-04-29
Bangalore,Bangalore APMC,Onion,1400,434.7,2026-04-29
Bangalore,Doddaballa Pur APMC,Onion,1700,1.2,2026-04-29
Bangalore,Ramanagara APMC,Onion,1200,57.8,2026-04-29
Belgaum,Belgaum APMC,Onion,1300,749.3,2026-04-29
Bellary,Hospet APMC,Onion,3000,1,2026-04-29
Chikmagalur,Chikkamagalore APMC,Onion,1533,8.7,2026-04-29
Chikmagalur,Kadur APMC,Onion,1665,1,2026-04-29
Davangere,Davangere APMC,Onion,1050,140,2026-04-29
Dharwad,Hubli (Amaragol) APMC,Onion,1800,274,2026-04-29
Hassan,Arasikere APMC,Onion,400,12.5,2026-04-29
Hassan,Belur APMC,Onion,1400,7,2026-04-29
Hassan,Hassan APMC,Onion,1000,459.1,2026-04-29
Haveri,Ranebennur APMC,Onion,900,36.1,2026-04-29
Kalburgi,Kalburgi APMC,Onion,600,90.5,2026-04-29
Kolar,Bangarpet APMC,Onion,1500,0.9,2026-04-29
Kolar,Chickkaballapura APMC,Onion,1500,9,2026-04-29
Kolar,Gowribidanoor APMC,Onion,1500,0.4,2026-04-29
Shimoga,Shimoga APMC,Onion,1500,5,2026-04-29
Udupi,Udupi APMC,Onion,1500,38.9,2026-04-29
Bangalore,Bangalore APMC,Potato,1400,408.5,2026-04-29
Bangalore,Bangalore APMC,Potato,1600,612.9,2026-04-29
Bangalore,Doddaballa Pur APMC,Potato,1850,1.4,2026-04-29
Bangalore,Ramanagara APMC,Potato,2100,23.1,2026-04-29
Belgaum,Belgaum APMC,Potato,800,300.8,2026-04-29
Bellary,Hospet APMC,Potato,1300,5.5,2026-04-29
Chikmagalur,Chikkamagalore APMC,Potato,1626,4.1,2026-04-29
Davangere,Davangere APMC,Potato,1300,3,2026-04-29
Dharwad,Hubli (Amaragol) APMC,Potato,1500,236,2026-04-29
Hassan,Belur APMC,Potato,1500,2.2,2026-04-29
Hassan,Hassan APMC,Potato,975,201.8,2026-04-29
Kalburgi,Kalburgi APMC,Potato,1100,15,2026-04-29
Kolar,Bangarpet APMC,Potato,1000,1.7,2026-04-29
Kolar,Bhagepalli APMC,Potato,1400,0.2,2026-04-29
Kolar,Chickkaballapura APMC,Potato,1200,15,2026-04-29
Kolar,Gowribidanoor APMC,Potato,2000,0.4,2026-04-29
Kolar,Kolar APMC,Potato,1200,3,2026-04-29
Shimoga,Shimoga APMC,Potato,2000,2,2026-04-29
Udupi,Udupi APMC,Potato,1300,42.6,2026-04-29
Bangalore,"Binny Mill (F&V), Bangalore APMC",Tomato,2400,35.6,2026-04-30
Bangalore,Channapatana APMC,Tomato,3500,2,2026-04-30
Bangalore,Doddaballa Pur APMC,Tomato,2000,1.4,2026-04-30
Bangalore,Kanakapura APMC,Tomato,3500,0.6,2026-04-30
Bangalore,Ramanagara APMC,Tomato,3500,6,2026-04-30
Chamrajnagar,Chamaraj Nagar APMC,Tomato,2400,5,2026-04-30
Chamrajnagar,Gundlupet APMC,Tomato,3500,3.3,2026-04-30
Chikmagalur,Chikkamagalore APMC,Tomato,2976,2.8,2026-04-30
Chikmagalur,Kadur APMC,Tomato,1785,2.8,2026-04-30
Davangere,Davangere APMC,Tomato,1850,3.5,2026-04-30
Hassan,Belur APMC,Tomato,3000,0.4,2026-04-30
Haveri,Ranebennur APMC,Tomato,2500,0.4,2026-04-30
Kalburgi,Kalburgi APMC,Tomato,2500,7,2026-04-30
Kolar,Bangarpet APMC,Tomato,1500,3.5,2026-04-30
Kolar,Bhagepalli APMC,Tomato,2923,22.2,2026-04-30
Kolar,Chintamani APMC,Tomato,1660,42.5,2026-04-30
Kolar,Gowribidanoor APMC,Tomato,3000,1,2026-04-30
Kolar,Kolar APMC,Tomato,2000,690,2026-04-30
Kolar,Mulabagilu APMC,Tomato,1200,297.7,2026-04-30
Kolar,Srinivasapur APMC,Tomato,2000,45.7,2026-04-30
Mysore,Mysore (Bandipalya) APMC,Tomato,3500,12.7,2026-04-30
Mysore,Nanjangud APMC,Tomato,3030,5,2026-04-30
Shimoga,Shimoga APMC,Tomato,2200,40,2026-04-30
Bangalore,Bangalore APMC,Onion,500,522,2026-04-30
Bangalore,Bangalore APMC,Onion,1200,782.9,2026-04-30
Bangalore,Bangalore APMC,Onion,1500,782.9,2026-04-30
Bangalore,Bangalore APMC,Onion,1400,522,2026-04-30
Bangalore,Doddaballa Pur APMC,Onion,1700,2,2026-04-30
Belgaum,Belgaum APMC,Onion,1300,11,2026-04-30
Bijapur,Bijapur APMC,Onion,500,708.3,2026-04-30
Chikmagalur,Chikkamagalore APMC,Onion,1550,4.3,2026-04-30
Chikmagalur,Kadur APMC,Onion,1665,1,2026-04-30
Davangere,Davangere APMC,Onion,1000,135,2026-04-30
Kolar,Bangarpet APMC,Onion,1500,3.7,2026-04-30
Kolar,Gowribidanoor APMC,Onion,1500,0.4,2026-04-30
Shimoga,Shimoga APMC,Onion,1500,7.5,2026-04-30
Tumkur,Tumkur APMC,Onion,1400,6,2026-04-30
Udupi,Udupi APMC,Onion,1500,8.8,2026-04-30
Bangalore,Bangalore APMC,Potato,1400,368.3,2026-04-30
Bangalore,Bangalore APMC,Potato,1600,552.4,2026-04-30
Bangalore,Doddaballa Pur APMC,Potato,2000,1.5,2026-04-30
Belgaum,Belgaum APMC,Potato,800,60.2,2026-04-30
Chikmagalur,Chikkamagalore APMC,Potato,1667,5,2026-04-30
Davangere,Davangere APMC,Potato,1200,3.5,2026-04-30
Hassan,Hassan APMC,Potato,660,87,2026-04-30
Kalburgi,Kalburgi APMC,Potato,1100,20,2026-04-30
Kolar,Bangarpet APMC,Potato,1200,2.5,2026-04-30
Kolar,Gowribidanoor APMC,Potato,2000,0.3,2026-04-30
Kolar,Kolar APMC,Potato,1300,3,2026-04-30
Mangalore(Dakshin Kannad),Mangalore APMC,Potato,2200,5,2026-04-30
Mysore,Nanjangud APMC,Potato,3333,4,2026-04-30
Shimoga,Shimoga APMC,Potato,2000,2,2026-04-30
Tumkur,Tumkur APMC,Potato,2100,3,2026-04-30
Udupi,Udupi APMC,Potato,1300,6.5,2026-04-30
Bangalore,Channapatana APMC,Tomato,3500,1.8,2026-05-01
Bangalore,Ramanagara APMC,Tomato,3600,4.8,2026-05-01
Haveri,Ranebennur APMC,Tomato,2000,0.4,2026-05-01
Kolar,Bangarpet APMC,Tomato,2300,0.8,2026-05-01
Kolar,Bhagepalli APMC,Tomato,3231,25.4,2026-05-01
Kolar,Chintamani APMC,Tomato,1400,38.2,2026-05-01
Kolar,Gowribidanoor APMC,Tomato,3500,1,2026-05-01
Kolar,Kolar APMC,Tomato,1860,573,2026-05-01
Kolar,Mulabagilu APMC,Tomato,1200,297.9,2026-05-01
Kolar,Srinivasapur APMC,Tomato,1533,64.5,2026-05-01
Mysore,Mysore (Bandipalya) APMC,Tomato,3200,19.7,2026-05-01
Shimoga,Shimoga APMC,Tomato,2000,50,2026-05-01
Kolar,Bangarpet APMC,Onion,1700,2.1,2026-05-01
Kolar,Gowribidanoor APMC,Onion,1500,0.4,2026-05-01
Shimoga,Shimoga APMC,Onion,1500,5,2026-05-01
Kolar,Bangarpet APMC,Potato,1300,2,2026-05-01
Kolar,Bhagepalli APMC,Potato,800,0.2,2026-05-01
Kolar,Gowribidanoor APMC,Potato,2000,0.3,2026-05-01
Kolar,Kolar APMC,Potato,1600,2.5,2026-05-01
Shimoga,Shimoga APMC,Potato,2000,2,2026-05-01
Bangalore,"Binny Mill (F&V), Bangalore APMC",Tomato,3000,36.2,2026-05-02
Bangalore,Channapatana APMC,Tomato,3500,1.8,2026-05-02
Bangalore,Kanakapura APMC,Tomato,3600,0.7,2026-05-02
Bangalore,Ramanagara APMC,Tomato,3600,6.4,2026-05-02
Chamrajnagar,Chamaraj Nagar APMC,Tomato,2600,5,2026-05-02
Chamrajnagar,Gundlupet APMC,Tomato,3600,1.8,2026-05-02
Chikmagalur,Chikkamagalore APMC,Tomato,3117,12.3,2026-05-02
Chikmagalur,Kadur APMC,Tomato,2083,5.5,2026-05-02
Davangere,Davangere APMC,Tomato,1700,3,2026-05-02
Hassan,Channarayapatna APMC,Tomato,3000,5.6,2026-05-02
Haveri,Ranebennur APMC,Tomato,2000,0.3,2026-05-02
Kalburgi,Kalburgi APMC,Tomato,2500,7,2026-05-02
Kolar,Bhagepalli APMC,Tomato,3000,22.8,2026-05-02
Kolar,Chickkaballapura APMC,Tomato,1800,18.9,2026-05-02
Kolar,Chintamani APMC,Tomato,1333,51,2026-05-02
Kolar,Gowribidanoor APMC,Tomato,3500,1.2,2026-05-02
Kolar,Kolar APMC,Tomato,1660,690,2026-05-02
Kolar,Mulabagilu APMC,Tomato,1066,307.2,2026-05-02
Kolar,Srinivasapur APMC,Tomato,2000,39.5,2026-05-02
Mysore,Nanjangud APMC,Tomato,4166,6.5,2026-05-02
Bagalkot,Bagalakot APMC,Onion,800,124.4,2026-05-02
Bangalore,Bangalore APMC,Onion,500,869.2,2026-05-02
Bangalore,Bangalore APMC,Onion,1200,1303.9,2026-05-02
Bangalore,Bangalore APMC,Onion,1500,1303.9,2026-05-02
Bangalore,Bangalore APMC,Onion,1400,869.2,2026-05-02
Bangalore,Doddaballa Pur APMC,Onion,1700,2,2026-05-02
Belgaum,Belgaum APMC,Onion,1300,623.5,2026-05-02
Bellary,Hospet APMC,Onion,2000,12,2026-05-02
Chikmagalur,Chikkamagalore APMC,Onion,1515,23.1,2026-05-02
Chikmagalur,Kadur APMC,Onion,1665,2,2026-05-02
Davangere,Davangere APMC,Onion,1050,150,2026-05-02
Hassan,Channarayapatna APMC,Onion,3000,7.8,2026-05-02
Kolar,Bangarpet APMC,Onion,1700,1.1,2026-05-02
Kolar,Chickkaballapura APMC,Onion,1800,11,2026-05-02
Kolar,Gowribidanoor APMC,Onion,1500,0.4,2026-05-02
Mysore,Mysore (Bandipalya) APMC,Onion,1250,44.9,2026-05-02
Udupi,Udupi APMC,Onion,1500,28.3,2026-05-02
Bangalore,Bangalore APMC,Potato,1400,715.1,2026-05-02
Bangalore,Bangalore APMC,Potato,1600,1072.7,2026-05-02
Bangalore,Doddaballa Pur APMC,Potato,2000,1.4,2026-05-02
Belgaum,Belgaum APMC,Potato,1000,254.5,2026-05-02
Bellary,Hospet APMC,Potato,1900,8.5,2026-05-02
Chikmagalur,Chikkamagalore APMC,Potato,1682,21.8,2026-05-02
Davangere,Davangere APMC,Potato,1400,3,2026-05-02
Hassan,Channarayapatna APMC,Potato,3500,2,2026-05-02
Hassan,Hassan APMC,Potato,760,11.5,2026-05-02
Kalburgi,Kalburgi APMC,Potato,1100,20,2026-05-02
Kolar,Bangarpet APMC,Potato,1300,1.1,2026-05-02
Kolar,Chickkaballapura APMC,Potato,1200,20,2026-05-02
Kolar,Gowribidanoor APMC,Potato,2000,0.3,2026-05-02
Mysore,Mysore (Bandipalya) APMC,Potato,1250,54.4,2026-05-02
Mysore,Nanjangud APMC,Potato,4166,5,2026-05-02
Udupi,Udupi APMC,Potato,1300,20.6,2026-05-02
Bangalore,Ramanagara APMC,Tomato,3600,4.4,2026-05-03
Haveri,Ranebennur APMC,Tomato,2000,0.3,2026-05-03
Kolar,Bhagepalli APMC,Tomato,2923,17.4,2026-05-03
Kolar,Chickkaballapura APMC,Tomato,1800,25.7,2026-05-03
Kolar,Chintamani APMC,Tomato,1466,52.5,2026-05-03
Kolar,Gowribidanoor APMC,Tomato,3000,1,2026-05-03
Kolar,Kolar APMC,Tomato,1800,680.6,2026-05-03
Kolar,Mulabagilu APMC,Tomato,1333,330.2,2026-05-03
Kolar,Srinivasapur APMC,Tomato,1466,68.7,2026-05-03
Mysore,Mysore (Bandipalya) APMC,Tomato,1500,19.8,2026-05-03
Kolar,Chickkaballapura APMC,Onion,1800,3.5,2026-05-03
Kolar,Gowribidanoor APMC,Onion,1500,0.4,2026-05-03
Kolar,Bhagepalli APMC,Potato,2000,4,2026-05-03
Kolar,Chickkaballapura APMC,Potato,1200,20,2026-05-03
Kolar,Gowribidanoor APMC,Potato,2000,0.3,2026-05-03
Kolar,Kolar APMC,Potato,1300,3.5,2026-05-03
Bangalore,"Binny Mill (F&V), Bangalore APMC",Tomato,3000,37.1,2026-05-04
Bangalore,Channapatana APMC,Tomato,3500,1.7,2026-05-04
Bangalore,Doddaballa Pur APMC,Tomato,3200,1.4,2026-05-04
Bangalore,Kanakapura APMC,Tomato,3600,0.6,2026-05-04
Bangalore,Ramanagara APMC,Tomato,4000,6,2026-05-04
Bellary,Hospet APMC,Tomato,1500,3,2026-05-04
Chamrajnagar,Chamaraj Nagar APMC,Tomato,2500,4.5,2026-05-04
Chamrajnagar,Gundlupet APMC,Tomato,3300,5,2026-05-04
Chikmagalur,Chikkamagalore APMC,Tomato,3187,6.8,2026-05-04
Chikmagalur,Kadur APMC,Tomato,2378,1.9,2026-05-04
Hassan,Arasikere APMC,Tomato,4000,2.5,2026-05-04
Hassan,Belur APMC,Tomato,2500,1.3,2026-05-04
Haveri,Ranebennur APMC,Tomato,2800,0.3,2026-05-04
Kalburgi,Kalburgi APMC,Tomato,3000,8,2026-05-04
Kolar,Bangarpet APMC,Tomato,1500,3.5,2026-05-04
Kolar,Bhagepalli APMC,Tomato,2923,17.4,2026-05-04
Kolar,Chintamani APMC,Tomato,1466,51.5,2026-05-04
Kolar,Gowribidanoor APMC,Tomato,2500,1.2,2026-05-04
Kolar,Kolar APMC,Tomato,2000,705,2026-05-04
Kolar,Mulabagilu APMC,Tomato,1333,315,2026-05-04
Kolar,Srinivasapur APMC,Tomato,2000,51.2,2026-05-04
Mandya,Nagamangala APMC,Tomato,3500,0.9,2026-05-04
Mysore,Mysore (Bandipalya) APMC,Tomato,3400,13.8,2026-05-04
Mysore,Nanjangud APMC,Tomato,3703,6.1,2026-05-04
Shimoga,Shimoga APMC,Tomato,2000,80,2026-05-04
Bangalore,Bangalore APMC,Onion,500,839.3,2026-05-04
Bangalore,Bangalore APMC,Onion,1200,1259,2026-05-04
Bangalore,Bangalore APMC,Onion,1500,1259,2026-05-04
Bangalore,Bangalore APMC,Onion,1400,839.3,2026-05-04
Bangalore,Doddaballa Pur APMC,Onion,2000,1.8,2026-05-04
Belgaum,Belgaum APMC,Onion,1300,171.2,2026-05-04
Bellary,Hospet APMC,Onion,3200,3,2026-05-04
Bijapur,Bijapur APMC,Onion,500,769.9,2026-05-04
Chikmagalur,Chikkamagalore APMC,Onion,1570,13.8,2026-05-04
Chikmagalur,Kadur APMC,Onion,1542,14,2026-05-04
Davangere,Davangere APMC,Onion,1000,160,2026-05-04
Kolar,Bangarpet APMC,Onion,1500,2.5,2026-05-04
Kolar,Chickkaballapura APMC,Onion,1800,3,2026-05-04
Kolar,Gowribidanoor APMC,Onion,1500,0.5,2026-05-04
Shimoga,Shimoga APMC,Onion,1700,10,2026-05-04
Tumkur,Tumkur APMC,Onion,1450,8,2026-05-04
Udupi,Udupi APMC,Onion,1500,25.8,2026-05-04
Bangalore,Bangalore APMC,Potato,1400,596.3,2026-05-04
Bangalore,Bangalore APMC,Potato,1600,894.4,2026-05-04
Bangalore,Doddaballa Pur APMC,Potato,2200,1.4,2026-05-04
Belgaum,Belgaum APMC,Potato,1000,33.7,2026-05-04
Chikmagalur,Chikkamagalore APMC,Potato,1685,18.8,2026-05-04
Hassan,Arasikere APMC,Potato,2000,7,2026-05-04
Hassan,Belur APMC,Potato,1400,2.4,2026-05-04
Kalburgi,Kalburgi APMC,Potato,1000,20,2026-05-04
Kolar,Bangarpet APMC,Potato,1000,2.5,2026-05-04
Kolar,Chickkaballapura APMC,Potato,1300,13,2026-05-04
Kolar,Gowribidanoor APMC,Potato,2000,0.4,2026-05-04
Mysore,Mysore (Bandipalya) APMC,Potato,1250,25.5,2026-05-04
Mysore,Nanjangud APMC,Potato,3700,6.1,2026-05-04
Shimoga,Shimoga APMC,Potato,2000,4,2026-05-04
Udupi,Udupi APMC,Potato,1300,3.4,2026-05-04
Bangalore,"Binny Mill (F&V), Bangalore APMC",Tomato,3300,37.9,2026-05-05
Bangalore,Channapatana APMC,Tomato,3500,1.8,2026-05-05
Bangalore,Doddaballa Pur APMC,Tomato,3500,0.4,2026-05-05
Bangalore,Kanakapura APMC,Tomato,4000,0.5,2026-05-05
Bangalore,Ramanagara APMC,Tomato,4000,4.4,2026-05-05
Chamrajnagar,Chamaraj Nagar APMC,Tomato,2700,4,2026-05-05
Chamrajnagar,Gundlupet APMC,Tomato,3400,3.8,2026-05-05
Chikmagalur,Chikkamagalore APMC,Tomato,3217,5.7,2026-05-05
Chikmagalur,Kadur APMC,Tomato,2775,0.6,2026-05-05
Davangere,Davangere APMC,Tomato,1800,4,2026-05-05
Haveri,Ranebennur APMC,Tomato,2000,0.3,2026-05-05
Kolar,Bangarpet APMC,Tomato,1500,0.7,2026-05-05
Kolar,Bhagepalli APMC,Tomato,2308,21.5,2026-05-05
Kolar,Chintamani APMC,Tomato,1333,51,2026-05-05
Kolar,Kolar APMC,Tomato,2000,660.2,2026-05-05
Kolar,Mulabagilu APMC,Tomato,1200,342,2026-05-05
Kolar,Srinivasapur APMC,Tomato,1866,66.3,2026-05-05
Mandya,K.R. Pet APMC,Tomato,3000,0.4,2026-05-05
Mysore,Mysore (Bandipalya) APMC,Tomato,3600,18.7,2026-05-05
Mysore,Nanjangud APMC,Tomato,4166,5.5,2026-05-05
Shimoga,Shimoga APMC,Tomato,2000,40,2026-05-05
Bagalkot,Bagalakot APMC,Onion,850,197.9,2026-05-05
Bangalore,Bangalore APMC,Onion,400,799.2,2026-05-05
Bangalore,Bangalore APMC,Onion,800,799.2,2026-05-05
Bangalore,Bangalore APMC,Onion,1200,799.2,2026-05-05
Bangalore,Bangalore APMC,Onion,1000,266.5,2026-05-05
Bangalore,Doddaballa Pur APMC,Onion,2000,1.5,2026-05-05
Belgaum,Belgaum APMC,Onion,1300,142,2026-05-05
Bellary,Hospet APMC,Onion,1300,9.5,2026-05-05
Chikmagalur,Chikkamagalore APMC,Onion,1515,2.2,2026-05-05
Chikmagalur,Kadur APMC,Onion,1665,1.5,2026-05-05
Davangere,Davangere APMC,Onion,1000,170,2026-05-05
Kolar,Bangarpet APMC,Onion,2000,0.9,2026-05-05
Kolar,Chickkaballapura APMC,Onion,1700,4.5,2026-05-05
Mandya,K.R. Pet APMC,Onion,1000,9,2026-05-05
Shimoga,Shimoga APMC,Onion,1700,5,2026-05-05
Udupi,Udupi APMC,Onion,1500,13.3,2026-05-05
Bangalore,Bangalore APMC,Potato,1300,190,2026-05-05
Bangalore,Bangalore APMC,Potato,1500,759.7,2026-05-05
Bangalore,Doddaballa Pur APMC,Potato,2100,1.2,2026-05-05
Belgaum,Belgaum APMC,Potato,1000,123.6,2026-05-05
Bellary,Hospet APMC,Potato,1200,8.5,2026-05-05
Chikmagalur,Chikkamagalore APMC,Potato,1688,7.9,2026-05-05
Davangere,Davangere APMC,Potato,1550,4,2026-05-05
Kolar,Bangarpet APMC,Potato,1300,2.2,2026-05-05
Kolar,Chickkaballapura APMC,Potato,1000,15,2026-05-05
Kolar,Kolar APMC,Potato,1300,3,2026-05-05
Mysore,Nanjangud APMC,Potato,4166,6.1,2026-05-05
Shimoga,Shimoga APMC,Potato,2000,1.2,2026-05-05
Udupi,Udupi APMC,Potato,1300,6.4,2026-05-05
Bangalore,"Binny Mill (F&V), Bangalore APMC",Tomato,3500,34.7,2026-05-06
Bangalore,Channapatana APMC,Tomato,3500,1.8,2026-05-06
Bangalore,Kanakapura APMC,Tomato,3500,0.5,2026-05-06
Bangalore,Ramanagara APMC,Tomato,3600,4.8,2026-05-06
Bellary,Hospet APMC,Tomato,1500,9.5,2026-05-06
Chamrajnagar,Chamaraj Nagar APMC,Tomato,2500,4.5,2026-05-06
Chamrajnagar,Gundlupet APMC,Tomato,3600,2.3,2026-05-06
Chikmagalur,Chikkamagalore APMC,Tomato,3234,6.7,2026-05-06
Chikmagalur,Kadur APMC,Tomato,2083,2.4,2026-05-06
Davangere,Davangere APMC,Tomato,1680,3,2026-05-06
Hassan,Belur APMC,Tomato,3000,2.3,2026-05-06
Haveri,Ranebennur APMC,Tomato,2500,0.3,2026-05-06
Kalburgi,Kalburgi APMC,Tomato,2500,8.5,2026-05-06
Kolar,Bangarpet APMC,Tomato,2000,5.2,2026-05-06
Kolar,Chintamani APMC,Tomato,1333,53,2026-05-06
Kolar,Gowribidanoor APMC,Tomato,3000,1,2026-05-06
Kolar,Kolar APMC,Tomato,1860,795,2026-05-06
Kolar,Mulabagilu APMC,Tomato,1333,352.8,2026-05-06
Mysore,Nanjangud APMC,Tomato,3700,4,2026-05-06
Shimoga,Shimoga APMC,Tomato,2000,40,2026-05-06
Bangalore,Bangalore APMC,Onion,400,697.2,2026-05-06
Bangalore,Bangalore APMC,Onion,800,697.2,2026-05-06
Bangalore,Bangalore APMC,Onion,1200,697.2,2026-05-06
Bangalore,Bangalore APMC,Onion,1000,232.3,2026-05-06
Bangalore,Ramanagara APMC,Onion,1400,60,2026-05-06
Belgaum,Belgaum APMC,Onion,1200,949.5,2026-05-06
Bellary,Hospet APMC,Onion,1700,19.5,2026-05-06
Chikmagalur,Chikkamagalore APMC,Onion,1606,8.3,2026-05-06
Chikmagalur,Kadur APMC,Onion,1513,2.1,2026-05-06
Davangere,Davangere APMC,Onion,1000,150,2026-05-06
Hassan,Belur APMC,Onion,1500,4.6,2026-05-06
Kalburgi,Kalburgi APMC,Onion,700,93.2,2026-05-06
Kolar,Bangarpet APMC,Onion,1500,0.8,2026-05-06
Kolar,Gowribidanoor APMC,Onion,1500,0.6,2026-05-06
Mandya,K.R. Pet APMC,Onion,1000,4.5,2026-05-06
Shimoga,Shimoga APMC,Onion,1750,5,2026-05-06
Udupi,Udupi APMC,Onion,1500,58.7,2026-05-06
Bangalore,Bangalore APMC,Potato,1300,213,2026-05-06
Bangalore,Bangalore APMC,Potato,1500,851.7,2026-05-06
Bangalore,Ramanagara APMC,Potato,1800,16,2026-05-06
Belgaum,Belgaum APMC,Potato,1000,193.8,2026-05-06
Bellary,Hospet APMC,Potato,1800,17,2026-05-06
Chikmagalur,Chikkamagalore APMC,Potato,1691,13.8,2026-05-06
Davangere,Davangere APMC,Potato,2200,3,2026-05-06
Hassan,Belur APMC,Potato,1400,2.4,2026-05-06
Kalburgi,Kalburgi APMC,Potato,1000,40,2026-05-06
Kolar,Bangarpet APMC,Potato,700,0.4,2026-05-06
Kolar,Gowribidanoor APMC,Potato,2200,0.4,2026-05-06
Mysore,Nanjangud APMC,Potato,4000,4.6,2026-05-06
Udupi,Udupi APMC,Potato,1400,39,2026-05-06
Bangalore,Kanakapura APMC,Tomato,3500,0.6,2026-05-07
Bangalore,Ramanagara APMC,Tomato,3500,4.5,2026-05-07
Chamrajnagar,Chamaraj Nagar APMC,Tomato,2600,4,2026-05-07
Chamrajnagar,Gundlupet APMC,Tomato,3600,3.2,2026-05-07
Kolar,Bangarpet APMC,Tomato,1500,5,2026-05-07
Shimoga,Shimoga APMC,Tomato,2200,40,2026-05-07
Kolar,Bangarpet APMC,Onion,1500,53.4,2026-05-07
Shimoga,Shimoga APMC,Onion,1750,5,2026-05-07
Udupi,Udupi APMC,Onion,1500,2.8,2026-05-07
Kolar,Bangarpet APMC,Potato,1200,2.2,2026-05-07
Udupi,Udupi APMC,Potato,1400,3.5,2026-05-07
